SHIV JI 						
						
MANTRA 						
			LINK	Kab Sunte Hain		
	पंचाक्षरी मन्त्र	ॐ नमः शिवाय	https://youtu.be/bc1obsjb58c?si=oQIb1G1Fx1wOJ8Gw	ॐ नमः शिवाय' मंत्र का जाप सुबह स्नान के बाद (विशेषकर सूर्योदय के समय) या सूर्यास्त के समय करना सबसे उत्तम माना जाता है। सोमवार के दिन इस मंत्र का जाप विशेष फलदायी होता है, लेकिन पवित्रता और श्रद्धा के साथ इसे किसी भी समय किया जा सकता है।		
	महामृत्युंजय मंत्र	ॐ त्र्यम्बकं यजामहे सुगन्धिं पुष्टिवर्धनम्। उर्वारुकमिव बन्धनान्मृत्योर्मुक्षीय माऽमृतात्॥	https://youtu.be/OV9LXGOXjgs?si=0izGm1eYkmBS0343	महामृत्युंजय मंत्र (Om Tryambakam Yajamahe) को ब्रह्ममुहूर्त (सुबह 4 से 6 बजे) सुनना या जाप करना सबसे उत्तम माना जाता है। इसे सोमवार के दिन, शिवरात्रि पर, या बीमारी, भय और मानसिक अशांति के समय कभी भी सुना जा सकता है। यह मंत्र जीवन, स्वास्थ्य और सकारात्मक ऊर्जा प्रदान करने के लिए अत्यंत शक्तिशाली है। 		
	रुद्र मंत्र	ॐ नमो भगवते रुद्राय॥	https://youtu.be/iEAPaA9Yf1s?si=lGmdeqXsCqtQQzx1	शिव रुद्र मंत्र (Rudra Mantra) या श्री रुद्रम का श्रवण (सुनना) अत्यंत फलदायी माना जाता है। इसे विशेष रूप से प्रदोष काल (सूर्यास्त के समय) में सुनना सबसे उत्तम है।		
	शिव गायत्री मंत्र	ॐ तत्पुरुषाय विद्महे महादेवाय धीमहि। तन्नो रुद्रः प्रचोदयात॥	https://youtu.be/ytV08faCJwg?si=eXY_cZGO-FsueNS1	शिव गायत्री मंत्र (ॐ तत्पुरुषाय विद्महे महादेवाय धीमहि तन्नो रुद्रः प्रचोदयात्) का श्रवण और जाप करना अत्यंत कल्याणकारी माना जाता है। इसे सुनने का सबसे उत्तम समय सुबह और शाम माना जाता है, जो सुबह की शांति और सकारात्मक ऊर्जा के साथ दिन की शुरुआत करने या शाम को दिन भर की थकान और नकारात्मकता को दूर करने के लिए होता है। 		
	शिव स्तुति मंत्र	ॐ साम्ब सदा शिवाय नमः	https://youtu.be/Ly_Md1OOyTE?si=nCT-_G7dkRiPuF7QQ	सोमवार , प्रदोष काल , सुबह और शाम , सावन का महीना , शिवरात्रि और महाशिवरात्रि , सोम प्रदोष व्रत: , पूजा के अंत में: , मन की शांति के लिए 		
						
STOTRAM						
	शिव तांडव स्तोत्रम (संक्षिप्त अंश - रावण रचित) [1]	जटाटवीगलज्जल प्रवाहपावितस्थले,	https://youtu.be/S980-z1qx3g?si=skvwCt7XGHenuWbP	शिव तांडव स्तोत्र का पाठ सोमवार को, प्रदोष काल (सूर्यास्त के समय) या सुबह स्नान के बाद करना सबसे उत्तम माना जाता है। यह स्तोत्र भगवान शिव की उग्र ऊर्जा का प्रतीक है, इसलिए इसे आत्मविश्वास, आत्मबल बढ़ाने और आर्थिक बाधाओं को दूर करने के लिए विशेष रूप से गाया या पढ़ा जाना चाहिए	रावण रचित शिव तांडव.mp3	
		गलेऽवलम्ब्य लम्बितां भुजङ्गतुङ्गमालिकाम्।				
		डमड्डमड्डमड्डमन्निनादवड्डमर्वयं,				
		चकार चण्डताण्डवं तनोतु नः शिवः शिवम्॥१॥				
						
		विभुं व्यापकं ब्रह्मवेदस्वरूपम्॥				
		निजं निर्गुणं निर्विकल्पं निरीहम्।				
		चिदाकाशमाकाशवासं भजेऽहम्॥				
						
	शिव पंचाक्षर स्तोत्रम्:	नागेन्द्रहाराय त्रिलोचनाय	https://youtu.be/3rJ4HVA9cII?si=euKFMGNZX2c0rt5p	इसे रोज़ाना सुबह स्नान के बाद, शिव पूजा के समय, या सावन मास (Sawan Month) में कभी भी पढ़ा जा सकता है। यह स्तोत्र कालसर्प दोष को दूर करने और भगवान शिव की कृपा प्राप्त करने के लिए अत्यंत प्रभावशाली है।	शिव पंचाक्षर स्तोत्रम्_ - नागेन्द्रहाराय त्रिलोचनाय.mp3	
		भस्माङ्गरागाय महेश्वराय ।				
		नित्याय शुद्धाय दिगम्बराय				
		तस्मै नकाराय नमः शिवाय				
	शिव महिम्न स्तोत्र:	महिम्नः पारं ते परमविदुषो यद्यसदृशी	https://youtu.be/TXXioV0_9-o?si=wEaulnEEeYWdA4C5	प्रतिदिन सुबह या शाम की पूजा के समय		
		स्तुतिर्ब्रह्मादीनामपि तदवसन्नास्त्वयि गिरः				
		अथाऽवाच्यः सर्वः स्वमतिपरिणामावधि गृणन्				
		ममाप्येष स्तोत्रे हर निरपवादः परिकरः				
	वेदसार शिव स्तोत्रम्	पशूनां पतिं पापनाशं परेशं गजेन्द्रस्य कृत्तिं वसानं वरेण्यम।	https://youtu.be/3_8Z1uqPWZ0?si=2Vlmkq5w0gw_xDCZ	प्रतिदिन प्रातःकाल स्नान के बाद या सोमवार व प्रदोष व्रत के दिनों में		
		जटाजूटमध्ये स्फुरद्गाङ्गवारिं महादेवमेकं स्मरामि स्मरारिम				
						
						
						
CHALISA						
						
	शिव चालीसा	जय गिरिजा पति दीन दयाला ।	https://youtu.be/-mUoM-sSzkc?si=a3TP0d2Z_b5S-kCr	सुबह (ब्रह्म मुहूर्त: 4 से 6 बजे) या शाम (प्रदोष काल) में करना सबसे उत्तम और फलदायी माना जाता है। प्रतिदिन के अलावा, सोमवार, सावन माह, प्रदोष तिथि और शिवरात्रि पर विशेष रूप से पाठ करना चाहिए	शिव चालीसा.mp3	
		सदा करत सन्तन प्रतिपाला ॥				
						
ASHTAKAM						
	श्री रुद्राष्टकम् (संक्षिप्त अंश - तुलसीदास रचित)	नमामीशमीशान निर्वाणरूपम्।	https://youtu.be/081bLdQKX-Q?si=msq2vM1Qng2BQD9H	नमामीशमीशान' (शिव रुद्राष्टकम) का पाठ प्रतिदिन सुबह या शाम को स्नानोपरांत करना सबसे उत्तम है। विशेष रूप से सोमवार, प्रदोष व्रत, श्रावण मास, और महाशिवरात्रि पर इसका पाठ अत्यधिक कल्याणकारी और मनोकामनाएं पूरी करने वाला माना जाता है। 		
						
STUTI						
	शिव स्तुति	आशुतोष शशाँक शेखर, चन्द्र मौली चिदंबरा।	https://youtu.be/JfXPpBVPkcU?si=fMvP8aJMsyMYOHU3	सुबह (ब्रह्ममुहूर्त) या शाम की पूजा के समय किया जाता है। यह स्तुति महादेव के शांत स्वरूप की महिमा गाती है, इसलिए इसे मानसिक शांति और प्रसन्नता के लिए रोज़ या महाशिवरात्रि/सावन जैसे विशेष दिनों में सुना जा सकता है।		
		कोटि कोटि प्रणाम शम्भू, कोटि नमन दिगम्बरा				
						
AARTI						
	ॐ जय शिव ओंकारा	जय शिव ओमकारा प्रभु हर शिव ओमकारा	https://youtu.be/BhwOproElxU?si=hlOKkSda3B3Cka2O	इसे विशेष रूप से सोमवार के दिन, सावन मास में, महाशिवरात्रि पर, और दैनिक पूजा में गाया जाता है।	ॐ जय शिव ओंकारा.mp3	
		ब्रह्मा विष्णु सदाशिव ब्रह्मा विष्णु सदाशिव				
		अर्द्धांगी धारा				
		ॐ जय शिव ओमकारा				
						
SHLOKAS						
						
	ध्यान श्लोक (पूजा हेतु)	कर्पूरगौरं करुणावतारं संसारसारम् भुजगेंद्रहारम्।	https://youtu.be/HdFD5S7pdtw?si=LGbLbPv5GY_tE3Ab	कर्पूरगौरं करुणावतारं संसारसारम् भुजगेंद्रहारम्।.mp3		
		सदावसन्तं हृदयारविन्दे भवं भवानीसहितं नमामि॥				
						
BHAJAN						
	-	शिव शंकर को जिसने पूजा	https://youtu.be/w7HbgKcQS_w?si=KCJVUE_VkpIA8tKc			
	-	सुबह सुबह ले शिव का नाम	https://youtu.be/TplRlUULXz8?si=w-ebBCmQx88smeOh			
	-	हे शम्भू बाबा मेरे भोले नाथ	https://youtu.be/i6rDYxNpubk?si=Z1cSGYW4UCmuEsd6			
	-	चलो शिव शंकर के मंदिर में भक्तों	https://youtu.be/uY5YAvygOJs?si=8dBC9W82qOAvOxTd			
	-	भोले भंडारी सबके ही भंडार भरे	https://youtu.be/zfhnJkZbtB0?si=J0cNKvR_xcs-AdL7			
	-	शंकर तेरी जटा में बहती है गंगधारा	https://youtu.be/ZxAZksjaUUU?si=pFBqlNlDgtv6Qwxu	शंकर तेरी जटा में बहती है गंगधारा.mp3		
						
KATHA 						
	-	सम्पूर्ण शिव पुराण सार	https://youtu.be/d-zWzSTNOMo?si=8Gtyc3crPXZxHvXM			
	-	शिव जी का जन्म कैसे हुआ	https://youtu.be/g4iZhS7EvQc?si=tajjxxWlYauvwgSt			
	-	सम्पूर्ण गाथा नीलकंठ की	https://youtu.be/zUdp2fQJemw?si=jdzUfbtXHLEoG4OC			
	-	नंदी कैसे बने शिवजी के सवारी	https://youtu.be/2hUQyXzKgOo?si=dvtDXcOirPxrEizn			
	-	आखिर क्यों शिवपार्वती ने लिया था अर्धनारीश्वर रूप ? 	https://youtu.be/4lokTkaO9xs?si=C19AkxnlrW3NFtQ2			
	-	क्यों मिला था चंद्रमा को श्राप ? 	https://youtu.be/iEIJBAKx0wI?si=bBiJfhIDY2Psljnj			
	-	12 ज्योतिर्लिंग की कथाएँ क्या है?	https://youtu.be/My9aRwekYGk?si=jbP4Jiv89W7Ij-D7			
	-	शिव ने अपने ही पुत्र गणेश का सिर क्यों काटा?	https://youtu.be/oa1tHpermgU?si=VvSwaXWDjjjQ4FfT			
	-					
						
HANUMAN JI						
						
MANTRA						
	हनुमान बीज मंत्र	ॐ ऐं भ्रीम हनुमते श्री राम दूताय नमः	https://youtu.be/o5Uk1sxGBZU?si=aIuPQqmzIrromxMt	सुबह ब्रह्म मुहूर्त (4:00 AM - 6:00 AM) है। मंगलवार और शनिवार को यह अधिक प्रभावशाली माना जाता है। आप इसे पूजा के दौरान सुबह स्नान के बाद या रात में सोने से पहले भी शांत मन से सुन/कर सकते हैं।		
	हनुमान गायत्री मंत्र:	ॐ आञ्जनेयाय विद्महे वायुपुत्राय धीमहि।	https://youtu.be/AXDLxXIbxAs?si=LRLn7ZBIQYzSWhry	मंगलवार और शनिवार की सुबह सूर्योदय के समय		
		तन्नो हनुमत् प्रचोदयात्॥				
	मनोजवं मारुततुल्यवेगं मंत्र:	मनोजवं मारुततुल्यवेगं,	https://youtu.be/iWd6VAWduZg?si=qrMcv4ayCSmC3X_q	मंगलवार या शनिवार के दिन सुबह (ब्रह्म मुहूर्त)		
		जितेन्द्रियं बुद्धिमतां वरिष्ठम्।				
		वातात्मजं वानरयूथमुख्यं,				
		श्रीरामदूतं शरणं प्रपद्ये॥				
	रुद्रावतार हनुमान मंत्र (मूल मंत्र:)	ॐ नमो हनुमते रुद्रावताराय सर्वशत्रुसंहारणाय सर्वरोग हराय सर्ववशीकरणाय रामदूताय स्वाहा॥	https://youtu.be/BYDOl5Sm-HE?si=80FQdV8AYyPkhQOY	भय और तनाव में , शत्रु नाश और सुरक्षा के लिए , रोग मुक्ति के लिए 		
	आंजनेय मंत्र	ॐ नमो भगवते आंजनेयाय महाबलाय स्वाहा	https://youtu.be/OhF0O9nb5t8?si=FNJNYprwyEwqcGsC	 शक्ति, सुरक्षा और साहस प्राप्त करने के लिए सुना या जप किया जाता है। 		
	प्रमुख मंत्र:	नासै रोग हरै सब पीरा, जपत निरंतर हनुमत बीरा	https://youtu.be/FUpzgvsWkL8?si=XDpQmK9jpt227gC0	कष्ट, भय, शारीरिक रोग और नकारात्मक ऊर्जा से मुक्ति पाने के लिए निरंतर (नियमित) सुना या जपा जाता है।		
	रक्षा कवच मंत्र:	ॐ हं हनुमते रक्ष-रक्ष स्वाहा	https://youtu.be/_97POkIQ_kQ?si=2Nyp0GAVtCXv1eOf	सुरक्षा, शक्ति और भय से मुक्ति के लिए नित्य (रोजाना) सुना या जपा जा सकता है		
						
STOTRAM						
	श्री हनुमान वडवानल स्तोत्र	ॐ अस्य श्री हनुमान् वडवानल-स्तोत्र-मन्त्रस्य श्रीरामचन्द्र ऋषिः,				
		श्रीहनुमान् वडवानल देवता, ह्रां बीजम्, ह्रीं शक्तिं, सौं कीलकं,				
	मारुती स्तोत्र	भीमरूपी महारुद्रा, वज्रहनुमान मारुती |	https://youtu.be/V1-7O0EPaJk?si=0-xX1NUeG-kZ76qS			
		वनारी अंजनीसूता रामदूता प्रभंजना ||१||				
	श्री हनुमान तांडव स्तोत्र	रक्ताङ्गरागशोभाढ्यं शोणापुच्छं कपीश्वरम्।	https://youtu.be/AjCLVm6gKQc?si=acKj8AiCXoLASvM8	शत्रुओं पर विजय, शारीरिक-मानसिक बल बढ़ाने, और मंगल-राहु जैसे ग्रहों के दोषों को दूर करने के लिए अत्यंत प्रभावशाली माना जाता है		
		भजे समीरनन्दनं, सुभक्तचित्तरञ्जनं,				
		दिनेशरूपभक्षकं, समस्तभक्तरक्षकम्।				
		सुकण्ठकार्यसाधकं, विपक्षपक्षबाधकं,				
		समुद्रपारगामिनं, नमामि सिद्धकामिनम्।				
	श्री आञ्जनेय द्वादशनाम स्तोत्रम्	हनुमानञ्जनीसूनुर्वायुपुत्रो महाबलः ।	https://youtu.be/BjvVJOS7xPE?si=NtPLuZzAbGNbe6gO			
		रामेष्टः फल्गुणसखः पिङ्गाक्षोऽमितविक्रमः				
	पंचमुखी हनुमान स्तोत्र	अथ ध्यानं प्रवक्ष्यामि श्रृणुसर्वांगसुन्दरि ।	https://youtu.be/PzjSJIswc6s?si=VeKkvGCYklpFQt0d	नकारात्मकता और काला जादू से रक्षा: , ग्रह दोषों से मुक्ति:		
		यत्कृतं देवदेवेन ध्यानं हनुमतः प्रियम्‌ ॥1॥				
						
CHALISA						
	हनुमान चालीसा	श्रीगुरु चरन सरोज रज, निज मनु मुकुरु सुधारि।	https://youtu.be/AETFvQonfV8?si=YezmW2nYi76Eoi6Q	सुबह (ब्रह्म मुहूर्त: 4-6 बजे) या शाम को (सूर्यास्त के समय/रात 8 बजे) करना सबसे अच्छा माना जाता है, विशेषकर मंगलवार और शनिवार को। इसे मानसिक शांति, भय मुक्ति, संकट दूर करने, आत्मविश्वास बढ़ाने और नकारात्मक ऊर्जा (शनि/मंगल दोष) को कम करने के लिए सुना या पढ़ा जाता है।		
		बरनऊं रघुबर बिमल जसु, जो दायकु फल चारि।।				
						
ASHTAKAM						
	संकटमोचन हनुमान अष्टक	बाल समय रवि भक्ष लियो तब, तीनहुं लोक भयो अंधियारों।	https://youtu.be/HH_a6aRO1TE?si=oQ72oac9OI-c9FEL			
						
STUTI						
	अतुलितबलधामं हेमशैलाभदेहं, 	अतुलितबलधामं हेमशैलाभदेहं, दनुजवनकृशानुं ज्ञानिनामग्रगण्यम्	https://youtu.be/CIl1O1GwOfk?si=l5pF_ixmqVuHcdOn			
						
AARTI						
	-	आरती कीजै हनुमान लला की	https://youtu.be/r7GJ8GoGSD8?si=5vKJpH3tM6QoFwzl	आरती कीजै हनुमान लला की.mp3		
		जय जय हनुमान गोसाईं				
						
SHLOKAS						
	-	बुद्धिर्बलं यशो धैर्यं निर्भयत्वमरोगता।	https://youtu.be/4PZzUru94JY?si=unI0BALTYhAIdzmS	 मानसिक और शारीरिक शक्ति के लिए 		
		अजाड्यं वाक्पटुत्वं च हनुमत्स्मरणाद्भवेत्॥				
	हनुमान गायत्री	ॐ आञ्जनेयाय विद्महे वायुपुत्राय धीमहि।	https://youtu.be/AXDLxXIbxAs?si=61Ag66LJRXixtINz	सुरक्षा, बल और साहस के लिए		
		तन्नो हनुमत् प्रचोदयात्॥				
	-	मर्कटेश महोत्साह सर्वशोक विनाशन।	https://youtu.be/xvaY6-PgNyY?si=1wxv0hpaEyvvF4jN	धन प्राप्ति और शत्रु से रक्षा मंत्र		
		शत्रून संहार मां रक्षा श्रियं दापय मे प्रभो॥				
	कार्य सिद्धि	असाध्य साधक स्वामिन् असाध्यं तव किं वद।	https://youtu.be/faCtr2ajTuE?si=svKC2jHHd_23bpz4			
		राम दूत कृपा सिन्धो मत् कार्यं साध्य प्रभो॥				
	-	अतुलितबलधामं हेमशैलाभदेहं, अनुजवनकृशानुं ज्ञानिनामग्रगण्यम्। सकलगुणनिधानं वानराणामधीशं, रघुपतिप्रियभक्तं वातजातं नमामि।	https://youtu.be/CIl1O1GwOfk?si=0PLRHfGike1eIJPN	तेज और शक्ति के लिए		
						
BHAJAN						
	-	दुनिया चले न श्री राम के बिना	https://youtu.be/sDhrWWWBQLI?si=x0qKB6U3A5R2FSQr			
	-	हे दुख भंजन मारुति नंदन	https://youtu.be/n4fZknyZlsk?si=W6avmHz2Bl7IEuMr			
	-	छम छम नाचे वीर हनुमान	https://youtu.be/hy_UKySqiNo?si=WO1ouxTrWAya94GP			
	-	संकट मोचन नाम तिहारो	https://youtu.be/HH_a6aRO1TE?si=rTY4-xxT-cJfpz4W			
	-	बजरंग बली मेरी नाव चली	https://youtu.be/eH89BxWg9P4?si=5IOyC_otVc9JKSFd			
	-	वीर हनुमाना अति बलवाना	https://youtu.be/Dlu4KGrnmZg?si=uNHWa9x_7eYIABar			
						
KATHA 						
	-	हनुमान जन्म कथा	https://youtu.be/IfpaqbjwW6Y?si=0Q_-WTElzyLcpNwT			
	-	शक्ति, भक्ति और बुद्धि के देव हनुमान जी को समझिए |	https://youtu.be/_35QngzzdEQ?si=l9SidSRJ4C7GTyks			
	-	भगवान श्री राम और हनुमान जी का प्रथम मिलाप	https://youtu.be/IJfsaSWM7vg?si=dEF6K1qP5r5Mh6vZ			
	-	हनुमान जनम कथा	https://youtu.be/JGi64RoqZ9g?si=LzuKJAoqe1TsPcav			
	-	हनुमान जी रक्षा कैसे करते हैं ?	https://youtu.be/Yafs12RHYqw?si=DFgZFimu47Z3K-Ye			
	-	जब हनुमान जी चले लंका माता जानकी को खोजने | 	https://youtu.be/av3Vf23CRqc?si=hRrw_iHsdMJ8WfIw			
						
						
GANESH JI 						
						
MANTRA 						
	मूल बीज मंत्र	ॐ गं गणपतये नमः	https://youtu.be/Naruxgq6oMU?si=FcMrbfkDJoW6MNjX			
	-	वक्रतुण्ड महाकाय सूर्यकोटि समप्रभ।	https://youtu.be/kxxhO92X8ro?si=kI__HcFg2zNoXZn2			
		निर्विघ्नं कुरु मे देव सर्वकार्येषु सर्वदा॥				
	गणेश गायत्री	ॐ एकदन्ताय विद्महे वक्रतुण्डाय धीमहि तन्नो दन्ती प्रचोदयात्	https://youtu.be/dkVlpm1mKFI?si=crdKp9jnOOfpOZx7			
	संकट नाशक मंत्र	ॐ नमो हेरम्ब मद मोहित मम् संकटान निवारय-निवारय स्वाहा:	https://youtu.be/sHjD9ChjUsU?si=kj5RxANqbh9URRDf			
	-	ॐ विनायकाय नमः	Om Vinayakaya Namah 108 times Ganesh Mantra	सफलता की प्राप्ति:	https://youtu.be/PeYGaeORoOY?si=ONsUR5ezqmmko8O0	
	-	ॐ लम्बोदराय नमः	https://youtu.be/a5qd1rCqkvI?si=s5oYDC9M7BF8gZIn			
						
STOTRAM						
						
	श्री संकटनाशन गणेश स्तोत्र:	प्रणम्य शिरसा देवं गौरीपुत्रं विनायकम्। भक्तावासं स्मरेन्नित्यं आयुःकामार्थसिद्धये	Shri Ganesh Sankat Nashan Stotaram - संकटनाशन श्रीगणेश स्तोत्रम्  - Prem Prakash Dubey - Spiritual		https://youtu.be/aTFeZxXkL78?si=m5lUjY4i8013BWXj	
						
	गणेश अथर्वशीर्ष:	ॐ नमस्ते गणपतये।	https://youtu.be/Tssx17scqO4?si=uOt96Cx7Sz5DPI5b			
		त्वमेव प्रत्यक्षं तत्त्वमसि				
		त्वमेव केवलं कर्ताऽसि				
		त्वमेव केवलं धर्ताऽसि				
	ऋणहर्ता गणेश स्तोत्र:	सिन्दूरवर्णं द्विभुजं गणेशं, लम्बोदरं पद्मदले निविष्टम्।	https://youtu.be/aH2ipOQ1_bU?si=O2s_vctg1Roye0xu	कर्ज और आर्थिक तंगी से मुक्ति पाने के लिए।		
		ब्रह्मादिदेवैः परिसेव्यमानं, सिद्धैर्युतं तं प्रणामि देवम्॥				
	श्री गणेश कवच:	एषोऽतिचपलो दैत्यान्बाल्येऽपि नाशयत्यहो ।	https://youtu.be/av9FFShVYBU?si=Ad06fEsAnohtH32q			
		अग्रे किं कर्म कर्तेति न जाने मुनिसत्तम ।				
	गणेश अष्टोत्तर शतनाम स्तोत्र:	ॐ गजाननाय नमः। ॐ गणाध्यक्षाय नमः। ॐ विघ्नराजाय नमः। ॐ विनायकाय नमः।	https://youtu.be/XhxvcnExPNQ?si=w62P2ANg6x0OryeL			
	मयूरेस्वर स्तोत्र:	पुराणपुरुषं देवं नानाक्रीडाकरं मुदा । मायाविनं दुर्विभाव्यं मयूरेशं नमाम्यहम् ।	https://youtu.be/udRgk50LOuA?si=OnWHt9_jUWmMlIHv			
						
CHALISA						
	श्री गणेश चालीसा	जय गणपति सद्गुण सदन, कविवर बदन कृपाल। हर्ष चराचर दास जो, सो मोहि करहु निहाल॥	https://youtu.be/WyHFSjN0miU?si=pCUb4V5RltoNG-DB			
						
ASHTAKAM						
	श्री गणेशपञ्चरत्नम् 	मुदा करात्त मोदकं सदा विमुक्ति साधकम् । कलाधरावतंसकं विलासिलोक रक्षकम् । अनायकैक नायकं विनाशितेभ दैत्यकम् । नताशुभाशु नाशकं नमामि तं विनायकम् ॥	https://youtu.be/vYFOV9nj-_w?si=r49ExtqDfppGq1cg			
						
STUTI						
						
	तुलसीदास कृत श्री गणेश स्तुति	गाइये गनपति जगबंदन। संकर-सुवन भवानी-नंदन।	https://youtu.be/PHYOoKN1eRA?si=ss-wUy5JBBGT5IWO			
	सिद्धिविनायक स्तुति	जय सिद्धिविनायक जय सुखदायक, रिद्धि-सिद्धि के तुम हो नायक।	https://youtu.be/-ZrQZp2y3PQ?si=hCx7LtL3gBXFjUBg			
	नमामि ते गजाननं	नमामि ते गजाननं अनन्त मोद दायकम् समस्त विघ्न हारकं समस्त अघ विनाशकम्	https://youtu.be/2GQ7t3b3PIM?si=LoDVda5DZZXnfd-B			
						
AARTI						
	-	जय गणेश जय गणेश देवा	https://youtu.be/Yuex2EnsGiY?si=SN2TjtMVVhHmp7gl			
	-	सुखकर्ता दुखहर्ता वार्ता विघ्नाची	https://youtu.be/gFr5p5AyuD0?si=QD5VW5nRGb8TXEFJ			
	-	शेंदूर लाल चढ़ायो अच्छा गजमुख को	https://youtu.be/bo62sjQ0CmE?si=t1lAn32pD2F23gVQ			
	-	जय देव जय देव जय मंगलमूर्ती	https://youtu.be/_NgJw_JU0N0?si=xxET0DfzB9lul_dc			
	-	आरती सिद्धिविनायक जी की	https://youtu.be/_oOQ5UYKAKo?si=LHHmXG1Si_5d1Gky			
						
SHLOKAS						
	-	वक्रतुण्ड महाकाय सूर्यकोटि समप्रभ। निर्विघ्नं कुरु मे देव सर्वकार्येषु सर्वदा॥	https://youtu.be/x0n-mk-_OHg?si=qBZDhZeI421iS3TG			
	-	गजाननं भूतगणादिसेवितं कपित्थजम्बूफलचारुभक्षणम्। उमासुतं शोकविनाशकारकं नमामि विघ्नेश्वरपादपंकजम्॥	https://youtu.be/6fl5JFL-SoA?si=uMzDR8I4B2c9dy8-			
	-	अगजानन पद्मार्कं गजाननमहर्निशम्। अनेकदन्तं भक्तानां एकदन्तमुपास्महे॥	https://youtu.be/bQrYmTfw59Q?si=h7eoNNv6DhDZhGuT			
	-	विघ्नेश्वराय वरदाय सुरप्रियाय लम्बोदराय सकलाय जगद्धिताय। नागाननाय श्रुतियज्ञविभूषिताय गौरीसुताय गणनाथ नमो नमस्ते॥	https://youtu.be/r-8-0OwqDjE?si=UMvZ1OKIqCgV3z5I			
	-	अभीप्सितार्थ सिद्धयर्थं पूजितो यः सुरासुरैः। सर्वविघ्नहरस्तस्मै गणाधिपतये नमः॥	https://youtu.be/rzAm4kvEDbc?si=esY2jKOVx-Z2hH93			
						
BHAJAN						
	-	 घर में पधारो गजानंद जी मेरे घर में पधारो	https://youtu.be/nLUmRxc6140?si=tDzujtf2OLcvCbDf			
	-	संकट हर लो मंगल कर दो	https://youtu.be/ZswQ9qUMDTs?si=JCy5lg1H5mtQ_5JL			
	-	तेरी जय हो गणेश	https://youtu.be/enalr0CvqVM?si=WMYDWThqcqx9a4pP			
	-	हे गौरी नंदन तुमको वन्दन 	https://youtu.be/BMHSi1dzXzs?si=rn151FPk0nrcDwwa			
	-	गजानन कर दो बेड़ा पार	https://youtu.be/KP_dAI4k1Dg?si=ssSVFPUldb97cxGY			
	-	गणपति पहला तुम्हे प्रणाम है 	https://youtu.be/c6NhHI-nOW0?si=KvNW6DMPNdcX9kLy			
	-	गजानन महाराज पधारो 	https://youtu.be/fOWk1A27pKQ?si=1hsP5OkDsZwIELgh			
						
KATHA 						
		श्री गणेश जन्म कथा 	https://youtu.be/yqzr0_-2XbQ?si=KaaBH4Ke-TxOb1ih			
		सबसे पहले गणेश भगवान् की पूजा क्यों करते है 	https://youtu.be/VYCZdEaHLCE?si=VW3FFZDKm2dzI8oX			
		महाभारत कैसे लिखी गई ?	https://youtu.be/6PfjQNc3J8M?si=G20iarXyjqTOP0wI			
						
						
VISHNU JI 						
						
MANTRA 						
	द्वादशाक्षर मंत्र	ॐ नमो भगवते वासुदेवाय	https://youtu.be/Vb06G2bDFkE?si=mxsOg_3XgD0DSJQi			
	-	ॐ नमो नारायणाय	https://youtu.be/BLn-f2DZN4Y?si=tdz0GGjNGQIWYzX4			
	-	श्रीमन नारायण नारायण हरी हरी	https://youtu.be/MuVrsDfgwI0?si=TpM7uKaIrn00Acbk			
	-	ॐ विष्णवे नमः	https://youtu.be/U7WIOZyTEaQ?si=sdZ_Z-n3qy3JFTNU			
	-	ॐ ह्रीं कार्तवीर्यार्जुनो नाम राजा बाहु सहस्रवान। यस्य स्मरेण मात्रेण हृतं नष्टं च लभ्यते॥	https://www.youtube.com/live/IhBouQi3D9Q?si=jENRpKbSc3oDZxDg			
	-	ॐ लक्ष्मीपतये नमः	https://youtu.be/erQ7OvBnfMY?si=6Tr4oodbqcuN7H97			
	विष्णु गायत्री	ॐ नारायणाय विद्महे वासुदेवाय धीमहि। तन्नो विष्णुः प्रचोदयात्॥	https://youtu.be/Uv2p2kTnlH8?si=FYYRnfJoBZIy0LmR			
	-	शान्ताकारं भुजगशयनं पद्मनाभं सुरेशं	https://youtu.be/Im5TK-glA9M?si=HrtM-508EyU_APJO			
		विश्वाधारं गगनसदृशं मेघवर्णं शुभाङ्गम्।				
	-	ॐ अचुताय नमः	https://youtu.be/6Ncyh3vwtQI?si=JS1uUNm_AsCNqZUZ			
						
STOTRAM						
	विष्णु सहस्रनाम स्तोत्रम्:	यस्य स्मरणमात्रेण जन्मसंसारबन्धनात् ।	https://youtu.be/zKC17254flc?si=1RLal5iLIRaiuuMb			
		विमुच्यते नमस्तस्मै विष्णवे प्रभविष्णवे ।				
	गजेन्द्र मोक्ष स्तोत्र:	मन से है ऊँ नमन प्रभु को जिनसे यह जड चेतन बनता ।	https://youtu.be/3dmYdRgJsJ4?si=G1IqQRXpQdgix2Pr			
	लक्ष्मी नारायण स्तोत्र	श्रीनिवास जगन्नाथ श्रीहरे भक्तवत्सल ।	https://youtu.be/EkAUXHqqaLk?si=c4jgf8zmawRwmVRl			
		लक्ष्मीपते नमस्तुभ्यं त्राहि मां भवसागरात्				
	विष्णु पंजर स्तोत्रम्	प्रवक्ष्याम्यधुना ह्येतद्वैष्णवं पञ्जरं शुभम् । नमोनमस्ते गोविन्द चक्रं गृह्य सुदर्शनम् ॥	https://youtu.be/kt9-B0uUmRY?si=Or6uohC4Z_ZY7DZ5			
	नारायण सुक्तम	सहस्र शीर्षं देवं विश्वाक्षं विश्वशंभुवम् ।	https://youtu.be/vLP6gdiDbOU?si=jO6MgHWC3vJEyRrd			
		विश्वै नारायणं देवं अक्षरं परमं पदम् ॥				
	विष्णु भुजंग प्रयात स्तोत्र	चिदंशं विभुं निर्मलं निर्विकल्पं	https://youtu.be/yx_Koe1uOdI?si=AHlai-OftkIyeKnG			
		निरीहं निराकारमोङ्कारगम्यम् ।				
	श्री हरि स्तोत्रम्	जगज्जालपालं चलत्कण्ठमालंशरच्चन्द्रभालं महादैत्यकालं नभोनीलकायं दुरावारमायंसुपद्मासहायम् भजेऽहं भजेऽहं॥	https://youtu.be/gsHIPGDctJ0?si=0M-JKLTSQ47e8TaB			
						
CHALISA						
	विष्णु चालीसा	विष्णु सुनिए विनय सेवक की चितलाय। कीरत कुछ वर्णन करूं दीजै ज्ञान बताय।	https://youtu.be/yPiSJP34-QM?si=YnJXYPnTNuwpbv0L			
						
ASHTAKAM						
	अच्युताष्टकम	अच्युतं केशवं रामनारायणं	https://youtu.be/gy07mltqNRc?si=qzWa5TytleC7FSax			
		कृष्णदामोदरं वासुदेवं हरिम् ।				
						
STUTI						
	श्री विष्णु स्तुति	शान्ताकारं भुजगशयनं पद्मनाभं सुरेशं	https://youtu.be/XAxNnRPoyiU?si=SzEsaZlOfS48Hd-b			
		विश्वाधारं गगनसदृशं मेघवर्णं शुभाङ्गम्।				
						
AARTI						
	-	ओम जय जगदीश हरे	https://youtu.be/NE3SWh9_vR4?si=oJOVnsbkOB7Qxw5b			
						
SHLOKAS						
	नमोऽस्त्वनन्ताय 	नमोऽस्त्वनन्ताय सहस्रमूर्तये सहस्रपादाक्षिशिरोरुबाहवे। सहस्रनाम्ने पुरुषाय शाश्वते सहस्रकोटियुगधारिणे नमः॥	https://youtu.be/LG28JZIvNsc?si=aHLn3k0UYaxwBxWH			
	यदा यदा ही धर्मस्य	यदा यदा ही धर्मस्य ग्लानिर्भवति भारत। अभ्युत्थानमधर्मस्य तदात्मानं सृजाम्यहम्॥	https://youtu.be/1AOgbhmP0ig?si=41xOtRemY_fBbdT2			
	कायेन वाचा 	कायेन वाचा मनसेन्द्रियैर्वा बुद्ध्यात्मना वा प्रकृतेः स्वभावात्। करोमि यद्यत् सकलं परस्मै नारायणायेति समर्पयामि॥	https://youtu.be/CAc9h7oTjrM?si=oeZgKcwyJsEpKqOo			
	सशंखचक्रं सकिरीटकुण्डलं 	सशंखचक्रं सकिरीटकुण्डलं सपीतवस्त्रं सरसीरुहेक्षणम्। सहारवक्षःस्थलशोभिकौस्तुभं नमामि विष्णुं शिरसा चतुर्भुजम्॥	https://youtu.be/_TGfTsdHi0c?si=S1p1qdhJL2vCsEl6			
	त्वमेव माता च पिता त्वमेव	त्वमेव माता च पिता त्वमेव, त्वमेव बन्धुश्च सखा त्वमेव। त्वमेव विद्या द्रविणं त्वमेव, त्वमेव सर्वं मम देव देव॥	https://youtu.be/JSVctoNlPKs?si=W7kvcuUvTsv_KM5A			
						
BHAJAN						
	-	अच्युतम केशवम कृष्ण दामोदरम	https://youtu.be/3yczGKnskts?si=--z5nTrp4XW8mSRd			
	-	श्रीमन नारायण नारायण हरी हरी	https://youtu.be/MuVrsDfgwI0?si=ttg63rMJqtDATiJg			
	-	नमो नमो श्री नारायण जय बैकुण्ड बिहारी 	https://youtu.be/ABNYMP9z8qk?si=EkfBRWlZWFeDBGaz			
	-	सारे जहाँ के मालिक तेरा ही आसरा है	https://youtu.be/-JYk923PASE?si=wruS-9FuWwzEb6X5			
	-	हरी आ जाओ एक बार	https://youtu.be/Ylxbl767w_w?si=2tEunpeyYL5Rxs1d			
						
KATHA 						
		सत्यनारायण व्रत कथा:	https://youtu.be/JCU2B7718PY?si=YHivudgRSSDMI3uY			
		समुद्र मंथन की कथा:	https://youtu.be/ib4O0n3PH8o?si=gM39DNbgDuWKfvFA			
		दशावतार कथा:	https://youtu.be/URoRSBBZFgg?si=T85HrSjmY0jyqqr3			
		नरसिंह अवतार और प्रह्लाद की कथा	https://youtu.be/HhLUl36i2gs?si=Qbhw_Rvjr7barqml			
		वामन अवतार और राजा बलि की कथा	https://youtu.be/fDzcm2RKM4s?si=nQip96jtyul3SEsn			
		विष्णु जी और माता लक्ष्मी के विवाह की कथा	https://youtu.be/iZkxNZpqQ4s?si=8wxeb0gCobXxfiQH			
		शालिग्राम बनने की कथा	https://youtu.be/Ik_zhFLWVA0?si=cC6xuVXf48XoS0dP			
		गुरुवार व्रत कथा	https://youtu.be/7_YKhtWKfX8?si=AWwS-7AgfKFaduT9			
						
						
LAKSHMI JI 						
						
MANTRA 						
	महालक्ष्मी बीज मंत्र	ॐ श्रीं ह्रीं श्रीं कमले कमलालये प्रसीद प्रसीद ॐ श्रीं ह्रीं श्रीं महालक्ष्मयै नम:।	https://youtu.be/bcs4geISuy0?si=iIlUMsgUwP0VAQdf			
	-	ॐ श्री महालक्ष्म्यै नमः	https://youtu.be/g_czAYo3MKQ?si=gMXItXZe4oVrD-co			
	लक्ष्मी गायत्री मंत्र	ॐ श्री महालक्ष्म्यै च विद्महे विष्णु पत्न्यै च धीमहि तन्नो लक्ष्मी प्रचोदयात्॥	https://youtu.be/HeqiNrjiCfk?si=euAnm4LHlwCrPpSH			
	 श्री सिद्ध लक्ष्मी मंत्र	ॐ श्रीं ह्रीं क्लीं श्री सिद्ध लक्ष्म्यै नम:।	https://youtu.be/m8hvtU9Lzzk?si=Y9IBp48e1VidVKd4			
	-	 ॐ धनाय नमो नमः 	https://youtu.be/HkdHyXjagiU?si=4GOKIUcqQY6_aHZB			
	 सर्वबाधा निवारण मंत्र	ॐ सर्वाबाधा विनिर्मुक्तो, धन धान्य सुतान्वितः। मनुष्यो मत्प्रसादेन भविष्यति न संशयः ॥	https://youtu.be/QI_N_P6aZ7s?si=liGVZcINpHYs6PdJ			
	-	ॐ ह्रीं ह्रीं श्री लक्ष्मी वासुदेवाय नम:।	https://youtu.be/qR-PxhTOZXY?si=ZBtgkGLQ_x7io_NN			
						
STOTRAM						
	श्री सूक्तम:	ॐ हिरण्यवर्णां हरिणीं सुवर्णरजतस्रजाम्।	https://youtu.be/OC7LQxuhQUU?si=Dk4q0uGOrbCSfm7I			
		चन्द्रां हिरण्मयीं लक्ष्मीं जातवेदो म आ वह ॥				
	कनकधारा स्तोत्र:	अंगहरे पुलकभूषण माश्रयन्ती भृगांगनैव मुकुलाभरणं तमालम।	https://youtu.be/3Y1JGvieOBk?si=wIIGJG8nmjPlyBfv			
	लक्ष्मी हृदय स्तोत्र	श्रीमत सौभाग्यजननीं, स्तौमि लक्ष्मीं सनातनीं। सर्वकामफलावाप्ति साधनैक सुखावहां	https://youtu.be/phOoGvDu_h4?si=XKx4FvAb65DYm0Vv			
	महालक्ष्मी कवच	सर्वसम्पत्प्रदस्यास्य कवचस्य प्रजापतिः । ऋषिश्छन्दश्र्च बृहती देवी पद्मालया सव्यम् ॥ १ 	https://youtu.be/OvimStyyQWI?si=SwrQDOQ7f47RApTT			
	अष्टलक्ष्मी स्तोत्र	सुमनस वन्दित सुन्दरि माधवि, चन्द्र सहॊदरि हेममये मुनिगण वन्दित मोक्षप्रदायनि, मञ्जुल भाषिणि वेदनुते ।	https://youtu.be/qb5EuozSWA0?si=1DOqyZO7j9BrmhKi			
	सर्वदेव कृत लक्ष्मी स्तोत्र	क्षमस्व भगवत्यम्ब क्षमाशीले परात्परे।	https://youtu.be/HaRSDKZPQ3I?si=H1izhPc-mXQi_vT1			
		शुद्धसत्त्वस्वरूपे च कोपादिपरिवर्जिते॥				
						
CHALISA						
	श्री लक्ष्मी चालीसा	मातु लक्ष्मी करि कृपा, करो हृदय में वास।	https://youtu.be/aLKLcvJZ2Hc?si=LghSz9KgBnH3YqXK			
		मनोकामना सिद्घ करि, परुवहु मेरी आस॥				
						
ASHTAKAM						
	महालक्ष्म्यष्टकम्	नमस्तेऽस्तु महामाये श्रीपीठे सुरपूजिते। शङ्खचक्रगदाहस्ते महालक्ष्मि नमोऽस्तुते॥	https://youtu.be/7P7XuN_D2nQ?si=H9rP6H9jO-grHqXC	महालक्ष्म्यष्टकम्.mp3		
						
STUTI						
	महा लक्ष्मी स्तुति	आदि लक्ष्मि नमस्तेऽस्तु परब्रह्म स्वरूपिणि। यशो देहि धनं देहि सर्व कामांश्च देहि मे।	https://youtu.be/MMVH6vPr2mo?si=jIy2ahvcXaIKa1xJ			
	महालक्ष्मी स्तवनम्	श्री पार्वती सरस्वती महालक्ष्मी नमोस्तुते।	https://youtu.be/sIPwrMosN9k?si=3QzMTb-otB4uncz-			
		विष्णु प्रिये महामाये, महालक्ष्मी नमोस्तुते॥				
						
AARTI						
	-	ॐ जय लक्ष्मी माता	https://youtu.be/0J1aNK16sFM?si=CSef8Vdgn6PlSsmM			
						
SHLOKAS						
	-	नमस्तेऽस्तु महामाये श्रीपीठे सुरपूजिते। शङ्खचक्रगदाहस्ते महालक्ष्मि नमोऽस्तु ते	https://youtu.be/RDWtngDhknA?si=6BoczvScrpmaOros			
						
BHAJAN						
	-	लक्ष्मी अमृतवाणी	https://youtu.be/gv8Q4rrkqWE?si=_38Rpl582wr9YcG_			
	-	मेरे घर आओ मां लक्ष्मी	https://youtu.be/5JMFiNOxejY?si=owu81CB4a7qNA6-m			
	-	मइया लक्ष्मी देती धन धान है	https://youtu.be/w9vGn5lQMxU?si=y2-tmAbRLU_U2xLE			
	-	घर में पधारो लक्ष्मी मैया 	https://youtu.be/H2r9M66CQPk?si=VK7SngiMM1nMQ2hZ			
	-	लक्ष्मी मैया है तुमसे 	https://youtu.be/m3P-UtGt3Ts?si=wee1Hbb2XDZh_r50			
	-	शुभ लाभ धन वैभव दाता जय	https://youtu.be/aRHDmzWFPdo?si=rRwqcCmyV9MQrXkS			
						
KATHA 						
	-	लक्ष्मी जी की अवतार कथा |	https://youtu.be/BL5lLnsLUrA?si=tKilMUx3mU_eIVe5			
	-	वैभव लक्ष्मी व्रत कथा	https://youtu.be/UH-qlhvW7A4?si=Ua4KCJHZXkykQOJt			
	-	दीपावली की कथा:	https://youtu.be/PYhoZ9zUFNA?si=BZ6-5dOq0gfaUpBH			
	-	माँ लक्ष्मी और राजा बलि की कथा 	https://youtu.be/W9GywBEmin0?si=Y8MZZLmQalTE_osa			
						
SHANII DEV JI 						
						
MANTRA 						
	-	ॐ शं शनैश्चराय नमः	https://youtu.be/kB0dFMBE7-g?si=wlcGDLcwvs5ytuqk			
	शनि बीज मंत्र	ॐ प्रां प्रीं प्रौं सः शनैश्चराय नमः	https://youtu.be/kgvV-TdtWJI?si=Rv6I8CTy3sGjF2Ty			
	-	ॐ नीलांजनसमाभासं रविपुत्रं यमाग्रजम्। छायामार्तण्डसंभूतं तं नमामि शनैश्चरम्॥	https://youtu.be/oI7nbhh9oBU?si=Ln_Gw5XMwjb0sGQ3			
	शनि गायत्री मंत्र)	ॐ काकध्वजाय विद्महे खड्गहस्ताय धीमहि तन्नो मन्दः प्रचोदयात्॥	https://youtu.be/j2sTr6JZdco?si=m6tpnX4rqpF7vLQE			
						
STOTRAM						
	शनि वज्र पंजर कवचम्	ॐ अस्य श्रीशनैश्चर वज्रपंजर कवचस्य कश्यप ऋषि:, अनुष्टुप् छन्द:, श्रीशनैश्चर: देवता, श्रीशनैश्चर प्रीत्यर्थे पाठे विनियोग:। 	https://youtu.be/pTcdxwTWstI?si=lyJbdwKdQI3eTfXv			
	दशरथकृत शनि स्तोत्र	दशरथ उवाच: प्रसन्नो यदि मे सौरे ! एकश्चास्तु वरः परः ॥	https://youtu.be/NqVQbkZNb3k?si=up8I1tLPXOTVEQFt			
	महाकाल शनि मृत्युञ्जय स्तोत्र	ॐ महाकाल शनि मृत्युंजयाय नमः। नीलाद्रीशोभाञ्चितदिव्यमूर्तिः खड्गो त्रिदण्डी शरचापहस्तः।	https://youtu.be/R-QTna2MvME?si=okZ5YcA6gTSonATR			
	शनि पीडाहर स्तोत्र	सूर्यपुत्रो दीर्घदेहो विशालाक्षः शिवप्रियः मंदचार प्रसन्नात्मा पीड़ां हरतु में शनिः	https://youtu.be/XiMzBSu9l6U?si=jFA_091ue8XvG4Ck			
						
CHALISA						
	शनि चालीसा	जय जय श्री शनिदेव प्रभु, सुनहु विनय महाराज। करहु कृपा हे रवि तनय, राखहु जन की लाज॥	https://youtu.be/MJ14wONWjWg?si=DEpgPZC7NuC6rPgX			
						
ASHTAKAM						
	श्री शनि अष्टकम्	बृहवस्तोत्रमाला शनिस्तोत्रम् विनियोगः ॐ अस्य श्रीशनैश्चरस्तोत्रस्य, दशरथऋषिः, श्रीशनैश्चरो देवता, त्रिष्टुच्छन्दः, श्रीशनैश्चर प्रीत्यर्थे जपे विनियोगः ॥	https://youtu.be/PZ7q-Lbz11M?si=K4-Sr6N-X3CejQJN			
						
STUTI						
	शनि स्तुति	नम: कृष्णाय नीलाय शितिकंठनिभाय च। नम: कालाग्रिरूपाय कृतान्ताय च वै नम:॥	https://youtu.be/v5zWGRCJV6c?si=ZLpqnNbRnZ52LKcJ			
	शनि वंदना:	ॐ नीलांजन समाभासं रविपुत्रं यमाग्रजम्।	https://youtu.be/2nGciKbBAMY?si=-h41UQYsN1Tn89Ox			
		छायामार्तण्ड सम्भूतं तं नमामि शनैश्चरम्				
						
AARTI						
	-	जय जय श्री शनिदेव भक्तन हितकारी	https://youtu.be/sqyVe_kOEuQ?si=4JzKtqsmhTRMhR2W			
	-	आरती श्री शनि महाराज की	https://youtu.be/sJ3Kg21bNrE?si=hohbJozyLHx2GFo5			
						
SHLOKAS						
		सूर्यपुत्रो दीर्घदेहो विशालाक्षः शिवप्रियः। मन्दचारः प्रसन्नात्मा पीडां हरतु मे शनिः॥	https://youtu.be/kS1Dn4VjUNk?si=ecGHHRZxmNLhUvxa			
						
BHAJAN						
	-	 शनैश्वरा  शनैश्वरा 	https://youtu.be/7MhfQOgWMyc?si=9-sfsnHXgLJw40qt			
	-	 सच्चा शनिदेव तेरा दरबार	https://youtu.be/o70xTR8t0H4?si=HatQvVEQ9HPQgqLD			
	-	शनि जी करदो बेड़ा पार 	https://youtu.be/oepDHcPHWwc?si=QJr2Vv_RI9lN8rJ1			
	-	श्री शनिदेव अमृतवाणी	https://youtu.be/e3K3BREwxRQ?si=dfzljU4OEcbG3KLp			
	-	शनि देव तुम्हारे चरणों में	https://youtu.be/UqQgZSu8bqg?si=_5Z7nj5e6baEJvaU			
	-	शनिदेव तेरा जग में अजब नजारा है 	https://youtu.be/QtwtvLgJFzQ?si=pEGCwBUmI0YlEnb0			
						
KATHA 						
	-	शनिदेव के जन्म की महान कथा	https://youtu.be/SQcX9sUnkP4?si=qSFF_V0Drj9D7Iyx			
	-	शनिदेव और हनुमान जी की कथा |	https://youtu.be/8l77GDrFq-k?si=9Z4rz10EH1DVrmgH			
	-	शनिवार व्रत कथा	https://youtu.be/sNBJiXNxuZ0?si=tBfa_WYc8KvWc3wn			
						
						
RAM JI 						
						
MANTRA 						
	-	ॐ रामाय नमः	https://youtu.be/CA8RcKyO0Y4?si=lQGTY9Ov96Uhu8JI			
	-	ॐ राम रामाय नमः	https://youtu.be/-YVDlWff_5o?si=gNU9ViaghJWwBl-E			
	-	श्री राम जय राम जय जय राम	https://youtu.be/-1udu-1LpOo?si=pmbGDDSFyq5uJhX0			
	-	ॐ श्री रामचन्द्राय नमः	https://youtu.be/n_DeYZEy4Y4?si=wdZ7kUQSQ35qIs_5			
	-	ॐ नमो भगवते रामचंद्राय	https://youtu.be/sRjLbmFjjQ0?si=BflcnYp06jrhbI1r			
	-	राम रामेति रामेति रमे रामे मनोरमे। सहस्त्रनाम तत्सुल्यं रामनाम वरानने॥	https://youtu.be/aR1g92A_5gQ?si=Ae8UK15_LC0l8fX3			
	-	आपदामपहर्तारं दातारं सर्वसंपदाम्। लोकाभिरामं श्रीरामं भूयो भूयो नमाम्यहम्॥	https://youtu.be/zUFVftjjHGo?si=ooN4CxSSSJsBs-aP			
						
STOTRAM						
	श्री राम रक्षा स्तोत्र:	अस्य श्रीरामरक्षास्त्रोतमन्त्रस्य बुधकौशिक ऋषिः । श्री सीतारामचंद्रो देवता ।	https://youtu.be/NYakpChmUb0?si=JIAUkjQRaibfhJsE			
	आदित्य हृदय स्तोत्र:	ॐ अस्य आदित्य हृदयस्तोत्रस्यागस्त्यऋषिरनुष्टुपछन्दः, आदित्यहृदयभूतो भगवान ब्रह्मा देवता निरस्ताशेषविघ्नतया ब्रह्मविद्यासिद्धौ सर्वत्र जयसिद्धौ च विनियोगः।	https://youtu.be/invPCYDaWUE?si=0CRahD-R2NNXDnCu			
	श्री राम सहस्रनाम स्तोत्र	ध्यायेदाजानुबाहुं धृतशरधनुषं बद्धपद्मासनस्थं,	https://youtu.be/yeWPihxDQvA?si=5TDCOox2vWBbCJzB			
		पीतं वासो वसानं खदुरुदलसमोद्भिन्ननागाग्रनेत्रम्।				
	नाम रामायणम्	शुद्धब्रह्मपरात्पर राम । कालात्मकपरमेश्वर राम ।	https://youtu.be/9IqAtf_DTb8?si=7qKSbxov-_kWaUeO			
	राम हृदय स्तोत्र	ततो रामः स्वयं प्राह हनूमंत मुपस्थितम्।श्रृणु तत्त्वं प्रवक्ष्यामि ह्यात्मानात्मपरात्मनाम्	https://youtu.be/rUmtjKs26dw?si=JRofuERjRhU5rOtv			
	जटायु कृत श्री राम स्तोत्र	अगणितगुणमप्रमेयमाद्यं, सकलजगत्स्थितिसंयमादिहेतुम्। उपरमपरमं परात्मभूतं, सततमहं प्रणतोऽस्मि रामचन्द्रम् 	https://youtu.be/jxgpE4o0zoM?si=7XCu8h1e7eQkvotb			
						
CHALISA						
	श्री राम चालीसा	श्री रघुवीर भक्त हितकारी। सुन लीजै प्रभु अरज हमारी॥	https://youtu.be/MoJw2s6q4P0?si=R2XibwgmtcN1lazL			
						
ASHTAKAM						
	श्री राम अष्टकम	भजे विशेषसुन्दरं समस्तपापखण्डनम् । स्वभक्तचित्तरञ्जनं सदैव राममद्वयम् ॥ १॥	https://youtu.be/EvfGBluQkSk?si=6DRbdUZBZsWzEX86			
						
STUTI						
	-	श्री रामचंद्र कृपालु भजु मन:	https://youtu.be/igJHuojQHeo?si=B6vk7vi5KYW6nhYO			
	-	जानकी स्तुति	https://youtu.be/RlNJspksnbg?si=jjexZNZPhPFgs0np			
						
AARTI						
	-	श्री रामचंद्र जी की आरती: 	https://youtu.be/J5cllhBiAV0?si=eZFJ95kTQoYeJ4UH			
	-	जग जननी सीता माता की आरती	https://youtu.be/mrH_rSZnxdU?si=lYdSNjCKgNuKEo-j			
	-	आरती श्री रामायण जी की	https://youtu.be/FVdX-ZhTR4w?si=4dtkjJ7jPjADBS8i			
	-	आरती श्री रघुवर लाला की	https://youtu.be/onCk_r8OPe4?si=IuxtvhlHTntByscC			
	-	आरती अवध बिहारी की	https://youtu.be/ut6AHW2stnk?si=Ri_AUS3fsqwYS3Qb			
						
SHLOKAS						
		नीलाम्बुजश्यामलकोमलांगं सीतासमारोपितवामभागम्। पाणौ महासायकचारुचापं नमामि रामं रघुवंशनाथम्॥	https://youtu.be/cqzJBHFeI0Y?si=ahqCNpljz7KMS64U			
		रामाय रामभद्राय रामचन्द्राय वेधसे। रघुनाथाय नाथाय सीतायाः पतये नमः॥	https://youtu.be/Hcljk3ygbVc?si=oQ__JrPUy6l5dJrn			
		लोकाभिरामं रणरंगधीरं राजीवनेत्रं रघुवंशनाथम्। कारुण्यरूपं करुणाकरं तं श्रीरामचन्द्रं शरणं प्रपद्ये॥	https://youtu.be/BzUBWzgXJnc?si=VOpDb7Yr370nkHUN			
		आपदामपहर्तारं दातारं सर्वसंपदाम्। लोकाभिरामं श्रीरामं भूयो भूयो नमाम्यहम्॥	https://youtu.be/y-Xv63obhKI?si=M5eZNo40oYpESgJA			
						
BHAJAN						
	-	पायो जी मैंने राम रतन धन पायो	https://youtu.be/pRjGwMSqjZo?si=paIzNVFEfqMABUaj			
	-	ठुमक चलत रामचंद्र बाजत पैंजनिया	https://youtu.be/PT1CwFIoc98?si=xAYsyfQq1WC7E0z_			
	-	श्री राम जानकी बैठे हैं मेरे सीने में	https://youtu.be/jxtDNKTnmqY?si=wElShzcNXxs7zp4R			
	-	रघुपति राघव राजा राम	https://youtu.be/Gtfufkz68KM?si=exIeaIdkt21gExXk			
	-	राम कहानी सुनो रे राम कहानी	https://youtu.be/raAgqGKgIU8?si=imd0TcZyq9jAJfNN			
	-	नगरी हो अयोध्या सी	https://youtu.be/ZkKStVgGEJY?si=LGnO8DtUL_iEf1ei			
	-	राम जी की निकली सवारी	https://youtu.be/bZ-Zrc-GPoc?si=pLzw80vTt6ty2tJt			
	-	भजमन राम चरण सुखदाई	https://youtu.be/bhJ8_EqziNY?si=FKZ8NHKTs6R1lRUW			
	-	राम नाम के हीरे मोती	https://youtu.be/6BJR_j4FHz4?si=hRLU-bLSvuuKWHgs			
	-	मन में राम बसा ले	https://youtu.be/eXSq8m8CqGc?si=3f43U1aXfPAM58Hi			
						
KATHA 						
	-	श्री राम जन्म कथा:	https://youtu.be/_9mbammZPdU?si=n-ByLRdXdeMlpmHp			
	-	श्री राम ने कैसे किया माँ अहल्या का उद्धार 	https://youtu.be/x795jwrP6sY?si=Yx3aq_swuDsuga3X			
	-	सीता स्वयंवर की अद्भुत कथा	https://youtu.be/f_dQkIQqdvs?si=VW1LPoO0Ogb4h0pc			
	-	श्रीराम वनवास की कथा	https://youtu.be/vcV_UjRl_OM?si=FuwK91gx91kJVKGN			
	-	भरत राम मिलाप - कथा 	https://youtu.be/DF8jiXHJlRA?si=LwvO4OoiAxaNRpDV			
	-	श्रीराम ने बाली को छुपकर क्यों मारा ?	https://youtu.be/k7kdm72nBjU?si=NJnOHq8FVwLrioHv			
	-	विजयादशमी - राम रावण अंतिम युद्ध की सम्पूर्ण कथा |	https://youtu.be/MtbVsknZP-A?si=EpGnCXoRWCCtKUhi			
						
						
GANESH JI						
						
MANTRA 						
	बीज मंत्र	ॐ गं गणपतये नमः	https://youtu.be/Naruxgq6oMU?si=xqSFGrw15ZFcqKY-			
	-	ॐ वक्रतुण्डाय हुम्	https://youtu.be/cidhzMLBUPQ?si=fXMWhEu5ZeeOpj3l			
	-	ॐ हस्ति पिशाचि लिख स्वाहा	https://youtu.be/U88tnB0H1xI?si=2-HbuGny0YDj6tfC			
	-	ॐ लम्बोदराय नमः	https://youtu.be/Kdz0DzHoh_c?si=c_D5ejrJH2mP4nDv			
	-	ॐ विकटाय नमः	https://youtu.be/BLVWder8V9I?si=ZzhUqV7dwH-dI-sP			
	-	ॐ विनायकाय नमः	https://youtu.be/PeYGaeORoOY?si=Czecw7q3IkVzA55C			
	-	ॐ विघ्ननाशनाय नमः	https://youtu.be/AibLZNQcHq4?si=LjeojdU2vyn6oW8m			
	गणेश गायत्री	ॐ एकदन्ताय विद्महे वक्रतुण्डाय धीमहि तन्नो दन्ती प्रचोदयात्	https://youtu.be/dkVlpm1mKFI?si=vJFkS8R3-PMxX_Ji			
						
STOTRAM						
	श्री संकटनाशन गणेश स्तोत्र	प्रणम्यं शिरसा देव गौरीपुत्रं विनायकम । भक्तावासं: स्मरैनित्यंमायु:कामार्थसिद्धये 	https://youtu.be/aTFeZxXkL78?si=HFj5YBPqHTqebgZi			
		अनायकैकनायकं विनाशितेभदैत्यकं नताशुभाशुनाशकं नमामि तं विनायकम्				
	गणेश अथर्वशीर्ष	ॐ भद्रं कर्णेभि शृणुयाम देवा:। भद्रं पश्येमाक्षभिर्यजत्रा:।।	https://youtu.be/Tssx17scqO4?si=WWEOC-sAGbJPwWoB			
	ऋणहर्ता गणेश स्तोत्र	ॐ सिन्दूर-वर्णं द्वि-भुजं गणेशं लम्बोदरं पद्म-दले निविष्टम् । ब्रह्मादि-देवैः परि-सेव्यमानं सिद्धैर्युतं तं प्रणामि देवम् ॥	https://youtu.be/aH2ipOQ1_bU?si=icocDYxf8Rhh_hJd			
	गणेश अष्टोत्तर शतनाम स्तोत्र	गजानन- ॐ गजाननाय नमः । गणाध्यक्ष- ॐ गणाध्यक्षाय नमः ।	https://youtu.be/XhxvcnExPNQ?si=nfh___BHqMxP2wv1			
	गणेश कवच	एषोऽतिचपलो दैत्यान्बाल्येऽपि नाशयत्यहो । अग्रे किं कर्म कर्तेति न जाने मुनिसत्तम ॥ १॥	https://youtu.be/7AOJUIx9dLE?si=iiZJAYQrRCv1tpsQ			
	मयूरेस्वर स्तोत्र	पुराणपुरुषं देवं नानाक्रीडाकरं मुदा ।	https://youtu.be/udRgk50LOuA?si=aNXgNWFWUnR1bwfA			
		मायाविनं दुर्विभाव्यं मयूरेशं नमाम्यहम् ।।				
	गणेश हृदय स्तोत्र	प्रकृतं वद सूत त्वं संवादं शङ्करस्य च । सनकादेर्विशेषेण सर्वसिद्धिकरं परम् ॥ १॥	https://youtu.be/hA__sJZ_FOc?si=-goJ82D1uxHHIBdW			
						
CHALISA						
	गणेश चालीसा	जय गणपति सद्गुण सदन कविवर बदन कृपाल। विघ्न हरण मंगल करण जय जय गिरिजालाल॥	https://youtu.be/WyHFSjN0miU?si=C2PbbebEskn6KqLR			
						
ASHTAKAM						
	 गणेश अष्टकम	लम्बोदराय शिवपुत्रगणेश्वराय बुद्धिप्रदाय भवदुःखविनाशकाय	https://youtu.be/BhrCfQ0xyp8?si=Y8ihF6eLhRKE0QZ1			
						
STUTI						
	श्री गणेश पञ्चरत्न 	मुदाकरात्तमोदकं सदा विमुक्तिसाधकं कलाधरावतंसकं विलासिलोकरक्षकम् ।	https://youtu.be/IMtvmQr5o5I?si=l3Ya9JbkB2GCi9RB			
	 प्रथम तुला वंदितो	विघ्नविनाशक , गुणिजन पालक दुरित तिमीरहारका सुखकारक तू , दुःख विदारक तूच तुझ्यासारखा	https://youtu.be/l_pV6jQdQ9c?si=S4GL6AaK1Ph0w14l			
	गजाननं भूत गणादि सेवितं	कपित्थ जम्बू फल चारू भक्षणम् ।	https://youtu.be/ayj0Gm6RTg8?si=JCPQw6jvbztxQbwn			
		उमासुतं शोक विनाशकारकम्				
		नमामि विघ्नेश्वर पाद पंकजम् ॥				
	श्री गणेश स्तुति	नमामि ते गजाननं अनन्त मोद दायकम्  समस्त विघ्न हारकं समस्त अघ विनाशकम्	https://youtu.be/2GQ7t3b3PIM?si=bTYiyyrcuLZYyzxb			
	गणेश वंदना	गणपति जी गणेश नु मनाइये,हो... गणपति जी गणेश नु मनाइये,	https://youtu.be/kE_3b_NaOAE?si=sHrTYnvs_Ht1N8E1			
						
AARTI						
	श्री गणेश जी की आरती	जय गणेश जय गणेश, जय गणेश देवा, माता जाकी पार्वती, पिता महादेवा।	https://youtu.be/Yuex2EnsGiY?si=0_Pq00ZXiWo3JeVx			
	-	सुख करता दुखहर्ता, वार्ता विघ्नाची नूर्वी पूर्वी प्रेम कृपा जयाची	https://youtu.be/EnbppB9t2Lg?si=53RDlB0vlkr02pCQ			
	-	ॐ शेंदुर लाल चढ़ायो अच्छा गजमुख को	https://youtu.be/x4xwzv7zKms?si=N__XDkVXQXgqL8HK			
		दोंदिल लाल बिराजे सुत गौरिहर को				
						
SHLOKAS						
	-	वक्रतुण्ड महाकाय सूर्यकोटि समप्रभ।निर्विघ्नं कुरु मे देव सर्वकार्येषु सर्वदा॥	https://youtu.be/sgniT3zYZGE?si=BSxImt8-d3zA9-jK			
	-	गजाननं भूत गणादि सेवितं, कपित्थ जम्बू फल चारू भक्षणम् । उमासुतं शोक विनाशकारकम्, नमामि विघ्नेश्वर पाद पंकजम् ॥	https://youtu.be/_7gdZWrPQX8?si=FCARIs6d0jt8PzT0			
	-	अगजानन पद्मार्कं गजानन अहर्निशम् ।अनेकदन्तं भक्तानां एकदन्त उपास्महे ॥	https://youtu.be/N1tQ2zK4aYk?si=DZOejLlpJrA5r6aD			
	-	सुमुखश्चैकदन्तश्च कपिलो गजकर्णकः ।लम्बोदरश्च विकटो विघ्ननाशो विनायकः ॥	https://youtu.be/KI03fvJNUTk?si=D9xeAlbhH0zw2l0M			
	-	ॐ श्रीं गं सौभाग्य गणपतये वर्वर्द सर्वजन्म में वषमान्य स्वाहा	https://youtu.be/nbfyD78Dke0?si=--jK-lqu9SvtXhzK			
						
BHAJAN						
	-	देवा श्री गणेशा	https://youtu.be/RYqJ5w-GrfM?si=7iTLrOhIb63mpAAA			
	-	मौर्या रे बाप्पा मौर्या रे	https://youtu.be/8jff2wz3Hpk?si=QNsZeRhwDjGRQ5Hs			
	-	गजानना श्री गणराया	https://youtu.be/fV8WIzEHD-E?si=QoCkMznHOJj-qUjD			
	-	सुनो गणपति बाप्पा मौर्या	https://youtu.be/WFBpMrcaxXA?si=XJBNsWCipgSiL04x			
	-	गणपति अपने गाँव चले	https://youtu.be/wiIJr3qihaQ?si=-f9FdXR6zpC7iHDa			
	-	मेरे मन मंदिर में तुम भगवान रहे,	https://youtu.be/GiUkwTxsaYA?si=tAnNkeZ1LrxBim0v			
						
KATHA 						
	-	श्री गणेश जन्म कथा	https://youtu.be/QiWkw-7QdfA?si=bJLHJe2-Y4ZfMgmJ			
	-	पृथ्वी परिक्रमा कथा	https://youtu.be/msKSippIeOE?si=RB6UilhxgjzXDxD7			
	-	संकष्टी चतुर्थी व्रत कथा 	https://youtu.be/9Y6wrYQ9l9M?si=ob2XoW3B-NceWETE			
	-	गणेश जी ने कुबेर का घमंड कैसे तोडा 	https://youtu.be/V6bdNotAvpo?si=9hIdxzdEVzGvDDFg			
	-	कौनसा श्राप मिला चंद्रदेव को श्री गणेशजी द्वारा ?	https://youtu.be/-2zGr9Q91DI?si=gMHKwO6c9ve5z6m4			
	-	महाभारत का लेखन किसने किया था 	https://youtu.be/MSx6PEo6egQ?si=M3Ja4Dll3sYeFwXf			
	-	जानिये कैसे जन्म हुआ देवी रिद्धि-सिद्धि का, कैसे हुआ श्री गणेश से विवाह	https://youtu.be/JIazMEU8_mA?si=RL-ZsSegD_ZJq3ni			
	-	श्री गणेश के एकदंत अवतार की कहानी ।	https://youtu.be/YdLl-NUNFfU?si=t6rZyAy36jBLB7J9			
	-	हुआ इतना भयंकर युद्ध के परशुराम जी गणेशजी का दांत तोड़ दिया	https://youtu.be/wm-3ncCBg04?si=5Aihv_vmNlN4pzYT			
						
KRISHNA JI 						
						
MANTRA 						
	बीज मंत्र	कृं कृष्णाय नमः	https://youtu.be/tnwdmXa8Kcg?si=H4M-lZvX4nwDP-bn			
	मुक्ति मंत्र	ॐ नमो भगवते वासुदेवाय	https://youtu.be/felGgBmnx-I?si=YoB5C1tli8tX3Kpx			
	महामंत्र	हरे कृष्ण हरे कृष्ण, कृष्ण कृष्ण हरे हरे। हरे राम हरे राम, राम राम हरे हरे॥	https://youtu.be/Zdcth9NndEA?si=cBoFKjOpIFF2NbjP			
	-	श्री कृष्णाय शरणं मम	https://youtu.be/1y2tRqtND1Y?si=Oc1VslQStdIS9Z13			
	-	ॐ क्लीं कृष्णाय नमः	https://youtu.be/WqiKUywr55o?si=sx_88WGHIxnkZoNM			
	कृष्ण गायत्री	ॐ देवकीनन्दनाय विद्महे वासुदेवाय धीमहि तन्नो कृष्ण: प्रचोदयात्॥	https://youtu.be/yzwVyns93nc?si=UqzAJ3pjM1DUhsI7			
	-	 गोकुल नाथाय नमः	https://youtu.be/qDt6N68WHy8?si=97ZxYRIXVb01K6_h			
	-	गोवल्लभाय स्वाहा	https://youtu.be/6w3wN89oLfo?si=heaJxtbjFicJCK7E			
	-	ॐ क्लीं ग्लौं क्लीं श्यामलांगाय नमः	https://youtu.be/b5T-oidQLAM?si=JDp71GyzjmCfIrCP			
						
STOTRAM						
	गोपाल सहस्रनाम स्तोत्र	कस्तूरीतिलकं ललाटपटले वक्ष:स्थले कौस्तुभं नासाग्रे वरमौत्तिकं करतले वेणुं करे कंकणम ।	https://youtu.be/sjWftsKY17c?si=mLCx34MI5E8Wd-Yo			
	-	मुकुंद माला स्तोत्र	https://youtu.be/ZTs6tcgm0lE?si=zJdwNIS-eYe8GMet			
	-	श्री कृष्ण अष्टोत्तर शतनाम स्तोत्र (108 नाम)	https://youtu.be/K3oE-h8Lgxk?si=H2NeiSvZDFyeitvU			
	-	ब्रह्म संहिता	https://youtu.be/0pSbpQcCBNc?si=uR5GGoDtiu4sh4nB			
	-	नारायणीयम्	https://youtu.be/vheWrSxvQf8?si=WSd_Oh9eIu29WaY4			
	-	संतान गोपाल स्तोत्र	https://youtu.be/gyLT2Yz_yHo?si=6boX0E4ODR2nuxV9			
						
CHALISA						
	-	कृष्णा चालीसा 	https://youtu.be/EJufdp0WS0Q?si=fLbrGiYjPfMbjZp1			
	-	गोपाल चालीसा	https://youtu.be/hiZB_bwV0R4?si=NwWWTjZTLwZtJvLZ			
						
ASHTAKAM						
	कृष्ण अष्टकम	भजेव्रजैकमण्डनंसमस्तपापखण्डनं, स्वभक्तचित्तरञ्जनंसदैव नन्दनन्दनम्।	https://youtu.be/PvdeDNeCiQc?si=T6FiME_l0gc5pd7S			
						
STUTI						
	-	बाल मुकुंद स्तुति	https://youtu.be/0l0Kf_JdzGA?si=sub1fmI9QPj7Pvfy			
	-	राधा-कृष्ण युगल स्तुति	https://youtu.be/7VCiJ2N-1EA?si=Twq1UgJi0jETyqeg			
	-	श्री द्वारकाधीशजी की शयन स्तुति	https://youtu.be/5FU1Zb4oXc8?si=iLU2g9Q85rMkbpD_			
	-	कुन्ती स्तुति 	https://youtu.be/Wc3Ng3y4KL0?si=Udob2a9WMS6kOpua			
						
AARTI						
	-	आरती कुंजबिहारी की	https://youtu.be/EMO1AT1UQf0?si=YEPhm4K955xBp6RB			
	-	ॐ जय श्री कृष्ण हरे	https://youtu.be/NoX2I_mdzA8?si=83tsDkr6saVzcOu3			
	-	आरती श्री बांके बिहारी तेरी आरती गाऊं	https://youtu.be/6LO2PRgbutc?si=yww6-9PsBDlf4jy1			
	-	जय कान्हा काला, प्रभु जय कान्हा काला	https://youtu.be/t_ULrM1Ei6k?si=1ZDLM8HZvDtov936			
	-	आरती श्री बाल कृष्ण जी की	https://youtu.be/xlaAaxz_tpQ?si=2ky0i3tyEWSaLvi0			
	-	आरती जुगल किशोर की	https://youtu.be/6em96KXH2uY?si=3lnyN7ceeQdMOk9s			
	-	जय जगदीश हरे 	https://youtu.be/3ucCEjXS9n8?si=xmxtRMfp2MqjYvJP			
	-	 द्वारकाधीश आरती	https://youtu.be/Eadz0b0AK4M?si=PDjr0UDP8HdWcMPs			
						
SHLOKAS						
	-	वसुदेवसुतं देवं कंसचाणूरमर्दनम्। देवकीपरमानन्दं कृष्णं वन्दे जगद्गुरुम्॥	https://youtu.be/DdnIrdIyXPk?si=J0UsLQg_mLhBHqx8			
	-	मूकं करोति वाचालं पंगुं लंघयते गिरिम्। यत्कृपा तमहं वन्दे परमानन्द माधवम्॥	https://youtu.be/AkCYiUsdArw?si=jLgaTztsiNDDIvg5			
	-	यदा यदा ही धर्मस्य ग्लानिर्भवति भारत। अभ्युत्थानमधर्मस्य तदात्मानं सृजाम्यहम्॥	https://youtu.be/1AOgbhmP0ig?si=HztCRx46d8XXa16m			
	-	कर्मण्येवाधिकारस्ते मा फलेषु कदाचन। मा कर्मफलहेतुर्भूर्मा ते सङ्गोऽस्त्वकर्मणि॥	https://youtu.be/m0VD0vSXNXQ?si=rYvcj8atb4ReJtxk			
	-	सर्वधर्मान्परित्यज्य मामेकं शरणं व्रज। अहं त्वां सर्वपापेभ्यो मोक्षयिष्यामि मा शुचः॥	https://youtu.be/iNgFM6NKDxQ?si=HeemCWcs6L3oteQQ			
	-	हे कृष्ण करुणा सिन्धु दीन बन्धु जगत पते। गोपेश गोपिका कान्त राधा कान्त नमोस्तुते॥	https://youtu.be/k6oKjApcd8k?si=iALtB1Cbee031oOL			
						
BHAJAN						
	-	अच्युतम केशवम कृष्ण दामोदरम	https://youtu.be/3yczGKnskts?si=kXnjK3iThd_asoFy			
	-	सांवली सूरत पे मोहन दिल दीवाना हो गया	https://youtu.be/yaw7T0GnNr0?si=h1dYb9144M_yWkUP			
	-	छोटी छोटी गईया छोटे छोटे ग्वाल	https://youtu.be/XzqJUoSDHZU?si=8-LAQkUg8tq7ov6T			
	-	श्याम तेरी बंसी पुकारे राधा नाम	https://youtu.be/XJqKbDxAa3U?si=8QX2YAec4EyoDiPP			
	-	यशमति मैया से बोले नंदलाला	https://youtu.be/yWTN6bsDWN4?si=Lzw6_QbV5g85uOt9			
	-	कन्हैया ले चल परली पार	https://youtu.be/cdc_bgVMkOs?si=iecRdyTDMAfElETW			
	-	नंद के आनंद भयो जय कन्हैया लाल की	https://youtu.be/rSKgqcv-eoc?si=ncBCgt4hMLfctP-G			
	-	बड़ी देर भई नन्दलाला	https://youtu.be/dheA6Pqjtm4?si=RiRbLmj8Bev2rpIx			
	-	मीठे रस से भरयोड़ी राधारानी लागे	https://youtu.be/SMBeENVIFjk?si=WUZ0mVEySHXROaQ2			
						
KATHA 						
		श्री कृष्ण जन्म कथा:	https://youtu.be/DCkMeVhmiC4?si=jcdhcguIvw6rcsQE			
		कालिया नाग मर्दन	https://youtu.be/AB2sbXuL9kQ?si=MElc9dj-urTPQgvo			
		गोवर्धन जी कथा	https://youtu.be/mmVbmowFswQ?si=pZE5fw0QkulqRM2W			
		माखन चोरी लीला	https://youtu.be/-AXtzS1ytAc?si=5FAkilAIp3wx-dXp			
		श्रीकृष्ण ने किया कंस का वध	https://youtu.be/adxlvgEH10Y?si=REKtFgT6xzkRzPjN			
		सुदामा चरित्र	https://youtu.be/U2Eoov4alUA?si=ac_jo8SuW3a-_23H			
		द्रोपदी चीर हरण एक दर्दनाक सत्य कहानी	https://youtu.be/-fUdc_XQ_r8?si=KKo6QkS23XZzJqmh			
		नरकासुर वध कथा...	https://youtu.be/lnoXCvbRetI?si=VVTxM9JEQj9a8_Y7			
						
						
DURJA JI 						
						
MANTRA 						
	बीज मंत्र	ॐ दुं दुर्गायै नमः	https://youtu.be/jB4aaP2X7S4?si=fNw_s_3Ep9aH-uJZ			
	नवार्ण मंत्र	ॐ ऐं ह्रीं क्लीं चामुण्डायै विच्चे	https://youtu.be/cdlS1XC3Gus?si=k-Ox-2oKGYu1DiOb			
	-	सर्वमंगल मांगल्ये शिवे सर्वार्थ साधिके। शरण्ये त्र्यम्बके गौरी नारायणि नमोऽस्तुते॥	https://youtu.be/Yof1Vrh5TK0?si=s3diaEG-5Tn4r_2c			
	-	ॐ ह्रीं दुं दुर्गायै नमः	https://youtu.be/GHBynIok2Lo?si=uHYmAAtpv22yQ64n			
	-	या देवी सर्वभूतेषु शक्ति-रूपेण संस्थिता। नमस्तस्यै नमस्तस्यै नमस्तस्यै नमो नमः॥	https://youtu.be/hiBxKwtn08Q?si=2-hlooiVaBcLrIbb			
	सौभाग्य प्राप्ति हेतु	देहि सौभाग्यमारोग्यं देहि मे परमं सुखम्। रूपं देहि जयं देहि यशो देहि द्विषो जहि॥	https://youtu.be/OKRVaXU01kI?si=3YMdFbLtHjcGJ4sE			
	-	शरणागत दीनार्त परित्राण परायणे। सर्वस्यार्तिहरे देवि नारायणि नमोऽस्तुते॥	https://youtu.be/O0dGIsqbMsw?si=shotKSeK8r1k9C7N			
	-	ॐ जयन्ती मङ्गला काली भद्रकाली कपालिनी। दुर्गा क्षमा शिवा धात्री स्वाहा स्वधा नमोऽस्तुते॥	https://youtu.be/r66ySZ7iipM?si=FM_yp5XcLh9cQ4q0			
	-	सृष्टिस्थितिविनाशानां शक्तिभूते सनातनि। गुणाश्रये गुणमये नारायणि नमोऽस्तुते॥	https://youtu.be/BmoR0Wdw62Y?si=XrxETRzByga49y4q			
	दुर्गा गायत्री	ॐ गिरिजायै विद्महे शिवप्रियायै धीमहि तन्नो दुर्गा प्रचोदयात्॥	https://youtu.be/01mE3zDTifE?si=SoXuQjej3MBXv8AX			
						
STOTRAM						
	दुर्गा सप्तशती:	सबसे महान ग्रंथ, जिसमें 700 श्लोक हैं	https://youtu.be/Cn_MBUfZSQo?si=RyVPFTFe6tGrNzAX			
	श्री अर्गला स्तोत्रम	जयन्ती मङ्गला काली...	https://youtu.be/YD0eXOX6gbo?si=imwcbkJIn2dnyT97			
	कीलक स्तोत्रम	-	https://youtu.be/5hPQUvaahhg?si=cqtLDH7VLQkac6QA			
	सिद्ध कुंजिका स्तोत्र:	श्रृणु देवि प्रवक्ष्यामि कुंजिकास्तोत्रमुत्तमम्	https://youtu.be/m8koxlMwZBQ?si=mh01vb9TnBQKXSA6			
	-	येन मन्त्रप्रभावेण चण्डिजाप: शुभो भवेत्				
	देवी अथर्वशीर्ष	ॐ सर्वे वै देवा देवीमुपतस्थुः कासि त्वं महादेवीति ॥ १॥	https://youtu.be/edDTogeyCbI?si=AOTg_gvIfbq5CZxC			
	दुर्गा अष्टोत्तर शतनाम स्तोत्र (108 नाम)	शतनाम प्रवक्ष्यामि शृणुष्व कमलानने।	https://youtu.be/sAmQN4pox2I?si=J09EISlVTH8pxduh			
		यस्य प्रसादमात्रेण दुर्गा प्रीता भवेत्सती॥				
	महिषासुरमर्दिनी स्तोत्र	अयिगिरिनन्दिनि नन्दितमेदिनि विश्वविनोदिनि नन्दनुते गिरिवरविन्ध्य-शिरोधिनिवासिनि विष्णुविलासिनि जिष्णुनुते।	https://youtu.be/4CKpFcQdJXk?si=2OkdCoCBxDs78Tcv			
	देव्यपराधक्षमापन स्तोत्र	न मत्रं नो यन्त्रं तदपि च न जाने स्तुतिमहो न चाह्वानं ध्यानं तदपि च न जाने स्तुतिकथाः ।	https://youtu.be/bHVtLb9ulLI?si=QSFicf7SbPqwDAj0			
	दुर्गा कवच	ॐ नमश्चण्डिकायै। ॐ यद्गुह्यं परमं लोके सर्वरक्षाकरं नृणाम्।	https://youtu.be/mKvxMv3XrWA?si=EvZPdf6e3LLIrBmF			
						
CHALISA						
	-	श्री दुर्गा चालीसा	https://youtu.be/fsMzgFMMGxA?si=vMcngDgu3vYUf4te			
						
ASHTAKAM						
	श्री दुर्गा अष्टकम्	कात्यायनि महामाये खड्गबाणधनुर्धरे।	https://youtu.be/7hpt3DFGsgk?si=45BB1NayOe2rS_lH			
		खड्गधारिणि चण्डि दुर्गादेवि नमोऽस्तु ते				
	भवानी अष्टकम	न तातो न माता न बंधुर्न दाता न पुत्रो न पुत्री न भृत्यो न भर्ता	https://youtu.be/KHQGmOCP7hQ?si=L4kZDdZJP8wnbERN			
						
STUTI						
	-	दुर्गा क्षमा प्रार्थना:	https://youtu.be/3AwodovEc0k?si=9W4WxeT0tqcjxqYF			
	-	देवी स्तुति:	https://youtu.be/98tKisf10-I?si=f1PmcHWoeyC0xT7A			
	-	ब्रह्माकृत देवी स्तुति	https://youtu.be/FCbDRLU0Myo?si=IoI0iDvLF12CGPQt			
	-	शैलपुत्री स्तुति (नवदुर्गा की प्रथम स्तुति)	https://youtu.be/-F8zV3pMZA0?si=dvF2Hygp_GMOwI5C			
	-	सिद्धिदात्री स्तुति	https://youtu.be/_A4sg_F1Za4?si=ha8pQ_NJgTiJwJvV			
						
AARTI						
	-	जय अम्बे गौरी, मैया जय श्यामा गौरी (सबसे प्रसिद्ध)	https://youtu.be/-rKAOaS7Q3I?si=l89QDnB3pqc2rsJx			
	-	अम्बे तू है जगदम्बे काली, जय दुर्गे खप्पर वाली	https://youtu.be/dVTUUtOHUCA?si=Uk_2RDtvaypwtFhK			
	-	जय सरस्वती माता	https://youtu.be/TTVAyS9wOV4?si=lwrEOKvRzRWGLKkD			
	-	आरती विन्ध्येश्वरी माता की	https://youtu.be/Wa0K7gf7BUs?si=NHJofs11z4hjbs9d			
	-	आरती शीतला माता की	https://youtu.be/SVO3zWQVbIQ?si=g0bAIqtMwdXLbBew			
	-	जय वैष्णव माता आरती	https://youtu.be/7TMeGrAiYXg?si=trZ1yP_Ejvtw9smG			
	-	 माता चामुंडा देवी जी की आरती 	https://youtu.be/X6rKpVJoxaQ?si=4bKv512qTO2pl7fJ			
	-	भोर भई दिन चढ़ गया मेरी अम्बे	https://youtu.be/A4WW9ezwazc?si=8R3ZrJ_Yn27l_iQS			
						
SHLOKAS						
	-	सर्वमङ्गलमाङ्गल्ये शिवे सर्वार्थसाधिके। शरण्ये त्र्यम्बके गौरि नारायणि नमोऽस्तु ते॥	https://youtu.be/ZdBVEV5u2To?si=em-5O2iYoV9z50BF			
	-	या देवी सर्वभूतेषु शक्तिरूपेण संस्थिता। नमस्तस्यै नमस्तस्यै नमस्तस्यै नमो नमः॥	https://youtu.be/3hNchYO61N0?si=6cEKmQN6_sHFHNOp			
	-	जयन्ती मङ्गला काली भद्रकाली कपालिनी। दुर्गा क्षमा शिवा धात्री स्वाहा स्वधा नमोऽस्तु ते॥	https://youtu.be/r66ySZ7iipM?si=NEjamA32NPb6T0qz			
	-	देहि सौभाग्यमारोग्यं देहि मे परमं सुखम्। रूपं देहि जयं देहि यशो देहि द्विषो जहि॥	https://youtu.be/OKRVaXU01kI?si=_uw6ukhpng-Bgeg6			
	-	शरणागतदीनार्तपरित्राणपरायणे। सर्वस्यार्तिहरे देवि नारायणि नमोऽस्तु ते॥	https://youtu.be/O0dGIsqbMsw?si=YMDdBnbEnw14QNiR			
						
BHAJAN						
	-	तूने मुझे बुलाया शेरावालिये	https://youtu.be/kQiH4Qk63d4?si=xJ20b6pNl1tzb3WQ			
	-	चलो बुलावा आया है, माता ने बुलाया है	https://youtu.be/UIvpNrP4WQs?si=TYg6D7vN9AGO-z1B			
	-	नंगे नंगे पांव चला आ गया री मैया	https://youtu.be/2XpXPwJYoQ8?si=_vr7sS1wOceTQRuV			
	-	भेजा है बुलावा तूने शेरावालिये	https://youtu.be/Xx1Cn67LaEE?si=FGsgWDyBnyKTM23T			
	-	मैया का चोला है रंगला	https://youtu.be/IHyTxAR51Ow?si=s3YaBX3DMcnlWt3a			
	-	मन लेके आया माता रानी के भवन में	https://youtu.be/UUAJFjov7Xo?si=PVM9wcbMaKarr7VK			
	-	प्यारा सजा है तेरा द्वार भवानी	https://youtu.be/M0E506vc8r0?si=JsUayaaeFsxPeJfO			
	-	मैया तेरी जय जयकार	https://youtu.be/9w9SVujBfxo?si=AtgSefqNs0QBxKeN			
	-	लली लली लाल चुनरिया	https://youtu.be/APztwI6m1KI?si=6ZVQo_B3b2opJ6nP			
						
KATHA 						
	-	महिषासुर वध की कथा:	https://youtu.be/GM-1L-Hglnw?si=_teScPV7tR8KzYXg			
	-	शुम्भ-निशुम्भ वध की कथा	https://youtu.be/gxbN66VZYg8?si=cQSq0GNZhJhrZq7H			
	-	मधु-कैटभ वध की कथा	https://youtu.be/nfcB83GU-_A?si=zXSza_hbe-7mKa68			
	-	माता सती और 51 शक्तिपीठ की कथा	https://youtu.be/8SdAQcExa0E?si=ts9zw3Z2pRUl_coi			
	-	नवदुर्गा के 9 रूपों की कथा:	https://youtu.be/MsuWbBoSwX8?si=IFfR6QCJJe2EqkWh			
	-	वैष्णो देवी की कथा:	https://youtu.be/3H_zLywdgvE?si=eWQbQtfcA4zP25oc			
	-	रक्तबीज वध की कथा:	https://youtu.be/ApZoQJ8UK_8?si=BGN6jaJOsMmfcwqb			
	-	माता पार्वती का कठिन तप और शिव से विवाह	https://youtu.be/LUzsbfl93Q4?si=JYCRHHaA6P3eVuyU			
						
						
						
						
						
सुबह उठते ही						
	करादर्शनम्	सुबह आँख खुलते ही हथेलियों को देखकर।	कराग्रे वसते लक्ष्मी: करमध्ये सरस्वती। करमूले तु गोविन्द: प्रभाते करदर्शनम्॥	दिन की शुरुआत सकारात्मकता और समृद्धि से होती है।	https://youtu.be/UJZZyryDK00?si=rnb6ybLJ1g19xgWw	
	पृथ्वी क्षमा प्रार्थना	बिस्तर से नीचे पैर रखने से पहले।	समुद्रवसने देवि पर्वतस्तनमण्डले। विष्णुपत्नि नमस्तुभ्यं पादस्पर्शं क्षमस्वमे॥	धरती माता के प्रति सम्मान और अहंकार का नाश।	https://youtube.com/shorts/Is7xRqhvlvU?si=qARyNsuIj0WI9zTT	
	नवग्रह प्रभात मंत्र	उत्तर दिशा की ओर मुख करके।	ब्रह्मा मुरारिस्त्रिपुरान्तकारी भानु: शशी भूमिसुतो बुधश्च। गुरुश्च शुक्र: शनिराहुकेतव: कुर्वन्तु सर्वे मम सुप्रभातम॥	ग्रहों के अशुभ प्रभाव कम होते हैं और पूरा दिन मंगलमय बीतता है।	https://youtube.com/shorts/A01Ms9WILjA?si=KGdLKpQz4FqoFG9l	
	मंगल स्मरण मंत्र	भगवान का ध्यान करते हुए।	ॐ गणानां त्वा गणपतिं हवामहे कविं कवीनामुपमश्रवस्तमम्। ज्येष्ठराजं ब्रह्मणां ब्रह्मणस्पत आ न: शृण्वन्नूतिभि: सीद सादनम्॥	कार्यों में सिद्धि मिलती है।	https://youtube.com/shorts/aOHRIfSBjwY?si=zMFYh2Zdz7XqFqEC	
	पंचकन्या स्मरण	मन ही मन स्मरण करें।	अहल्या द्रौपदी सीता तारा मन्दोदरी तथा। पञ्चकं ना स्मरेन्नित्यं महापातकनाशनम्॥	पापों का नाश होता है।	https://youtube.com/shorts/r4k-aM0MJ2w?si=Qjs577cDJd79KsFl	
						
नहाने के समय						
	स्नान मंत्र	जल को स्पर्श करते हुए।	गङ्गे च यमुने चैव गोदावरि सरस्वति। नर्मदे सिन्धु कावेरि जलेऽस्मिन् संनिधिं कुरु॥	तीर्थ स्नान का फल मिलता है	https://youtu.be/psLJhxiQ85o?si=2-SNh1BWmsciWde8	
	वरुण मंत्र	पानी डालते समय।	ॐ वं वरुणाय नमः।	जल देवता की कृपा और शुद्धि।	https://youtu.be/xD_nK8TBYUQ?si=TjCJDoV0_CM_-6Xh	
						
						
नहाने के बाद						
	सूर्य अर्घ्य	सूर्य को जल देते समय।	एहि सूर्य सहस्त्रांशो तेजोराशे जगत्पते। अनुकम्पय मां भक्त्या गृहाणार्घ्यं दिवाकर॥	आत्मविश्वास, नेत्र ज्योति और तेज (Glow) बढ़ता है।	https://youtube.com/shorts/R-DMV8NHR3g?si=EIPgctHvzEgL2I5Q	
	गायत्री मंत्र	सूर्य की ओर मुख करके।	ॐ भूर्भुव: स्व: तत्सवितुर्वरेण्यं भर्गो देवस्य धीमहि धियो यो न: प्रचोदयात्॥	बुद्धि और एकाग्रता बढ़ती है।	https://youtube.com/shorts/DnPBZvI1YCg?si=2O3c1NfZk4fj_OzH	
	शिव पंचाक्षर	भस्म या तिलक लगाते समय।	ॐ नमः शिवाय।	मन शांत और शक्तिशाली होता है।	https://youtube.com/shorts/AK-fDVxDV6A?si=hJqXBNcFgGpUmF7A	
	चंदन लगाने का मंत्र	माथे पर तिलक या चन्दन लगाते समय।	ॐ चन्दनस्य महत्पुण्यं, पवित्रं पापनाशनम्। आपदां हरते नित्यं, लक्ष्मीस्तिष्ठति सर्वदा॥	मन शांत रहता है और व्यक्तित्व में आकर्षण बढ़ता है।	https://youtube.com/shorts/gzd3cfS-SIE?si=LbgxNx5RT8Dak9i3	
	तुलसी प्रार्थना	सुबह तुलसी में जल देते समय।	महाप्रसादजननी सर्वसौभाग्यवर्धिनी। आधिव्याधिहरा नित्यं तुलसी त्वं नमोऽस्तुते॥	घर में सुख-शांति रहती है और बीमारियाँ दूर होती हैं।	https://youtube.com/shorts/_fGRay5SF5k?si=NRI8iKUB1ASVK3nK	
						
भोजन से पहले						
	ब्रह्मार्पण मंत्र	थाली पर जल छिड़क कर। , भोजन शुरू करने से पहले।	ब्रह्मार्पणं ब्रह्म हविर्ब्रह्माग्नौ ब्रह्मणा हुतम्। ब्रह्मैव तेन गन्तव्यं ब्रह्मकर्मसमाधिना॥	भोजन सात्विक ऊर्जा देता है।	https://youtu.be/CY0le0A1spY?si=FnNo2p4vCGM_2sQi	
	अन्नपूर्णा स्तुति	हाथ जोड़कर।	ॐ अन्नपूर्णे सदापूर्णे शंकरप्राणवल्लभे। ज्ञानवैराग्यसिद्ध्यर्थं भिक्षां देहि च पार्वति॥	घर में बरकत बनी रहती है।	https://youtube.com/shorts/RM8VZu4aFFA?si=hcKNCncaQbr3yGl6	
	शांति मंत्र	एक साथ बैठकर।	सह नाववतु। सह नौ भुनक्तु। सह वीर्यं करवावहै। तेजस्वि नावधीतमस्तु मा विद्विषावहै॥	आपसी प्रेम और शक्ति बढ़ती है।	https://youtu.be/iRVIbOMymj0?si=p9yfDWWAsb63wtMq	
						
भोजन के बाद						
	अगस्त्य मंत्र	खाना खाने के बाद। , पेट पर हाथ फेरते हुए।	अगस्त्यं कुम्भकर्णं च शनिं च बडवानलम्। आहार परिणामार्थं स्मरेद्भीमं च पञ्चमम्॥	पाचन शक्ति (Digestion) अच्छी होती है।		https://youtube.com/shorts/IXIA0ua2WDs?si=4cKvCmZ8Ew4lFZnq
	कृतज्ञता	अन्न का आभार मानकर।	अन्नदाता सुखी भव।	संतोष और शांति मिलती है।	https://youtu.be/RqWyAbDZkxg?si=FTezx_rtvlQGO4hP	
	चरणामृत मंत्र	भगवान का चरणामृत ग्रहण करते समय।	अकालमृत्युहरणं सर्वव्याधिविनाशनम्। विष्णोः पादोदकं पीत्वा पुनर्जन्म न विद्यते॥	स्वास्थ्य उत्तम रहता है और आध्यात्मिक उन्नति होती।	https://youtube.com/shorts/1z4ohQ5wjVQ?si=qFSjLi160P6jWR1Q	
						
पूजा के समय						
	आसन मंत्र	पूजा के आसन पर बैठने से पहले।	पृथ्वि त्वया धृता लोका देवि त्वं विष्णुना धृता। त्वं च धारय मां देवि पवित्रं कुरु चासनम्॥	पूजा का पूरा फल मिलता है	https://youtu.be/yXymIcFJVTY?si=E3QSPPbXbaayLBXy	
	दीप मंत्र	दीया जलाते समय।	शुभं करोति कल्याणमारोग्यं धनसंपदा। शत्रुबुद्धिविनाशाय दीपज्योतिर्नमोऽस्तुते॥	आरोग्य और धन मिलता है।	https://youtube.com/shorts/jBIA9Ap-VR0?si=3Gxj8KQQsu6h2icW	
	गणेश वंदना	दीपक जलाकर	वक्रतुण्ड महाकाय सूर्यकोटि समप्रभ। निर्विघ्नं कुरु मे देव सर्वकार्येषु सर्वदा॥	विघ्न दूर होते हैं।	https://youtube.com/shorts/hzQqfRM-mtA?si=whkvJBQngpHbomLh	
	गुरु वंदना	गुरु का ध्यान करके।	गुरुर्ब्रह्मा गुरुर्विष्णु: गुरुर्देवो महेश्वर:। गुरु: साक्षात् परब्रह्म तस्मै श्रीगुरवे नम:॥	अंधकार दूर होता है।	https://youtube.com/shorts/ycvqpPFyQSU?si=tJjnZm6QMTDBoMPY	
	अर्पण मंत्र	हाथ में जल लेकर छोड़ें।	कायेन वाचा मनसेन्द्रियैर्वा बुध्यात्मना वा प्रकृते: स्वभावात्। करोमि यद्यत् सकलं परस्मै नारायणायेति समर्पयामि॥	ईश्वर को समर्पण।	https://youtu.be/CAc9h7oTjrM?si=VVFbSow3YEgGraj0	
	आचमन मंत्र	पूजा शुरू करने से पहले तीन बार जल पीते समय।	ॐ केशवाय नमः, ॐ नारायणाय नमः, ॐ माधवाय नमः।	मन और अंतःकरण की शुद्धि होती है।	https://youtu.be/EeGBRq880uU?si=5C-5VPQu7MQKBmTM	
	पुष्पाञ्जलि श्लोक	जो पूजा के अंत में भगवान को फूल अर्पित करते समय पढ़ा जाता है	नानासुगन्धिपुष्पाणि यथाकालोद्भवानि च । पुष्पाञ्जलिर्मयादत्त गृहाण परमेश्वर ॥	पूजा को पूर्णता, मानसिक शांति, सकारात्मक ऊर्जा और ईश्वर की कृपा प्रदान करता है	https://youtube.com/shorts/vYcSZAYfzaM?si=x1ZVFUHW2SanoxGv	
						
पूजा के बाद						
	पूर्णमदः मंत्र	प्रणाम करते हुए।	ॐ पूर्णमद: पूर्णमिदं पूर्णात्पूर्णमुदच्यते। पूर्णस्य पूर्णमादाय पूर्णमेवावशिष्यते॥	मन में पूर्णता आती है।	https://youtube.com/shorts/l-Ky7bRU7Ys?si=O7bu3zjBGyfRjwVm	
	प्रदक्षिणा मंत्र	मंदिर या पूजा के बाद परिक्रमा करते समय।	यानि कानि च पापानि जन्मान्तरकृतानि च। तानि सर्वाणि नश्यन्तु प्रदक्षिण पदे पदे॥	पापों का क्षय होता है और मन हल्का होता है।	https://youtube.com/shorts/5fSrgIFS_EM?si=URx57pYNWGu7fTip	
						
सोने से पहले						
	हनुमान मंत्र	बिस्तर पर बैठकर।	रामस्कन्धं हनुमन्तं वैनतेयं वृकोदरम्। शयने य: स्मरेन्नित्यं दु:स्वप्नस्तस्य नश्यति॥	डरावने सपने नहीं आते।	https://youtu.be/2dv4rUhuBEg?si=uTSd8zAclqdT1YTC	
	रक्षा मंत्र	सुरक्षा की भावना के साथ।	जले रक्षतु वाराह: स्थले रक्षतु वामन:। अटव्यां नारसिंहश्च सर्वत: पातु केशव:॥	चारों ओर से सुरक्षा।	https://youtu.be/DkoN-b0YrAs?si=7Oa0wGZzVspJfpt9	
	शयन मंत्र	दाहिनी करवट लेटकर।	शांताकारं भुजगशयनं पद्मनाभं सुरेशं...	भगवान विष्णु की शरण।	https://youtube.com/shorts/W8_pcfb0Mgk?si=Nb9rTpxGI6TMzTDo	
	क्षमा याचना	दिनभर की माफ़ी मांगते हुए।	करचरण कृतं वाक्कायजं कर्मजं वा। श्रवणनयनजं वा मानसं वापराधम्। विहितमविहितं वा सर्वमेतत्क्षमस्व॥	मन शुद्ध होता है।	https://youtu.be/zM3ML2Exxlo?si=YJtOX3Gvds7hHr85	
	विष्णु स्मरण	आँखें बंद करके।	अच्युतं केशवं रामनारायणं कृष्णदामोदरं वासुदेवं हरिम्। श्रीधरं माधवं गोपिकावल्लभं जानकीनायकं रामचन्द्रं भजे॥	शांति और गहरी नींद।	https://youtube.com/shorts/G-LD7NIP8Vs?si=spLFLTo06gHTTYLv	
						
						
🧘 Peace of Mind						
🕉️ Mantras						
	मंत्र का नाम	मंत्र	लाभ	यूट्यूब लिंक		
						
	ओम चैंटिंग	ॐ	 मानसिक शांति, तनाव मुक्ति और एकाग्रता बढ़ाने का एक शक्तिशाली उपाय है।	https://youtu.be/8sYK7lm3UKg?si=KT8XY7gMP0pyZAwq		
	गायत्री मंत्र	ॐ भूर्भुवः स्वः तत्सवितुर्वरेण्यं भर्गो देवस्य धीमहि धियो यो नः प्रचोदयात्	बुद्धि और मानसिक स्पष्टता के लिए।	https://youtu.be/nwRoHC83wx0?si=f1Akd4C3BSvXNJaE		
	शांति मंत्र	सह नाववतु। सह नौ भुनक्तु। सह वीर्यं करवावहै। तेजस्वि नावधीतमस्तु मा विद्विषावहै॥	यह हमारे मन को "सहयोग" और "सद्भाव" के भाव से भरता है।	https://youtu.be/iRVIbOMymj0?si=p9yfDWWAsb63wtMq		
	महामृत्युंजय मंत्र	ॐ त्र्यम्बकं यजामहे सुगन्धिं पुष्टिवर्धनम्। उर्वारुकमिव बन्धनान्मृत्योर्मुक्षीय माऽमृतात्॥	डर और घबराहट को खत्म करने के लिए।	https://youtu.be/OV9LXGOXjgs?si=0izGm1eYkmBS0343		
	शिव मंत्र	ॐ नमः शिवाय	आत्मविश्वास और आंतरिक स्थिरता के लिए।	https://youtu.be/bc1obsjb58c?si=oQIb1G1Fx1wOJ8Gw		
	महामंत्र	हरे कृष्ण हरे कृष्ण, कृष्ण कृष्ण हरे हरे। हरे राम हरे राम, राम राम हरे हरे॥	खुशी और तनाव से मुक्ति के लिए।	https://youtu.be/Zdcth9NndEA?si=cBoFKjOpIFF2NbjP		
	गणेश मंत्र	ॐ गं गणपतये नमः	मानसिक बाधाओं को दूर करने के लिए।	https://youtu.be/Naruxgq6oMU?si=xqSFGrw15ZFcqKY-		
	सर्वेशम शांति	ॐ सर्वेषां स्वस्तिर्भवतु, ॐ सर्वेषां शान्तिर्भवतु	मन को गहरी शांति, मानसिक स्थिरता, और सकारात्मक ऊर्जा मिलती है।	https://youtu.be/uZeqfUN1JQ0?si=Lb68rZWdE5QOk92U		
	बुद्ध मंत्र	बुद्धं शरणं गच्छामि	गहरी शांति और ध्यान के लिए।	https://youtu.be/ntpeQR7K0PI?si=4_9jjQ1cbxYs7wRa		
	लोका समस्ता	लोका: समस्ता: सुखिनो भवन्तु	करुणा और मानसिक सुकून के लिए।	https://youtu.be/kEqrQNWUVR0?si=QM6gM9QnfS6W2hi6		
	सरस्वती मंत्र	ॐ ऐं सरस्वत्यै नमः	एकाग्रता और फोकस बढ़ाने के लिए।	https://youtu.be/-NqX8zOZ62w?si=DWcjvgR9t3KYkz-D		
	हनुमान मंत्र	संकट कटे मिटे सब पीरा, जो सुमिरै हनुमत बलबीरा	पैनिक अटैक और डर दूर करने के लिए।	https://youtu.be/D46fCp06EfE?si=5_BNw_uMCsqb0prg		
	असतो मा	ॐ असतो मा सद्गमय । तमसो मा ज्योतिर्गमय । मृत्योर्मा अमृतं गमय ॥ ॐ शान्तिः शान्तिः शान्तिः ॥	आध्यात्मिक जागृति	https://youtu.be/Vwyo62x9yC4?si=M6kkN6Ue85KVUV8i		
	गुरु मंत्र	गुरुर्ब्रह्मा गुरुर्विष्णुः गुरुर्देवो महेश्वरः	जीवन में स्थिरता और मार्गदर्शन के लिए।	https://youtu.be/jXPk7TnZC4c?si=3IMkISoz8uz7DN_R		
	निर्वाण षटकम	चिदानन्दरूपः शिवोऽहम् शिवोऽहम्	अहंकार मुक्ति और परम शांति के लिए।	https://youtu.be/evTvChlKhwU?si=wgMr2Xt6m0Iqp9nf		
	महालक्ष्मी बीज मंत्र	ॐ श्रीं ह्रीं श्रीं कमले कमलालये प्रसीद प्रसीद ॐ श्रीं ह्रीं श्रीं महालक्ष्मयै नम:।	संतोष और मानसिक समृद्धि के लिए।	https://youtu.be/bcs4geISuy0?si=iIlUMsgUwP0VAQdf		
	सो-हम मंत्र	सो-हम	सांस को नियंत्रित कर मन शांत करता है।	https://youtu.be/0RuobL60yXw?si=YucAR53psxKFia7Z		
	दुर्गा मंत्र	ॐ दुं दुर्गायै नमः	सुरक्षा और मानसिक शक्ति के लिए।	https://youtu.be/jB4aaP2X7S4?si=fNw_s_3Ep9aH-uJZ		
	रा मा दा सा	रा मा दा सा सा से सो हंग	भावनात्मक उपचार और शांति के लिए।	https://youtu.be/Q4O3nI0bEWo?si=_xW_NCBXUyH3J6Em		
	अहं ब्रह्मास्मि	अहं ब्रह्मास्मि	आत्म-साक्षात्कार और चिंता निवारण।	https://youtu.be/25jTq5q9xTg?si=vzbCaQs5brOhmYv9		
	राम मंत्र	श्री राम जय राम जय जय राम	मन को पवित्र और शांत करने के लिए।	https://youtu.be/-1udu-1LpOo?si=pmbGDDSFyq5uJhX0		
	कृष्ण शरणम	श्री कृष्ण शरणं मम	समर्पण और तनाव-मुक्त रहने के लिए।	https://youtu.be/1y2tRqtND1Y?si=wVq_YTMXmSeZFrYr		
	नारायण मंत्र	ॐ नमो नारायणाय	आंतरिक संतुलन और सद्भाव के लिए।	https://youtu.be/BLn-f2DZN4Y?si=tdz0GGjNGQIWYzX4		
	त्वमेव माता च पिता त्वमेव	त्वमेव माता च पिता त्वमेव, त्वमेव बन्धुश्च सखा त्वमेव। त्वमेव विद्या द्रविणं त्वमेव, त्वमेव सर्वं मम देव देव॥	अकेलापन दूर करने और सहारा पाने के लिए।	https://youtu.be/JSVctoNlPKs?si=W7kvcuUvTsv_KM5A		
	अच्युतम केशवम	अच्युतम केशवम कृष्ण दामोदरम	भक्ति और मानसिक विश्राम के लिए।	https://youtu.be/3yczGKnskts?si=kXnjK3iThd_asoFy		
	गणेश बीज	ॐ गं गणपतये नमः	नकारात्मक ऊर्जा को खत्म करने के लिए।	https://youtu.be/Naruxgq6oMU?si=FcMrbfkDJoW6MNjX		
						
📜 Stotram / Ashtakam						
						
क्रम संख्या	नाम	प्रकार	मुख्य लाभ	यूट्यूब लिंक		
1	निर्वाण षटकम	स्तोत्रम	मन को विचारों से मुक्त कर शून्य (Silence) की अवस्था में ले जाता है।	https://youtu.be/nkH47o7C8ew?si=9laW-JgmfyfmaMTO		
2	लिंगाष्टकम	अष्टकम	इसकी लय सांसों को स्थिर करती है, जो गहरे ध्यान के लिए उत्तम है।	https://youtu.be/gW-Cz2AIWOs?si=J6a3b6OtnI-WH5RG		
3	शिव मानस पूजा	स्तोत्रम	मानसिक एकाग्रता बढ़ाता है क्योंकि इसमें मन से ही पूजा की जाती है।	https://youtu.be/zukqadAe9N8?si=M1D-iNfUXiTaOKDm		
4	मधुराष्टकम	अष्टकम	मन के क्रोध और कड़वाहट को शांत कर उसे मधुरता से भर देता है।	https://youtu.be/sdZpM8paUnM?si=nAeAA34E_6X4S8uO		
5	नारायण स्तोत्रम	स्तोत्रम	चिंता (Anxiety) और अशांति को दूर कर हृदय को सुकून देता है।	https://youtu.be/gsHIPGDctJ0?si=lAIFco1_0UhAKruS		
6	गुरुवाष्टकम	अष्टकम	वैराग्य और शांति का भाव जगाता है, जिससे बाहरी तनाव असर नहीं करता।	https://youtu.be/pv7ZiedzncE?si=qJEhamSNR06brz_v		
7	दक्षिणमूर्ति स्तोत्रम	स्तोत्रम	यह 'मौन के देवता' का पाठ है, जो आत्म-ज्ञान और आंतरिक मौन देता है।	https://youtu.be/LNrQLgfTGJA?si=Ny6Y5AKVVghnbuXG		
8	राम अष्टकम	अष्टकम	मन के भीतर के अनुशासन और मानसिक शक्ति को जागृत करता है।	https://youtu.be/EvfGBluQkSk?si=7z6NrixCl74aIvH_		
9	बिलवाष्टकम	अष्टकम	एकाग्रता (Focus) बढ़ाने और संकल्प को मजबूत करने के लिए प्रभावी है।	https://youtu.be/rZVj0e-KP2Y?si=3qFzBksINIHjQhL9		
10	कृष्ण अष्टकम	अष्टकम	मन को भक्ति के आनंद में डुबोकर नकारात्मकता से दूर ले जाता है।	https://youtu.be/PvdeDNeCiQc?si=GEiACiPyXCFv9oen		
						
						
🙏 Stuti						
क्रम संख्या	स्तुति का नाम	पूरा मंत्र / पहली पंक्ति	शांति/ध्यान में महत्व	यूट्यूब लिंक		
1	कर दर्शन स्तुति	कराग्रे वसते लक्ष्मी: करमध्ये सरस्वती। करमूले तु गोविन्द: प्रभाते करदर्शनम्॥	दिन की शुरुआत में मन को एकाग्र (Focus) करने और शांति के लिए सबसे श्रेष्ठ।	https://youtu.be/UJZZyryDK00?si=pS4DwK9XFn84QOnQ		
2	श्री राम स्तुति	श्री रामचंद्र कृपालु भजु मन हरण भवभय दारुणम्	मन के गहरे तनाव और अशांति को कोमलता से शांत करती है।	https://youtu.be/leVoi6kkp3o?si=v3atP52xIcpUEFs8		
3	शिव रुद्राष्टकम स्तुति	नमामीशमीशान निर्वाण रूपं, विभुं व्यापकं ब्रह्म वेद स्वरूपम्	ऊर्जा को स्थिर (Grounding) करती है और ध्यान को गहरा बनाती है।	https://youtu.be/8xvbnfVIJL4?si=nj45iNF3J8MaTlA_		
4	नारायण स्तुति	शांताकारं भुजगशयनं पद्मनाभं सुरेशं...	मन में 'शांति' और 'संतुष्टि' का भाव पैदा करने के लिए।	https://youtu.be/Im5TK-glA9M?si=9nkexVkWvXGF3cUA		
5	शिव मानस स्तुति	रत्नैः कल्पितमासनं हिमजलैः स्नानं च दिव्याम्बरं...	यह मन के अंदर की कल्पना शक्ति को शांत और स्थिर करती है।	https://youtu.be/HblVEP-ecEo?si=XaU9U-v4WoR7-NDE		
6	सरस्वती स्तुति	या कुन्देन्दुतुषारहारधवला या शुभ्रवस्त्रावृता...	मानसिक स्पष्टता और दिमाग को ठंडा रखने के लिए प्रभावी।	https://youtu.be/Njc1Hu6WPDU?si=2e_xq2AoGxLJomUg		
7	विष्णु मंगल स्तुति	मंगलम भगवान विष्णुः, मंगलम गरुडध्वजः...	शुभ ऊर्जा का संचार करती है जिससे ध्यान भटकना बंद होता है।	https://youtu.be/cMhYGo0T2nY?si=pRQzRi7ZNpSUe4nN		
8	अपराध क्षमापन स्तुति	न मन्त्रं नो यन्त्रं तदपि च न जाने स्तुतिमहो...	मन के बोझ और पछतावे को शांत कर उसे हल्का बनाती है।	https://youtu.be/03goUB9QgHw?si=HmTzxNfNMtTs68Vp		
9	श्री कृष्ण स्तुति	कस्तूरी तिलकं ललाट पटले वक्षःस्थले कौस्तुभं...	हृदय में प्रेम और आनंद भरकर मन को शांत करती है।	https://youtu.be/f_tCqLX6GNU?si=g9esdPlr_XnbbTWa		
10	दुर्गा शांति स्तुति	या देवी सर्वभूतेषु शान्ति-रूपेण संस्थिता...	यह सीधे तौर पर शांति की देवी का आह्वान करती है।	https://youtu.be/pEM6eMIB6Y0?si=sO9q8icj2HNS2_8r		
						
📖 Shlokas						
क्रम संख्या	स्रोत (Source)/श्लोक का नाम	श्लोक / मंत्र (हिंदी)	शांति और ध्यान में महत्व	यूट्यूब लिंक		
1	उपनिषद शांति पाठ	ॐ पूर्णमदः पूर्णमिदं पूर्णात् पूर्णमुदच्यते। पूर्णस्य पूर्णमादाय पूर्णमेवावशिष्यते॥	ईशावास्य उपनिषद का यह मंत्र मन को संतोष (Satisfaction) देता है कि सब कुछ पूर्ण है।	https://youtu.be/vfzibQrVPoM?si=y7xPU6cE7-JtCkvc		
2	गीता (अध्याय 2)	प्रजहाति यदा कामान्सर्वान्पार्थ मनोगतान्। आत्मन्येवात्मना तुष्टः स्थितप्रज्ञस्तदोच्यते॥	जब मन अपनी इच्छाओं को छोड़कर खुद में खुश रहने लगता है, तब असली शांति मिलती है।	https://youtu.be/juCRT87f9Vc?si=fp7SvU2CayUvWF5-		
3	गीता (अध्याय 6)	शनैः शनैरुपरमेद्बुद्ध्या धृतिगृहीतया। आत्मसंस्थं मनः कृत्वा न किंचिदपि चिन्तयैत्॥	ध्यान योग: धीरे-धीरे बुद्धि के द्वारा मन को भगवान में स्थिर करें और कुछ न सोचें।	https://youtu.be/kJ3VkWj2BF8?si=qsvZFiwYJ-oIeLnj		
4	माण्डूक्य उपनिषद	ओमित्येेतदक्षरमिदं सर्वं तस्योपव्याख्यानं...	ॐ (Om) की चैंटिंग के जरिए चेतना (Consciousness) को शांत और गहरा करने के लिए।			
5	ईशावास्य उपनिषद	ईशावास्यमिदं सर्वं यत्किञ्च जगत्यां जगत्। तेन त्यक्तेन भुञ्जीथा मा गृधः कस्यस्विद्धनम्॥	यह श्लोक 'त्याग' के साथ जीवन जीने की कला सिखाता है, जिससे लालच और चिंता मिटती है।	https://youtu.be/ZibumRoU-J8?si=DNHUdgTSuJi_9UCH		
6	गीता (अध्याय 6)	यत्रोपरमते चित्तं निरुद्धं योगसेवया। यत्र चैवात्मनात्मानं पश्यन्नात्मनि तुष्यति॥	योग के अभ्यास से जब चित्त शांत हो जाता है, तब मनुष्य अपनी आत्मा में ही आनंद पाता है।	https://youtu.be/-y4wvehWSOM?si=ZvRpcq948PJcGRIX		
7	कठोपनिषद शांति	ॐ सह नाववतु। सह नौ भुनक्तु। सह वीर्यं करवावहै॥	गुरु और शिष्य के बीच शांति और बिना किसी द्वेष (Hatred) के ध्यान करने के लिए।	https://youtu.be/iRVIbOMymj0?si=cFBjMhHR-DcFq9_Y		
8	शांति पाठ	ॐ द्यौ: शान्तिरन्तरिक्षं शान्ति:, पृथ्वी शान्तिराप: शान्तिरोषधय: शान्ति:।	यह पूरे ब्रह्मांड और पंचतत्वों को शांत कर मन को स्थिर करने का सबसे बड़ा श्लोक है।	https://youtu.be/ceFwFtgdSmc?si=7aiIUrGPwDm9uLT7		
9	मन नियंत्रण (गीता)	यतो यतो निश्चरति मनश्चञ्चलमस्थिरम्। ततस्ततो नियम्यैतदात्मन्येव वशं नयेत्॥	ध्यान के समय जब मन इधर-उधर भागे, तब यह श्लोक उसे वापस केंद्र पर लाने की शक्ति देता है।	https://youtube.com/shorts/lacNlWQ87Z8?si=DoslwmmZPKqU9g_1		
10	संतुलन श्लोक	सुखदुःखे समे कृत्वा लाभालाभौ जयाजयौ।	यह मन को सुख-दुख में एक समान (Neutral) रहना सिखाता है, जिससे गहरी शांति मिलती है।	https://youtube.com/shorts/8rXQPg2o2NI?si=qxUb07QrdaPiXCPZ		
11	ध्यान मूलम्	ध्यानमूलं गुरोर्मूर्ति: पूजामूलं गुरो: पदम्। मन्त्रमूलं गुरोर्वाक्यं मोक्षमूलं गुरो: कृपा॥	ध्यान की शुरुआत करने के लिए यह सबसे मुख्य श्लोक है, जो एकाग्रता बढ़ाता है।	https://youtube.com/shorts/gtP55rMID_4?si=cyPJRDPUhifikHN2		
12	अध्यात्म श्लोक	ॐ असतो मा सद्गमय। तमसो मा ज्योतिर्गमय। मृत्योर्मा अमृतं गमय॥	यह मन को नकारात्मकता और अंधेरे से निकालकर प्रकाश की ओर ले जाता है।	https://youtube.com/shorts/vp2Wp1mtb7o?si=ZDoZPcitIfChkb7U		
						
						
💪 STRENGTH / PROTECTION						
🕉️ Mantras						
क्रम संख्या	मंत्र का नाम	पूरा मंत्र (लिरिक्स)	लाभ (फायदा)	यूट्यूब लिंक		
1	दुर्गा बीज मंत्र	ॐ दुं दुर्गायै नमः	यह "दुर्गा कवच" की तरह काम करता है और नकारात्मक ऊर्जा को पास नहीं आने देता।	https://youtu.be/jB4aaP2X7S4?si=fNw_s_3Ep9aH-uJZ		
2	हनुमान बीज मंत्र	ॐ ऐं भ्रीम हनुमते श्री राम दूताय नमः	तत्काल डर दूर करने और भारी संकट से सुरक्षा के लिए।	https://youtu.be/o5Uk1sxGBZU?si=aIuPQqmzIrromxMt		
3	काली मंत्र	ॐ क्रीं कालिकायै नमः	शत्रुओं के प्रभाव को खत्म करने और मानसिक कमजोरी मिटाने के लिए।	https://youtu.be/hStOYwuIrVE?si=BaMHjkK86-ctlaKr		
4	नृसिंह गायत्री	ॐ वज्रनखाय विद्महे तीक्ष्ण दंष्ट्राय धीमहि। तन्नो नरसिंह: प्रचोदयात्॥	हर तरफ से सुरक्षा (360-degree protection) प्रदान करने वाला महामंत्र।	https://youtu.be/iGZk-Uu86lY?si=BNjXLF1KydHWrOVV		
5	हनुमान स्तुति मंत्र	मनोजवं मारुततुल्यवेगं जितेन्द्रियं बुद्धिमतां वरिष्ठम्...	मानसिक शक्ति और इंद्रियों पर नियंत्रण पाने के लिए।	https://youtu.be/iWd6VAWduZg?si=qrMcv4ayCSmC3X_q		
6	दुर्गा दुःस्वप्न निवारण	ॐ ह्रीं दुं दुर्गायै नमः	बुरे सपनों और रात के अनजाने डर से सुरक्षा के लिए।	https://youtu.be/GHBynIok2Lo?si=uHYmAAtpv22yQ64n		
7	नृसिंह बीज मंत्र	ॐ नमः नरसिंहाय	किसी भी प्रकार की तंत्र बाधा या बुरी नजर को खत्म करने के लिए।	https://youtu.be/u0TbNGui5tI?si=qV_U-FAw_0SFg-0I		
8	शत्रु नाशक काली	ॐ दक्षिण कालिकायै नमः	जीवन की रुकावटों और ईर्ष्या करने वाले लोगों से बचाव के लिए।			
9	राम रक्षा कवच मंत्र	आपदामपहर्तारं दातारं सर्वसंपदाम्	हर प्रकार की आपदा (Disaster) से बचने का अचूक मंत्र।	https://youtu.be/y-Xv63obhKI?si=M5eZNo40oYpESgJA		
10	महामृत्युंजय मंत्र	ॐ त्र्यम्बकं यजामहे...	शारीरिक रोगों और अकाल मृत्यु के भय से सुरक्षा के लिए।	https://youtu.be/OV9LXGOXjgs?si=0izGm1eYkmBS0343		
11	सुदर्शन मंत्र	ॐ नमो भगवते महासुदर्शनाय	यह सुदर्शन चक्र की शक्ति से आपके चारों ओर सुरक्षा घेरा बनाता है।	https://youtu.be/R2uDzusTCHg?si=5KitqlvfCYwUfIju		
12	कार्तिकेय मंत्र	ॐ शरवणभवाय नमः	कोर्ट-कचहरी और विवादों में विजय व शक्ति पाने के लिए।	https://youtu.be/5arZWUzAQ2U?si=t1dIPuKyuZOw08Cb		
13	बगलामुखी बीज मंत्र	ॐ ह्लीं बगलामुख्यै नमः	वाद-विवाद में वाणी को शक्तिशाली बनाने और जीत हासिल करने के लिए।	https://youtu.be/SQlglZOlZVI?si=LyMXWu1-GYr77UH0		
14	गरुड़ शक्ति मंत्र	ॐ ह्लीं बगलामुख्यै नमः	जहरीले कीड़ों और संक्रमण (Infections) से बचाव के लिए।	https://youtu.be/45obOMbjQmA?si=rFwfcxRCwRVFAbRY		
15	सर्व सुरक्षा मंत्र	ॐ नमः शिवाय	शिव का यह मंत्र ब्रह्मांड की सबसे बड़ी शक्ति और सुरक्षा देता है।	https://youtu.be/bc1obsjb58c?si=oQIb1G1Fx1wOJ8Gw		
						
📜 Stotram / Ashtakam / kavach						
क्रम संख्या	नाम (Name)	प्रकार (Type)	मंत्र / पहली पंक्ति (Lyrics)	मुख्य लाभ (Benefits)	यूट्यूब लिंक (YT Search Link)	
1	राम रक्षा स्तोत्र	स्तोत्र/कवच	"चरितं रघुनाथस्य शतकोटिप्रविस्तरम्..."	शरीर के हर अंग की सुरक्षा के लिए	https://youtu.be/EMeSTcffrEI?si=Le3PQ2ZAfKVecpc4	
2	पंचमुखी हनुमान कवच	कवच	"ॐ नमो हनुमते रुद्रावताराय..."	भूत-प्रेत और नजर दोष से बचाव	https://youtu.be/BzPbfftJ8Ho?si=P8Ys7ZeqbXwkIgDP	
3	दुर्गा सप्तश्लोकी	स्तोत्र	"शिवे सर्वार्थ साधिके शरण्ये त्र्यम्बके..."	भारी विपत्ति को तुरंत टालने के लिए	https://youtu.be/bwTk15-oRys?si=f4hVOcSw7hJxd58b	
4	कीलक स्तोत्रम	स्तोत्र	"ॐ विशुद्धज्ञानदेहाय त्रिवेदीदिव्यचक्षुषे..."	मंत्रों की शक्ति को सक्रिय करने हेतु	https://youtu.be/5hPQUvaahhg?si=pQia2507vSpSvByx	
5	नृसिंह स्तोत्रम	स्तोत्र	"उग्रं वीरं महाविष्णुं ज्वलन्तं..."	शत्रुओं का नाश और भय मुक्ति	https://youtu.be/RLNrZUy6Ydo?si=lEGDZ8CTRcLnTbWK	
6	कालभैरव अष्टकम	अष्टकम	"देवराजसेव्यमानपावनांघ्रिपंकजं..."	बुरा वक्त और नकारात्मक ऊर्जा खत्म करने हेतु	https://youtu.be/BsEqI1NZA-E?si=BvvWKg3Y9kURK_Uu	
7	बजरंग बाण	स्तोत्र	"निश्चय प्रेम प्रतीति ते, विनय करैं सनमान..."	भीषण संकट और अकाल मृत्यु से सुरक्षा	https://youtu.be/h1lT6cxwsPw?si=KdhV4ABeZuxVKiuY	
8	नारायण कवच	कवच	"ॐ नमो नारायणाय... विष्णोर्नु वीर्याणि..."	चारों दिशाओं से अजेय सुरक्षा घेरा	https://youtu.be/BBV0HQI3NB4?si=hqwyrr6ZWl8nXuSc	
9	महिषासुर मर्दिनी	स्तोत्र	"अयि गिरिनन्दिनि नन्दितमेदिनि..."	लड़ने की शक्ति और विजय प्राप्ति के लिए	https://youtu.be/4CKpFcQdJXk?si=HP-4pCLpQdu_xZpV	
10	आदित्य हृदय स्तोत्र	स्तोत्र	"ततो युद्धपरिश्रान्तं समरे चिन्तया स्थितम्..."	आत्मविश्वास और शत्रुओं पर जीत के लिए	https://youtu.be/invPCYDaWUE?si=0CRahD-R2NNXDnCu	
11	सुदर्शन अष्टकम	अष्टकम	"प्रतिभटश्रेणिभीषण वरगुणस्तोमभूषण..."	बुरी नजर और तंत्र बाधा काटने के लिए	https://youtu.be/0KRtx2CxXo8?si=ABjvz1r2s-Yy7cTA	
12	अर्गला स्तोत्र	स्तोत्र	"जयन्ती मङ्गला काली भद्रकाली कपालिनी..."	सौभाग्य, जीत और बाधाओं के नाश हेतु	https://youtu.be/YD0eXOX6gbo?si=imwcbkJIn2dnyT97	
13	शिव तांडव स्तोत्र	स्तोत्र	"जटाटवीगलज्जलप्रवाहपावितस्थले..."	संकल्प शक्ति (Willpower) मजबूत करने हेतु	https://youtu.be/S980-z1qx3g?si=skvwCt7XGHenuWbP	
14	नृसिंह कवच	कवच	"नृसिंहकवचं वक्ष्ये प्रह्लादेन उदीरितम्..."	छिपे हुए शत्रुओं से रक्षा के लिए	https://youtu.be/AafMDVg6W94?si=f4-0vp9yvV0pyLGk	
15	देवी कवच	कवच	"ॐ नमश्चण्डिकायै मार्कण्डेय उवाच..."	माँ दुर्गा के नव रूपों का सुरक्षा घेरा	https://youtu.be/rqgvyF9LBHk?si=Q2TMKsuJzBA3pvYX	
16	हनुमान अष्टकम	अष्टकम	"बाल समय रवि भक्षि लियो तब..."	कठिन बाधाओं और संकटों के नाश हेतु	https://youtu.be/HH_a6aRO1TE?si=k0J6WxtRY4t4yhi1	
17	अपादमार्जन स्तोत्र	स्तोत्र	"अच्युतानन्त गोविन्द नामोच्चारणभेषजात्..."	रोगों और अकाल मृत्यु के भय से मुक्ति		
18	महाकाली स्तोत्र	स्तोत्र	"ॐ करालवदनां घोरां मुक्तकेशीं चतुर्भुजाम्..."	प्रचंड शक्ति और भय के विनाश के लिए	https://youtu.be/7wsmGmotCIE?si=wo9dJcGTmbVuH9CG	
19	कार्तिकेय कवच	कवच	"ॐ कार्तिकेय: महाभाग: मयूरवरवाहन:..."	बच्चों की सुरक्षा और प्रतियोगिताओं में जीत	https://youtu.be/AQc1UVfxpY0?si=BYDIeeQL-JBS_CpL	
20	विष्णु सहस्रनाम	स्तोत्र	"शुक्लाम्बरधरं विष्णुं शशिवर्णं चतुर्भुजम्..."	सर्वव्यापी सुरक्षा और मानसिक शांति	https://youtu.be/zKC17254flc?si=yopAvgJ5ioKqpPJq	
						
📖 Chalisa						
क्रम संख्या	चालीसा का नाम	मुख्य लाभ (शक्ति और सुरक्षा)	मुख्य देवता/देवी	यूट्यूब लिंक		
1	हनुमान चालीसा	सभी प्रकार के डर, भूत-प्रेत और संकटों से रक्षा के लिए।	हनुमान जी	https://youtu.be/AETFvQonfV8?si=YezmW2nYi76Eoi6Q		
2	दुर्गा चालीसा	शत्रुओं पर विजय और जीवन की बड़ी बाधाओं के नाश हेतु।	माँ दुर्गा	https://youtu.be/fsMzgFMMGxA?si=vMcngDgu3vYUf4te		
3	शिव चालीसा	मानसिक शक्ति बढ़ाने और अकाल मृत्यु के भय से मुक्ति के लिए।	भगवान शिव	https://youtu.be/-mUoM-sSzkc?si=a3TP0d2Z_b5S-kCr		
4	काली चालीसा	बुरी नजर, तंत्र-बाधा और घोर शत्रुओं के विनाश के लिए।	माँ महाकाली	https://youtu.be/Vowqo1DSL8g?si=0nF5g06RFXpeDbUV		
5	भैरव चालीसा	भय, कोर्ट-कचहरी के मामले और नकारात्मक ऊर्जा से सुरक्षा।	भगवान कालभैरव	https://youtu.be/a8mYn1pQFME?si=-IMBK_e91qYazf_B		
6	नृसिंह चालीसा	भीषण संकट और दुश्मनों के षड्यंत्र से बचने के लिए।	भगवान नृसिंह	https://youtu.be/Hi1sTa68g7o?si=RZw4weog997o8jQH		
7	शनि चालीसा	ग्रह दोष, साढ़ेसाती के संकट और बुरे वक्त से सुरक्षा।	शनि देव	https://youtu.be/MJ14wONWjWg?si=DEpgPZC7NuC6rPgX		
8	राम चालीसा	जीवन में अनुशासन और अचानक आने वाली आपदाओं से बचाव।	भगवान श्री राम	https://youtu.be/MoJw2s6q4P0?si=R2XibwgmtcN1lazL		
9	विंध्येश्वरी चालीसा	अचानक आने वाली विपत्तियों को तुरंत शांत करने के लिए।	माँ विंध्येश्वरी	https://youtu.be/p4jvHQz-fYQ?si=9CimlzRjJ45DV_mj		
10	कार्तिकेय चालीसा	साहस बढ़ाने और विरोधियों पर जीत हासिल करने के लिए।	भगवान कार्तिकेय	https://youtu.be/0xcCWDE1x5c?si=VxRFyOl2j6ed7niq		
11	बगलामुखी चालीसा	विरोधियों को शांत करने और विवादों में जीत के लिए।	माँ बगलामुखी	https://youtu.be/NShJA3v8maI?si=iLTtoEvIsqk36avk		
12	बगलामुखी चालीसा	आध्यात्मिक शक्ति और बुद्धि की रक्षा के लिए।	माँ गायत्री	https://youtu.be/B2lrRky9eE4?si=nQgH9JmWN6iBVbGk		
13	गणेश चालीसा	किसी भी कार्य में आने वाली रुकावटों को जड़ से मिटाने हेतु।	भगवान गणेश	https://youtu.be/WyHFSjN0miU?si=C2PbbebEskn6KqLR		
14	सरस्वती चालीसा	विद्या, ज्ञान और मानसिक स्पष्टता की रक्षा के लिए।	माँ सरस्वती	https://youtu.be/w19sRwFqbwY?si=gQYxs5wL-HxhsoAF		
15	लक्ष्मी चालीसा	आर्थिक कमजोरी दूर कर आत्मविश्वास और शक्ति बढ़ाने हेतु।	माँ लक्ष्मी	https://youtu.be/aLKLcvJZ2Hc?si=LghSz9KgBnH3YqXK		
						
						
📚 KNOWLEDGE / LEARNING						
						
🕉️ Mantras						
क्रम संख्या	मंत्र का नाम	पूरा मंत्र (Lyrics)	लाभ (Benefits)	यूट्यूब लिंक		
1	सरस्वती बीज मंत्र	ॐ ऐं नमः	याददाश्त बढ़ाने और ज्ञान की प्राप्ति के लिए सबसे शक्तिशाली बीज मंत्र।	https://youtu.be/B2Mbb_uUC8E?si=9o3n9FgDqedN50LH		
2	गायत्री मंत्र	ॐ भूर्भुवः स्वः तत्सवितुर्वरेण्यं भर्गो देवस्य धीमहि धियो यो नः प्रचोदयात्॥	बुद्धि को शुद्ध करने और सही निर्णय लेने की शक्ति देने वाला महामंत्र।	https://youtu.be/nwRoHC83wx0?si=f1Akd4C3BSvXNJaE		
3	विद्या प्राप्ति मंत्र	सरस्वती नमस्तुभ्यं वरदे कामरूपिणी। विद्यारम्भं करिष्यामि सिद्धिर्भवतु मे सदा॥	पढ़ाई शुरू करने से पहले एकाग्रता (Focus) बढ़ाने के लिए सबसे प्रसिद्ध मंत्र।	https://youtube.com/shorts/8HTkpFKRqbw?si=gXDWT4gUuB1QS0Sj		
4	गणेश विद्या मंत्र	ॐ गं गणपतये नमः	शिक्षा के मार्ग में आने वाली रुकावटों (Obstacles) को दूर करने के लिए।	https://youtu.be/Naruxgq6oMU?si=FcMrbfkDJoW6MNjX		
5	गुरु मंत्र	ॐ गुं गुरुभ्यो नमः	गुरु की कृपा प्राप्त करने और सही मार्गदर्शन (Guidance) पाने के लिए।	https://youtu.be/Lhb-kwZNjhw?si=GpSsGq599D-WIcwS		
6	हनुमान बुद्धि मंत्र	बुद्धिहीन तनु जानिके सुमिरौं पवन कुमार। बल बुद्धि विद्या देहु मोहि हरहु कलेश विकार॥	बुद्धि और बल दोनों के विकास के लिए प्रसिद्ध दोहा/मंत्र।	https://youtu.be/x3jGb2bWVww?si=lNNVf_rDpkw1WCO6		
7	बुध ग्रह मंत्र	ॐ बुं बुधाय नमः	तार्किक शक्ति (Logic) और गणितीय बुद्धि को तेज करने के लिए।	https://youtu.be/cG3JrHzTFUo?si=3xJWfMZDihEPRP59		
8	नवग्रह सरस्वती	ॐ ऐं ह्रीं क्लीं महासरस्वत्यै नमः	सभी दिशाओं से ज्ञान और सफलता प्राप्त करने के लिए।	https://youtu.be/-NqX8zOZ62w?si=Gama0RD6ZBaBqVBt		
9	प्रज्ञा वर्धन मंत्र	वद वद वाग्वादिनी स्वाहा॥	स्मरण शक्ति (Memory) को असाधारण रूप से तेज़ करने के लिए।	https://youtu.be/YdGV6Y91a1Q?si=SgK661pEhKb9OUBe		
10	सूर्य प्रज्ञा मंत्र	ॐ घृणि सूर्याय नमः	मानसिक स्पष्टता, ओज और बुद्धि के प्रकाश के लिए।	https://youtu.be/kOgaTaFcgjU?si=JDvMuvOFUXbD0Icu		
						
						
📜 Stotram 						
क्रम संख्या	स्तोत्र का नाम (Name)	मुख्य देवता (Deity)	मुख्य लाभ (Benefits)	यूट्यूब लिंक		
1	अगस्त्य रचित सरस्वती स्तोत्र	माँ सरस्वती	स्मरण शक्ति बढ़ाने और बुद्धि को कुशाग्र करने हेतु।	https://youtu.be/UbUKRuDcapk?si=-_8bpLLypMLurt3U		
2	हयग्रीव स्तोत्र	भगवान हयग्रीव	वेदों के ज्ञान और कठिन विषयों में निपुणता हेतु।	https://youtu.be/ieHRNA7h-IA?si=a9kAoSjvRcFZBjuP		
3	शारदा भुजंग प्रयात स्तोत्र	माँ शारदा	वाणी की मधुरता और साहित्य ज्ञान के लिए।	https://youtu.be/q69QKmywlL8?si=b_pwThhZjb1ce6Vx		
4	नील सरस्वती स्तोत्र	माँ नील सरस्वती	तर्क शक्ति (Logic) और रचनात्मक लेखन के लिए।	https://youtu.be/log_B4nMkH0?si=T7hhpGvgFFSaNdjq		
5	विद्या लक्ष्मी स्तोत्र	माँ विद्या लक्ष्मी	शिक्षा के माध्यम से करियर में सफलता पाने हेतु।	https://youtu.be/i9qkRDJ0GVM?si=YzBpwHwPxkJHJVpO		
6	दक्षिणमूर्ति स्तोत्र	भगवान शिव	दर्शन, अध्यात्म और आत्मज्ञान की प्राप्ति के लिए।	https://youtu.be/LNrQLgfTGJA?si=Ny6Y5AKVVghnbuXG		
7	बृहस्पति स्तोत्र	देवगुरु बृहस्पति	बुद्धि के विस्तार और उच्च पद की प्राप्ति के लिए।	https://youtu.be/R15QXx7yRUo?si=aCpS8BKqgcMwoOqs		
8	बुध स्तोत्र	बुध ग्रह	गणित और गणनात्मक विषयों में तेजी लाने के लिए।	https://youtu.be/lUqRs1ReVn8?si=24q7NY4WBKO0Dg-R		
9	सरस्वती द्वादश नाम स्तोत्र	माँ सरस्वती	12 पवित्र नामों के जाप से एकाग्रता बढ़ाने हेतु।	https://youtu.be/cNL_XKugiMQ?si=B_w8t1pnEnVIbajQ		
10	मेधा सूक्त स्तोत्र	माँ सरस्वती	मेधा (IQ) और समझने की शक्ति को जागृत करने हेतु।	https://youtu.be/EwTppFPdFV4?si=ER3GE0FWkeR8dZXB		
11	गणेश पंचरत्न स्तोत्र	भगवान गणेश	विद्यारंभ और शिक्षा की बाधाएं दूर करने के लिए।	https://youtu.be/vYFOV9nj-_w?si=_NycUXJsmBt6Da4d		
						
🙏 Stuti						
क्रम संख्या	स्तुति का नाम (Name)	मुख्य देवता (Deity)	मुख्य लाभ (Benefits)	यूट्यूब लिंक		
1	सरस्वती वंदना (या कुन्देन्दु..)	माँ सरस्वती	पढ़ाई शुरू करने से पहले एकाग्रता और शांति के लिए।	https://youtu.be/cArR7W_jJZo?si=z1WuUejVE4IlmvIW		
2	गणेश स्तुति (गजाननं भूत..)	भगवान गणेश	किसी भी नई चीज़ को सीखने की बाधा दूर करने हेतु।	https://youtu.be/6fl5JFL-SoA?si=q5d9ZR9bNuB-cEot		
3	गुरु वंदना (गुरुर्ब्रह्मा..)	गुरु देव	गुरु का आशीर्वाद और सही मार्गदर्शन प्राप्त करने हेतु।	https://youtube.com/shorts/ycvqpPFyQSU?si=tJjnZm6QMTDBoMPY		
4	शिव मानस स्तुति	भगवान शिव	मानसिक स्पष्टता और गहरे आत्मज्ञान के लिए।	https://youtu.be/HblVEP-ecEo?si=XaU9U-v4WoR7-NDE		
5	हनुमान बुद्धि स्तुति	हनुमान जी	"बुद्धिहीन तनु जानिके.." बुद्धि और बल के विकास हेतु।	https://youtu.be/OOS-Pcovi-4?si=vJZVLePUjRe5jde6		
6	ब्रह्मा स्तुति	भगवान ब्रह्मा	सृजनात्मक विचारों और नए आविष्कारों की शक्ति हेतु।	https://youtu.be/RjhWu8pb7DQ?si=S6kq1SUlsBfnVw3G		
7	विष्णु स्तुति (शान्ताकारं..)	भगवान विष्णु	मन को शांत रखकर कठिन पढ़ाई में ध्यान लगाने हेतु।	https://youtu.be/XAxNnRPoyiU?si=SzEsaZlOfS48Hd-b		
8	राम स्तुति (श्री रामचन्द्र..)	भगवान श्री राम	मर्यादा, धैर्य और मानसिक संतुलन की शिक्षा के लिए।	https://youtu.be/leVoi6kkp3o?si=v3atP52xIcpUEFs8		
9	गायत्री स्तुति	माँ गायत्री	बुद्धि को शुद्ध करने और सकारात्मक विचार लाने हेतु।	https://youtu.be/280OQORjOWE?si=iEGVbkNeKDcS6Tma		
10	कृष्ण स्तुति (कस्तूरी तिलकम..)	भगवान कृष्ण	चंचल मन को वश में करके एकाग्रता बढ़ाने हेतु।	https://youtu.be/f_tCqLX6GNU?si=g9esdPlr_XnbbTWa		
11	बृहस्पति स्तुति	देवगुरु बृहस्पति	ज्ञान के विस्तार और गंभीर विषयों की समझ के लिए।	https://youtu.be/R15QXx7yRUo?si=F8f5-iFv9tBh6OJx		
						
📖 Shlokas						
क्रम संख्या	श्लोक का नाम	श्लोक (संस्कृत/हिंदी)	मुख्य अर्थ (हिंदी में)			
1	गुरु श्लोक	गुरुर्ब्रह्मा गुरुर्विष्णुः गुरुर्देवो महेश्वरः...	गुरु ही ज्ञान का मार्ग दिखाते हैं और ब्रह्मांड की सर्वोच्च शक्ति हैं।	https://youtu.be/jXPk7TnZC4c?si=3IMkISoz8uz7DN_R		
2	विद्या श्लोक	विद्या ददाति विनयं विनयाद्याति पात्रताम्...	विद्या से विनय (नम्रता) आती है और विनय से ही योग्यता प्राप्त होती है।	https://youtu.be/FkDW6dXWO28?si=-CWnd9BTactQtoaP		
3	चाणक्य नीति	पुस्तकस्था तु या विद्या परहस्तगतं धनम्...	किताबों में रखा ज्ञान और दूसरों के पास गया धन समय पर काम नहीं आता।	https://youtube.com/shorts/tF0E-LA9nP8?si=hJ-oqm05sw8P2cZ2		
4	भगवद गीता	न हि ज्ञानेन सदृशं पवित्रमिह विद्यते...	इस संसार में ज्ञान के समान पवित्र करने वाली और कोई वस्तु नहीं है।	https://youtu.be/UdrEhU_jLyk?si=QZ85FFVF-TgBfXdT		
5	सुभाषित	स्वदेशे पूज्यते राजा विद्वान सर्वत्र पूज्यते...	राजा केवल अपने देश में सम्मान पाता है, लेकिन विद्वान पूरी दुनिया में पूजा जाता है।	https://www.youtube.com/live/WcwEhTTriss?si=Dh9sO1uTln8j1gZz		
6	वैदिक विद्या	असतो मा सद्गमय। तमसो मा ज्योतिर्गमय...	मुझे असत्य से सत्य की ओर और अज्ञान के अंधेरे से ज्ञान के प्रकाश की ओर ले चलें।	https://youtube.com/shorts/vp2Wp1mtb7o?si=94qjGBD7qZDFoWA3		
7	सरस्वती श्लोक	सरस्वती नमस्तुभ्यं वरदे कामरूपिणी...	हे माँ सरस्वती, मैं विद्या आरम्भ करने जा रहा हूँ, मुझे सफलता प्रदान करें।	https://youtube.com/shorts/8HTkpFKRqbw?si=lKsOmUxq3-s1g_eR		
8	चाणक्य नीति 2	कामधेनुगुणा विद्या ह्यकाले फलदायिनी...	विद्या कामधेनु गाय के समान है जो हर कठिन समय में शुभ फल देती है।	https://youtu.be/LhByftvSUow?si=Tnq0jdsaK_eHfMPv		
9	सुभाषित 2	उद्यमेन हि सिध्यन्ति कार्याणि न मनोरथैः...	कार्य मेहनत से पूरे होते हैं, केवल इच्छा करने या सोचने से नहीं।	https://youtu.be/HPHadXO2MGY?si=iKiM45I8JobFPtp2		
10	गीता श्लोक 2	कर्मण्येवाधिकारस्ते मा फलेषु कदाचन...	अपने ज्ञान को कर्म में लगाओ, फल की चिंता में अपनी एकाग्रता मत खोओ।	https://youtube.com/shorts/8-qBFaUbKfs?si=KrUhmC4PxuR0yc_a		
11	वैदिक मंत्र	ॐ संगच्छध्वं संवदध्वं सं वो मनांसि जानताम्...	हम सब साथ मिलकर चलें, साथ मिलकर बोलें और ज्ञान को गहराई से समझें।	https://youtu.be/Z9JLAy20J2M?si=LYnXlNrvxAd7pEoO		
						
						
💰 WEALTH / PROSPERITY						
						
🕉️ Mantras						
क्रम संख्या	मंत्र का नाम	पूरा मंत्र (Lyrics)	लाभ (Benefits)	यूट्यूब लिंक		
1	महालक्ष्मी बीज मंत्र	ॐ श्रीं ह्रीं श्रीं कमले कमलालये प्रसीद प्रसीद श्रीं ह्रीं श्रीं ॐ महालक्ष्म्यै नमः	धन प्राप्ति और दरिद्रता दूर करने के लिए सबसे शक्तिशाली मंत्र।	https://youtu.be/bcs4geISuy0?si=iIlUMsgUwP0VAQdf		
2	कुबेर मंत्र	ॐ यक्षाय कुबेराय वैश्रवणाय धनधान्याधिपतये धनधान्यसमृद्धिं मे देहि दापय स्वाहा	धन के राजा कुबेर का मंत्र जो तिजोरी को हमेशा भरा रखता है।	https://youtu.be/IKGvPex_NQM?si=1DrV4jmYl-n-B0rm		
3	महालक्ष्मी मूल मंत्र	ॐ श्रीं ह्रीं क्लीं श्री सिद्ध लक्ष्म्यै नमः	जीवन में सुख, शांति और व्यापार में वृद्धि के लिए।	https://youtu.be/m8hvtU9Lzzk?si=1K9flqSsHLdbD1bx		
4	लक्ष्मी मंत्र	 ॐ श्रीं महालक्ष्म्यै नमः	धन आने के मार्ग में आने वाली बाधाओं (Obstacles) को दूर करने हेतु।	https://youtu.be/g_czAYo3MKQ?si=-LU0VBJs1MmgBg7t		
5	ऋण मोचन मंत्र	ॐ ऋणमुक्तेश्वर महादेवाय नमः	पुराने कर्जों (Debts) से मुक्ति पाने के लिए विशेष शिव मंत्र।	https://youtu.be/hnxXdqarpKg?si=ipN2Ak8MAnjCvke0		
6	कनकधारा बीज मंत्र	ॐ वं श्रीं वं ऐं ह्रीं श्रीं कनकधारायै नमः	अचानक धन लाभ और समृद्धि के द्वार खोलने के लिए।	https://youtu.be/ZKfNOYMKXI0?si=zYx2HfGOp3vV5N5M		
7	विष्णु लक्ष्मी मंत्र	ॐ लक्ष्मी-नारायणाभ्यां नमः	घर में बरकत और परिवार में सुख-समृद्धि बनाए रखने के लिए।	https://youtu.be/4-XRc7ofCkM?si=bWMvUOXKrHoN6k3S		
8	महालक्ष्मी गायत्री	ॐ श्री महालक्ष्म्यै च विद्महे विष्णु पत्न्यै च धीमहि तन्नो लक्ष्मीः प्रचोदयात्	जीवन में सकारात्मकता और धन के निरंतर प्रवाह के लिए।	https://youtu.be/HeqiNrjiCfk?si=EyUBWgbK16-rLLp0		
9	व्यापार वृद्धि मंत्र	ॐ श्रीं ह्रीं क्लीं महालक्ष्म्यै नमः	दुकान या कारोबार में ग्राहकों और धन की वृद्धि हेतु।	https://youtu.be/9wUtZFEmaLM?si=mnP_uX0SYbSi1G4F		
10	धन प्रदा मंत्र	ॐ ऐं ह्रीं श्रीं क्लीं सौः जगत्प्रसूत्यै नमः	भौतिक सुख-सुविधाओं और विलासिता (Luxury) की प्राप्ति के लिए।	https://youtu.be/zOtUr7eqq-Q?si=6Xk-u7lMCxPw1Bef		
						
📜 Stotram						
क्रम संख्या	स्तोत्र का नाम	देवी / देवता	मुख्य लाभ (Benefits)	यूट्यूब लिंक		
1	कनकधारा स्तोत्र	माँ लक्ष्मी	दरिद्रता मिटाने और अचानक धन लाभ के लिए सबसे प्रभावशाली।	https://youtu.be/3Y1JGvieOBk?si=-Vziy6rODds0zN_H		
2	श्री सूक्तम	माँ लक्ष्मी	जीवन में स्थायी धन, ऐश्वर्य और वैभव लाने के लिए।	https://youtu.be/OC7LQxuhQUU?si=Dk4q0uGOrbCSfm7I		
3	महालक्ष्मी अष्टकम	माँ लक्ष्मी	हर तरह की सुख-सुविधा और अष्ट-सिद्धि प्राप्ति के लिए।	https://youtu.be/RDWtngDhknA?si=WCTJjON7OPrv6Hdy		
4	ऋण मोचन मंगल स्तोत्र	मंगल देव	पुराने कर्जों (Loans) से मुक्ति और आर्थिक बोझ कम करने हेतु।	https://youtu.be/ztcH7tkeLhs?si=C0V9hG-DwmGJeZjj		
5	अष्टलक्ष्मी स्तोत्र	माँ लक्ष्मी	जीवन के 8 अलग-अलग क्षेत्रों में समृद्धि पाने के लिए।	https://youtu.be/qb5EuozSWA0?si=1DOqyZO7j9BrmhKi		
6	लक्ष्मी हृदय स्तोत्र	माँ लक्ष्मी	व्यापार में बड़ी कामयाबी और अटके हुए धन की प्राप्ति हेतु।	https://youtu.be/phOoGvDu_h4?si=XKx4FvAb65DYm0Vv		
7	गणेश संकटनाशन स्तोत्र	भगवान गणेश	धन आने के मार्ग की हर रुकावट को दूर करने के लिए।	https://youtu.be/aTFeZxXkL78?si=duxsc5pwTGoNRBpq		
8	अन्नपूर्णा स्तोत्र	माँ अन्नपूर्णा	घर में कभी भी अन्न और धन की कमी न होने देने के लिए।	https://youtu.be/UkT5eHWOIjQ?si=mbNXv4_wRxfFKtJ6		
9	इन्द्राक्षी स्तोत्र	माँ इन्द्राक्षी	राजसी सुख, सम्मान और बड़े ऐश्वर्य की प्राप्ति के लिए।	https://youtu.be/cuSGy5SuVtA?si=A8nPscCPd5cXWYal		
10	नारायण सूक्तम	भगवान विष्णु	परिवार में बरकत और लक्ष्मी-नारायण की संयुक्त कृपा हेतु।	https://youtu.be/vLP6gdiDbOU?si=m7rY9Wm1sygwWuaf		
11	शुभ-लाभ स्तोत्र	गणेश-लक्ष्मी	घर और दुकान में शुभ लाभ और बरकत बनाए रखने हेतु।	https://youtu.be/EFbGj-F1vpA?si=FXDu5q3EIA-7EOXe		
						
📖 Chalisa						
क्रम संख्या	चालीसा का नाम	देवी देवता	मुख्य लाभ	यूट्यूब लिंक		
1	लक्ष्मी चालीसा	माँ लक्ष्मी	सुख समृद्धि और स्थायी धन के लिए	https://youtu.be/otWnO-2pwuM?si=yXHgB1p63SthIoiC		
2	कुबेर चालीसा	भगवान कुबेर	धन के भंडार और आय बढ़ाने के लिए	https://youtu.be/auyzyuKCpL0?si=E_RDoIahVN6_-lTw		
3	गणेश चालीसा	भगवान गणेश	व्यापार में लाभ और बाधाएं दूर करने हेतु	https://youtu.be/WyHFSjN0miU?si=C2PbbebEskn6KqLR		
4	सरस्वती चालीसा	माँ सरस्वती	बुद्धि से धन कमाने की शक्ति हेतु	https://youtu.be/w19sRwFqbwY?si=gQYxs5wL-HxhsoAF		
5	महालक्ष्मी चालीसा	माँ महालक्ष्मी	विलासिता और लग्जरी जीवन की प्राप्ति हेतु	https://youtu.be/OruIDUg1jgE?si=pnWArCGpZsJFDKiE		
						
						
Aarti						
क्रम संख्या	आरती का नाम	देवी देवता	मुख्य लाभ	यूट्यूब लिंक		
1	लक्ष्मी जी की आरती	माँ लक्ष्मी	घर में स्थायी सुख और धन वृद्धि के लिए	https://youtu.be/zdZ67AM47u8?si=Ff03RfC0f0Fll-oI		
2	कुबेर जी की आरती	भगवान कुबेर	धन के खजाने और आय बढ़ाने के लिए	https://youtu.be/c0J1WntPaDg?si=MKuPTGQBJ6wKVF5s		
3	माँ अन्नपूर्णा आरती	माँ अन्नपूर्णा	अन्न और धन की बरकत बनाए रखने हेतु	https://youtu.be/ISURgmavEAc?si=Ytk5EqWInYj2tffi		
4	माँ वैभव लक्ष्मी आरती	माँ लक्ष्मी	विलासिता और सुख-सुविधाओं की प्राप्ति हेतु	https://youtu.be/y9Py0BBVHpQ?si=-NbQ4ysBoYNJS-3Y		
						
📖 Shlokas						
क्रम	श्लोक	स्रोत	अर्थ	यूट्यूब लिंक		
1	नमो नमस्तेऽस्तु महामाये श्रीपीठे सुरपूजिते	महालक्ष्मी अष्टकम	हे महामाया, आपको नमस्कार है, आप धन और ऐश्वर्य की देवी हैं	https://youtube.com/shorts/7BEYmt8EeX8?si=kqi58ODFW_qjBs1A		
2	धनं धान्यं पशुं बहुपुत्रलाभं शतसंवत्सरं दीर्घमायुः	श्री सूक्तम	धन, धान्य और सुख-समृद्धि के साथ लंबी आयु प्राप्त हो	https://youtube.com/shorts/8hbV_LQKvv0?si=k4cFAIlX83ys0rDI		
3	अश्वदायै गोदायै धनदायै महाधने		आप वाहन, गौ-धन और अपार धन देने वाली महालक्ष्मी हैं			
4	सुवर्णवृष्टिं कुरु मे गृहे श्रीः		हे लक्ष्मी माता, मेरे घर में सुख और धन की वर्षा करें			
5	यत्र योगेश्वरः कृष्णो यत्र पार्थो धनुर्धरः	भगवद गीता	जहाँ ज्ञान और कर्म साथ हैं, वहाँ विजय और वैभव निश्चित है	https://youtube.com/shorts/zolakx_rOSQ?si=Vp--jZEZzZ9vBkXI		
6	उद्यमेन हि सिध्यन्ति कार्याणि न मनोरथैः	सुभाषित	मेहनत से ही कार्य सिद्ध होते हैं और धन की प्राप्ति होती है	https://youtu.be/WCcW1Efq3W4?si=-ql30mOBC_JbYjXP		
7	यक्षाय कुबेराय वैश्रवणाय धनधान्याधिपतये	कुबेर मंत्र	धन के स्वामी कुबेर देव हमें समृद्धि और वैभव प्रदान करें	https://youtu.be/IKGvPex_NQM?si=wE8sis6qTbHLMdVg		
8	कर्मण्येवाधिकारस्ते मा फलेषु कदाचन	भगवद गीता	निष्काम कर्म ही श्रेष्ठ है, जिससे स्थायी समृद्धि प्राप्त होती है	https://youtube.com/shorts/8-qBFaUbKfs?si=3v_PngXwBsh9bHST		
9	सर्वमङ्गलमाङ्गल्ये शिवे सर्वार्थसाधिके	श्री दुर्गा सप्तशती	आप सभी मंगल करने वाली और कार्यों को सिद्ध करने वाली हैं	https://youtu.be/ZdBVEV5u2To?si=em-5O2iYoV9z50BF		
10	आपदामपहर्तारं दातारं सर्वसंपदाम्	राम रक्षा स्तोत्र	सभी विपत्तियों को हरने वाले और सभी संपत्तियां देने वाले	https://youtu.be/y-Xv63obhKI?si=M5eZNo40oYpESgJA		
						
						
❤️LOVE / RELATIONSHIPS						
						
🕉️ Mantras						
क्रम	मंत्र का नाम	मंत्र	लाभ (Fayda)	यूट्यूब लिंक		
1	क्लीं बीज मंत्र	ॐ क्लीं नमः	प्रेम आकर्षण और रिश्तों में खिंचाव बढ़ाने के लिए।	https://youtu.be/UHtAU58ELkE?si=yxeapbxaw_kJ1bNd		
2	कामदेव गायत्री	ॐ कामदेवाय विद्महे, पुष्पबाणाय धीमहि, तन्नो अनंग प्रचोदयात्	दांपत्य जीवन में रोमांस और आकर्षण बढ़ाने के लिए।	https://youtu.be/9kCXXD5q_pU?si=_RY68kIVPMHzXFvS		
3	कात्यायनी मंत्र	कात्यायनी महामाये महायोगिन्यधीश्वरी, नन्दगोपसुतं देवि पतिं मे कुरु ते नमः	मनचाहा पति पाने और प्रेम विवाह की बाधाएं दूर करने हेतु।	https://youtu.be/6YC07U56lEE?si=yMIUoQan-D0osO7O		
4	पत्नी प्राप्ति मंत्र	पत्नीं मनोरमां देहि मनोवृत्तानुसारिणीम्, तारिणीं दुर्गसंसारसागरस्य कुलोद्भवाम्	सुंदर और योग्य पत्नी की प्राप्ति के लिए।	https://youtu.be/LuWevgdKr9Q?si=HhnO6BMkATAi6ph8		
5	गौरी-शंकर मंत्र	हे गौरी शंकर अर्धांगिनी यथा त्वं शंकर प्रिया, तथा मां कुरु कल्याणी कान्त कान्तां सुदुर्लभाम्	वैवाहिक सुख और प्रेम संबंधों को मजबूत करने के लिए।	https://youtu.be/5kYzdHgQ0Sc?si=0oKvROBFY-KkJgc3		
6	विष्णु-लक्ष्मी मंत्र	ॐ लक्ष्मी-नारायणाभ्यां नमः	घर में शांति, प्रेम और सुख-समृद्धि बनाए रखने के लिए।	https://youtu.be/4-XRc7ofCkM?si=X27vyybJleAeslG2		
7	शिव शक्ति मंत्र	ॐ साम्ब सदाशिवाय नमः	पति-पत्नी के बीच झगड़े खत्म कर एकता लाने के लिए।	https://youtu.be/Ly_Md1OOyTE?si=ni-k1rrLMF2suMfD		
8	रुद्र मंत्र	ॐ नमः शिवाय	मन को शांत रखने और रिश्तों में स्थिरता के लिए।	https://youtu.be/bc1obsjb58c?si=oQIb1G1Fx1wOJ8Gw		
9	अर्धनारीश्वर मंत्र	ॐ ह्रीं अर्धनारीश्वराय नमः	रिश्तों में संतुलन और आपसी समझ बढ़ाने के लिए।	https://youtu.be/x59vh8Wga9A?si=yJ0p8EUrHmBJleRO		
10	माँ सरस्वती मंत्र	ॐ ऐं नमः	रिश्तों में संवाद (Communication) सुधारने और मधुर वाणी के लिए।	https://youtu.be/B2Mbb_uUC8E?si=9o3n9FgDqedN50LH		
						
📜 Stotram						
क्रम	स्तोत्र का नाम	स्तोत्र (आरंभ)	लाभ	YouTube लिंक		
1	राधा कृपा कटाक्ष	मुनीन्द्रवृन्दवन्दिते	प्रेम संबंधों में दैवीय कृपा के लिए	https://youtu.be/nD43xuZB9xs?si=LMJtx3GY-6ANjWtb		
2	मधुराष्टकम	अधरं मधुरं वदनं मधुरं	रिश्तों में कड़वाहट दूर कर मिठास के लिए	https://youtu.be/sdZpM8paUnM?si=nAeAA34E_6X4S8uO		
3	कामदेव स्तोत्र	ॐ नमः कामदेवाय	आकर्षण शक्ति और प्रेम बढ़ाने के लिए	https://youtu.be/w33Iznz_KsI?si=uYFHFSDCIwF4os7W		
4	अर्धनारीश्वर स्तोत्र	चाम्पेयगौरार्धशरीरकायै	पति-पत्नी में आपसी समझ और समानता	https://youtu.be/-pr1RUnmvyI?si=2PVjdNGq0NJo_38s		
5	जानकी स्तोत्र	नमोऽस्तु रामाय	रिश्तों में वफादारी और समर्पण के लिए	https://youtu.be/LoGSKVXB2Ls?si=2Su-HweMiKrZ9_Fb		
6	पार्वती स्तोत्र	देवि प्रपन्नार्तिहरे	वैवाहिक क्लेश और तनाव दूर करने के लिए	https://youtu.be/SVvds0DcG9o?si=MMDOAIQtFUGfmMbP		
7	लक्ष्मी नारायण स्तोत्र	लक्ष्मीपते कमलनाभ	घर में सुख-शांति और प्रेम की स्थिरता	https://youtu.be/EkAUXHqqaLk?si=b2ZaLaeUWX9IOTP5		
8	मंगल चण्डिका स्तोत्र	रक्ष रक्ष जगन्माते	प्रेम विवाह की बाधाओं को दूर करने हेतु			
9	कृष्ण अष्टकम	भजे व्रजैकमण्डनं	जीवन में आनंद और खुशहाल संबंधों के लिए	https://youtu.be/PvdeDNeCiQc?si=GEiACiPyXCFv9oen		
10	उमा महेश्वर स्तोत्र	नमः शिवाभ्यां	अटूट प्रेम बंधन और एकता के लिए	https://youtu.be/62P8Q14nU0A?si=qD2LqxbE7pEEMdRw		
11	अन्नपूर्णा स्तोत्र	नित्यानन्दकरी वराभयकरी	परिवार में प्रेम और भरपूर बरकत के लिए	https://youtu.be/UkT5eHWOIjQ?si=wBoYN_nxertpZqQW		
						
🙏 Stuti						
क्रम	स्तुति का नाम	स्तुति (आरंभ)	लाभ	YouTube लिंक		
1	पार्वती स्तुति	जय जय गिरिवर राज...	प्रेम विवाह में सफलता	https://youtu.be/dUtIRqj23YQ?si=a5BLdB6m1ACieT8D		
2	राधा स्तुति	राधे मेरी स्वामिनी...	सच्चे प्रेम की प्राप्ति	https://youtu.be/U6GsNZbJoCg?si=scgaeQU6MLSYdZNJ		
3	सीता स्तुति	जनक सुते जगदम्बा...	रिश्तों में मर्यादा और प्रेम	https://youtu.be/RlNJspksnbg?si=RCael-63gpq5zKU4		
4	कृष्ण स्तुति	कस्तूरी तिलकम...	आकर्षण और प्रेम हेतु	https://youtu.be/f_tCqLX6GNU?si=g9esdPlr_XnbbTWa		
5	लक्ष्मी स्तुति	नमस्तेस्तु महामाये...	सुखी दांपत्य जीवन	https://youtu.be/yfYUZ6juevk?si=txXjqTklefjUdFv9		
6	गोपाल स्तुति	श्री कृष्ण चन्द्र...	रिश्तों में मधुरता	https://youtu.be/gyLT2Yz_yHo?si=nhoDAX1GtLKoJJzs		
7	दुर्गा स्तुति	सर्व मंगल मांगल्ये...	बुरी नज़र से सुरक्षा	https://youtu.be/1kskWmG_u5Q?si=NtjDNiRY45StpS88		
8	नारायण स्तुति	शान्ताकारं भुजग...	रिश्तों में स्थिरता	https://youtu.be/Im5TK-glA9M?si=9nkexVkWvXGF3cUA		
9	सरस्वती स्तुति	या कुन्देन्दु तुषार...	बातचीत में मिठास	https://youtu.be/Njc1Hu6WPDU?si=2e_xq2AoGxLJomUg		
10	हनुमान स्तुति	अतुलित बल धामं...	बाधाएं दूर करने हेतु	https://youtu.be/iWd6VAWduZg?si=qrMcv4ayCSmC3X_q		
11	गणेश स्तुति	गजाननं भूत गणादि...	नए रिश्ते की शुभ शुरुआत	https://youtu.be/agqwzb3YzQ0?si=XnSUpCXTo4pmEzDK		
						
🎶 Bhajans						
क्रम	भजन का नाम	गायक/प्रसिद्धि	मुख्य लाभ	YouTube लिंक		
1	राधे राधे बरसाने वाली	गौरव कृष्ण	प्रेम भाव जगाने हेतु	https://youtu.be/61EGpAy4Ids?si=N2hWEO1airA1nztA		
2	अच्युतम केशवम	पारंपरिक	समर्पण और प्रेम हेतु	https://youtu.be/3yczGKnskts?si=FvdBzJon0L1sUzSE		
3	श्यामा आन बसो	तृप्ति शाक्या	अकेलेपन को दूर करना	https://youtu.be/XtTG7iT7H3g?si=QwuObktBmdhoY9ZT		
4	मीठे रस से भरयो री	पारंपरिक	रिश्तों में मधुरता हेतु	https://youtu.be/4n1L6AQJe9w?si=hJNCIVTpZW79gT8h		
5	यशोमती मैया से बोले	लता मंगेशकर	निश्छल प्रेम के लिए	https://youtu.be/yWTN6bsDWN4?si=UqPSo0fBRLeKdbXM		
6	सीताराम चरित पावन	जगजीत सिंह	आदर्श पारिवारिक जीवन	https://youtu.be/mzC2BCNNjv8?si=zBzGv6XCc9R0tuPM		
7	कन्हैया ले चल पार	पारंपरिक	संकट में साथी का साथ	https://youtu.be/mAsyg8JA6Ss?si=nB6Q9x1tXuBrc2hN		
8	श्याम तेरी बंसी	आरती मुखर्जी	आकर्षण बढ़ाने हेतु	https://youtu.be/NM9pHX6dqDc?si=yD0O5B6BDILeMxT8		
9	हमें राधा रानी तेरे नाम का सहारा	चित्र विचित्र	भावनात्मक मजबूती हेतु	https://youtu.be/kEKE8ZotzAM?si=ZkzllJn7JhsF2G3Y		
10	ऐसी लागी लगन	अनूप जलोटा	पूर्ण समर्पण के लिए	https://youtu.be/dnCE-kSHES0?si=cYpIjXtwIhaE19YB		
11	हरि बिन कोई न तेरा	मीराबाई	प्रेम में सच्चाई हेतु	https://youtu.be/I8nSdrQiSTM?si=oMwUWlaloJ60zBpr		
						
📖 Katha						
क्रम	कथा का नाम	क्या सीख/लाभ मिलता है?	YouTube लिंक			
1	राधा-कृष्ण प्रेम कथा	निस्वार्थ और अटूट प्रेम	https://youtu.be/8YDJARGajec?si=iem_4YeFPsUqCp1l			
2	शिव-पार्वती विवाह	कठिन तप और सच्चा संकल्प	https://youtu.be/ln8em1Dc5Zs?si=GN2klf1iS7VLEqzm			
3	राम-सीता वनवास कथा	मर्यादा और आपसी साथ	https://youtu.be/_zWa1AjW_C4?si=iIy5LCzFbQXUxqlq			
4	रुक्मिणी हरण कथा	प्रेम में साहस और विश्वास	https://youtu.be/-AbMZAESCQI?si=de-o6-JvfKhPqhZn			
5	नल-दमयंती कथा	मुश्किल समय में प्रेम की परीक्षा	https://youtu.be/LJ2zEAAVQ3A?si=inoRE1raZrjW1xQH			
6	कामदेव-रति कथा	आकर्षण और पुनर्मिलन	https://youtu.be/mj8aJ-MkKrI?si=pOm1dpBVOCj_WZ59			
7	सत्यभामा-कृष्ण कथा	प्रेम में अधिकार और भक्ति	https://youtu.be/MPCopbetzis?si=13kpUoLdLfBEG4Ba			
8	उषा-अनिरुद्ध कथा	प्रेम और परिवार का मिलन	https://youtu.be/ap8oVmjD3xY?si=9uYb0-Hyab8tDv9-			
9	सुभद्रा-अर्जुन विवाह	प्रेम में भाई और मित्र का साथ	https://youtu.be/vyukL1WLoIs?si=wbOWNri_5mDOH6-D			
10	तुलसी-शालिग्राम	पवित्रता और अमर प्रेम	https://youtu.be/Ik_zhFLWVA0?si=VDJeXDG4eTL8qrcf			
11	हनुमान-राम भक्ति	समर्पण का सर्वोच्च प्रेम	https://youtu.be/e3tWzWydNeY?si=0XBD9T2ROK6zls0j			
						
						
😊  HAPPINESS / DEVOTION						
						
🕉️ Mantras						
क्रम	मंत्र का नाम	मंत्र	मुख्य लाभ	YouTube लिंक		
1	गायत्री मंत्र	ॐ भूर्भुवः स्वः...	मानसिक शांति और खुशी हेतु	https://youtu.be/nwRoHC83wx0?si=f1Akd4C3BSvXNJaE		
2	महामृत्युंजय	ॐ त्र्यम्बकं यजामहे...	डर दूर करने और आनंद हेतु	https://youtu.be/OV9LXGOXjgs?si=0izGm1eYkmBS0343		
3	हरे कृष्ण महामंत्र	हरे कृष्ण हरे कृष्ण...	परम आनंद और शुद्ध भक्ति	https://youtu.be/Zdcth9NndEA?si=cBoFKjOpIFF2NbjP		
4	गणेश मंत्र	ॐ गं गणपतये नमः	तनाव मुक्ति और सुख हेतु	https://youtu.be/Naruxgq6oMU?si=xqSFGrw15ZFcqKY-		
5	शांति मंत्र	सह नाववतु। सह नौ भुनक्तु। सह वीर्यं करवावहै। तेजस्वि नावधीतमस्तु मा विद्विषावहै॥	मन की शांति और सुकून हेतु	https://youtu.be/iRVIbOMymj0?si=p9yfDWWAsb63wtMq		
6	शिव पंचाक्षर	ॐ नमः शिवाय	आत्मिक खुशी और भक्ति हेतु	https://youtube.com/shorts/AK-fDVxDV6A?si=hJqXBNcFgGpUmF7A		
7	लक्ष्मी मंत्र	ॐ श्रीं ह्रीं श्रीं कमले...	समृद्धि और संतुष्टि हेतु	https://youtu.be/bcs4geISuy0?si=-BYP11FJGKAQ7fk3		
8	हनुमान मंत्र	ॐ हनुमते नमः	साहस और मन का उत्साह	https://youtu.be/Zagf46kv7p8?si=adpqwJ6tLsIAHHr0		
9	कृष्ण शरणम	श्री कृष्ण शरणं मम	ईश्वर के प्रति पूर्ण समर्पण	https://youtu.be/1y2tRqtND1Y?si=wVq_YTMXmSeZFrYr		
10	नारायण मंत्र	ॐ नमो नारायणाय	हृदय में भक्ति जगाने हेतु	https://youtu.be/BBV0HQI3NB4?si=hqwyrr6ZWl8nXuSc		
11	बुद्ध मंत्र	बुद्धं शरणं गच्छामि	आंतरिक शांति और ज्ञान	https://youtu.be/ntpeQR7K0PI?si=4_9jjQ1cbxYs7wRa		
						
🙏 Stuti						
क्रम	स्तुति का नाम	स्तुति (आरंभ)	मुख्य लाभ	YouTube लिंक		
1	श्री राम स्तुति	श्री रामचन्द्र कृपालु भजु मन	परम शांति और दुखों का नाश	https://youtu.be/leVoi6kkp3o?si=v3atP52xIcpUEFs8		
2	शिव स्तुति	पशुपतिं द्युपतिं धरणीपतिं	भक्ति और आत्मिक शक्ति हेतु	https://youtu.be/Nod_i0EKVRw?si=dnGltyIGNaTvUMWF		
3	गणेश स्तुति	गजाननं भूत गणादि सेवितम्	सुख-समृद्धि और मंगल हेतु	https://youtu.be/agqwzb3YzQ0?si=XnSUpCXTo4pmEzDK		
4	नारायण स्तुति	शांताकारं भुजगशयनं	मन की स्थिरता और सुकून हेतु	https://youtu.be/Im5TK-glA9M?si=9nkexVkWvXGF3cUA		
5	सरस्वती स्तुति	या कुन्देन्दु तुषार हार धवला	बुद्धि और मन की स्पष्टता	https://youtu.be/Njc1Hu6WPDU?si=2e_xq2AoGxLJomUg		
6	हनुमान स्तुति	अतुलित बल धामं हेम शैलाभ	साहस और भय से मुक्ति हेतु	https://youtu.be/CIl1O1GwOfk?si=S3QRakW4DlnGi8eb		
7	दुर्गा स्तुति	सर्व मंगल मांगल्ये शिवे	सुरक्षा और मानसिक प्रसन्नता	https://youtu.be/1kskWmG_u5Q?si=NtjDNiRY45StpS88		
8	कात्यायनी स्तुति	कात्यायनी महामाये महायोगिन्य	संकल्प और मनोकामना पूर्ति	https://youtu.be/6YC07U56lEE?si=yMIUoQan-D0osO7O		
9	कृष्ण स्तुति	कस्तूरी तिलकम ललाट पटले	कृष्ण प्रेम और आनंद हेतु	https://youtu.be/f_tCqLX6GNU?si=g9esdPlr_XnbbTWa		
						
🎶 Bhajans						
क्रम	भजन का नाम	मुख्य लाभ	YouTube लिंक			
1	अच्युतम केशवम	भक्ति और मन की शांति हेतु	https://youtu.be/3yczGKnskts?si=FvdBzJon0L1sUzSE			
2	राधे राधे बरसाने वाली	मन में आनंद और प्रेम भरने हेतु	https://youtu.be/61EGpAy4Ids?si=N2hWEO1airA1nztA			
3	ऐसी लागी लगन	ईश्वर में पूर्ण मगन होने के लिए	https://youtu.be/dnCE-kSHES0?si=cYpIjXtwIhaE19YB			
4	श्री रामचंद्र कृपालु	सकारात्मक ऊर्जा और प्रसन्नता	https://youtu.be/leVoi6kkp3o?si=v3atP52xIcpUEFs8			
5	किशोरी कुछ ऐसा इंतजाम	भक्ति और समर्पण का भाव	https://youtu.be/1B048qCYGJY?si=vGtXpybJT19itVNr			
6	यशोमती मैया से बोले	निश्छल और मधुर भक्ति हेतु	https://youtu.be/RIYVVqu2XY4?si=zZcShWvTzV_kAWCQ			
7	राम नाम के हीरे मोती	जीवन में संतोष और खुशी हेतु	https://youtu.be/6BJR_j4FHz4?si=hRLU-bLSvuuKWHgs			
8	श्यामा आन बसो	ईश्वर के प्रति अटूट प्रेम	https://youtu.be/XtTG7iT7H3g?si=QwuObktBmdhoY9ZT			
9	मीठे रस से भरयो री	जीवन में मिठास और आनंद हेतु	https://youtu.be/w8piP6I3VS0?si=wbezH3AAc4y4WBwb			
10	भर दे रे श्याम झोली	श्रद्धा और विश्वास बढ़ाने हेतु	https://youtu.be/aT9TP5CrLJg?si=3F3TthXHK_-4sHAJ			
11	ओ पालनहारे	गहरी भक्ति और प्रार्थना हेतु	https://youtu.be/kbMinfmC3E0?si=EORk1j1UQxAqRLLu			
12	मेरा आपकी कृपा से	कृतज्ञता और आत्मिक सुख	https://youtu.be/C9EespXQCGE?si=IyEpmHHsEOLzOuXF			
13	छोटी छोटी गईया	भक्ति में कोमलता और आनंद	https://youtu.be/XzqJUoSDHZU?si=8-LAQkUg8tq7ov6T			
						
📖 Shlokas						
क्रम	श्लोक का नाम	पूरा श्लोक	मुख्य लाभ	YouTube लिंक		
1	शांति श्लोक	सर्वे भवन्तु सुखिनः सर्वे सन्तु निरामयाः। सर्वे भद्राणि पश्यन्तु मा कश्चिद्दुःखभाग्भवेत्॥	सबकी खुशी और कल्याण हेतु	https://youtube.com/shorts/uCiRodyfM_8?si=PN-Mn7CrHYKViZK_		
2	समर्पण श्लोक	त्वमेव माता च पिता त्वमेव, त्वमेव बन्धुश्च सखा त्वमेव। त्वमेव विद्या द्रविणं त्वमेव, त्वमेव सर्वं मम देवदेव॥	ईश्वर के प्रति अटूट प्रेम	https://youtube.com/shorts/J6nx86MKzeA?si=Ma4-zWFrTo-M-52R		
3	गणेश श्लोक	वक्रतुण्ड महाकाय सूर्यकोटि समप्रभ। निर्विघ्नं कुरु मे देव सर्वकार्येषु सर्वदा॥	बाधा दूर कर सुख पाने हेतु	https://youtube.com/shorts/1mCkCzBIvDo?si=gbomNeAXomyRR6Xw		
4	शिव श्लोक	कर्पूरगौरं करुणावतारं संसारसारं भुजगेन्द्रहारम्। सदा वसन्तं हृदयारविन्दे भवं भवानीसहितं नमामि॥	दिव्य शांति और भक्ति हेतु	https://youtube.com/shorts/IPmuTHmizWo?si=XZ2PxqPnPCnTi9QR		
5	गुरु श्लोक	गुरुर्ब्रह्मा गुरुर्विष्णुः गुरुर्देवो महेश्वरः। गुरुः साक्षात् परब्रह्म तस्मै श्रीगुरवे नमः॥	श्रद्धा और मार्गदर्शन हेतु	https://youtube.com/shorts/fGShWlmiDyE?si=sHBTIs2BRo6Bf0Pj		
6	सरस्वती श्लोक	सरस्वती नमस्तुभ्यं वरदे कामरूपिणी। विद्यारम्भं करिष्यामि सिद्धिर्भवतु मे सदा॥	ज्ञान और मन की प्रसन्नता	https://youtube.com/shorts/Asb3NCYzDnM?si=2Ip-bhoGeriuglXN		
7	प्रभात श्लोक	कराग्रे वसते लक्ष्मीः करमध्ये सरस्वती। करमूले तु गोविन्दः प्रभाते करदर्शनम्॥	दिन की खुशहाल शुरुआत	https://youtube.com/shorts/hGMBqByQYjc?si=Q7qr-LXZlCVp8TGA		
8	मंगल श्लोक	मङ्गलम् भगवान विष्णुः मङ्गलम् गरुड़ध्वजः। मङ्गलम् पुण्डरीकाक्षः मङ्गलाय तनो हरिः॥	हर काम में शुभ और मंगल	https://youtube.com/shorts/IpnEpKR9Qrs?si=oblu0Y1NfxniQt1B		
9	भक्ति श्लोक	अनन्यश्चिन्तयन्तो मां ये जनाः पर्युपासते। तेषां नित्याभियुक्तानां योगक्षेमं वहाम्यहम्॥	ईश्वर पर पूर्ण विश्वास हेतु	https://youtube.com/shorts/Z6qY7bZI3jk?si=dLnC6mUncXWL2P2K		
10	हनुमान श्लोक	मनोजवं मारुततुल्यवेगं जितेन्द्रियं बुद्धिमतां वरिष्ठम्। वातात्मजं वानरयूथमुख्यं श्रीरामदूतं शरणं प्रपद्ये॥	मन की शक्ति और शांति	https://youtu.be/iWd6VAWduZg?si=qrMcv4ayCSmC3X_q		
						
						
🩺 HEALTH / HEALING						
						
🕉️ Mantras						
क्रम	मंत्र का नाम	मंत्र	मुख्य लाभ	YouTube लिंक		
1	महामृत्युंजय मंत्र	ॐ त्र्यम्बकं यजामहे...	गंभीर रोगों से मुक्ति और जीवन रक्षा	https://youtu.be/OV9LXGOXjgs?si=0izGm1eYkmBS0343		
2	सूर्य आरोग्य मंत्र	ॐ ह्रां ह्रीं ह्रौं सः सूर्याय नमः	ऊर्जा, त्वचा रोग और आंखों की रोशनी	https://youtu.be/FOzo1SxVxAg?si=dVlzuPfVGyDEcJtC		
3	प्राण मुद्रा मंत्र	ॐ प्राणाय नमः	शरीर में जीवनी शक्ति बढ़ाने हेतु	https://youtu.be/g7rBhaAT04A?si=YFuq2iT7ASAzdrcz		
4	रोग नाशक मंत्र	रोगानशेषानपहंसि तुष्टा...	मानसिक और शारीरिक व्याधि दूर करने हेतु	https://youtu.be/MJwg2dRnBeQ?si=fQFON7tpoz66jfCP		
5	हनुमान स्वास्थ्य मंत्र	नासै रोग हरै सब पीरा...	शारीरिक कष्ट और दर्द से मुक्ति	https://youtu.be/FUpzgvsWkL8?si=qjtBffQzDjZu3rmc		
6	अश्विनी कुमार मंत्र	ॐ अश्विनीकुमाराभ्यां नमः	शीघ्र स्वस्थ होने और हीलिंग हेतु	https://youtu.be/j8l2aX86Ouk?si=1JGWEjb8YcyEDR9R		
7	दुर्गा आरोग्य मंत्र	देहि सौभाग्यमारोग्यं देहि मे...	सौभाग्य और उत्तम स्वास्थ्य की प्राप्ति	https://youtu.be/OKRVaXU01kI?si=JiW7DxUS6igTBq2G		
8	शिव आरोग्य मंत्र	ॐ हौं जूं सः	अकाल मृत्यु के भय और रोगों का नाश	https://youtu.be/e7KzbCXk1lE?si=giRiDC8Uht1ntqGk		
9	गायत्री मंत्र	ॐ भूर्भुवः स्वः...	मानसिक स्वास्थ्य और बुद्धि की शुद्धि	https://youtu.be/nwRoHC83wx0?si=f1Akd4C3BSvXNJaE		
10	नारायण कवच अंश	ॐ विष्णवे नमः	शरीर की सुरक्षा और हीलिंग हेतु	https://youtu.be/DwFMQONuLhE?si=uBOqcwcFYUeGy5XH		
						
📜 Stotram						
क्रम	स्तोत्र का नाम	मुख्य लाभ	YouTube लिंक			
1	आदित्य हृदय स्तोत्र	हृदय रोग और ऊर्जा की प्राप्ति हेतु	https://youtu.be/invPCYDaWUE?si=-cwsyKTg-INmshaY			
2	वैद्यनाथ स्तोत्र	असाध्य रोगों से मुक्ति के लिए	https://youtu.be/OVWlwCHMr-I?si=NYeN8K3tAw9sLKXY			
3	धन्वंतरि स्तोत्र	औषधीय शक्ति और आरोग्य हेतु	https://youtu.be/0VO5vBiYG6I?si=17_Cg59qnta9EBNI			
4	राम रक्षा स्तोत्र	शरीर की सुरक्षा और रोगों का नाश	https://youtu.be/y-Xv63obhKI?si=M5eZNo40oYpESgJA			
5	संकट नाशन गणेश स्तोत्र	शारीरिक और मानसिक बाधा दूर करने हेतु	https://youtu.be/aTFeZxXkL78?si=HaE-tYiH834XPpXn			
6	मृत्युंजय स्तोत्र	अकाल मृत्यु के भय और रोग निवारण हेतु	https://youtu.be/vgu91Z4kXpk?si=iF5pe0X3rmAEvthK			
7	दुर्गा आपदुद्धारक स्तोत्र	भारी कष्ट और बीमारी से सुरक्षा	https://youtu.be/VpkLjMDcucg?si=2-MzQkTgTAUVFDs-			
8	हनुमान बाहुक	जोड़ों के दर्द और शारीरिक पीड़ा हेतु	https://youtu.be/EWCkUAY-0OU?si=rSwJp2NDWgWtLUZB			
9	सूर्य मंडल स्तोत्र	नेत्र रोग और तेज की प्राप्ति	https://youtu.be/32TGOFRIVmE?si=LwFbGvQnd3VmykMC			
10	नारायण कवच	सर्वांगीण सुरक्षा और हीलिंग	https://youtu.be/BBV0HQI3NB4?si=LjPC9hE-1m_fAsBa			
						
🙏 Stuti						
क्रम	स्तुति का नाम	स्तुति (आरंभ)	मुख्य लाभ	YouTube लिंक		
1	शिव आरोग्य स्तुति	पशुपतिं द्युपतिं...	रोगों से मुक्ति और आयु वृद्धि	https://youtu.be/Nod_i0EKVRw?si=dnGltyIGNaTvUMWF		
2	हनुमान स्तुति	अतुलितबलधामं...	शारीरिक शक्ति और दर्द निवारण	https://youtu.be/CIl1O1GwOfk?si=0PLRHfGike1eIJPN		
3	सूर्य स्तुति	नमः सवित्रे जगदेक...	आंखों की रोशनी और तेज हेतु	https://youtu.be/BIK_VYd2RQw?si=XrxIX1rsAAm4V_V9		
4	दुर्गा स्तुति	सर्वमंगल मांगल्ये...	नकारात्मक ऊर्जा से स्वास्थ्य रक्षा	https://youtu.be/Yof1Vrh5TK0?si=s3diaEG-5Tn4r_2c		
5	राम स्तुति	श्री रामचंद्र कृपालु...	मानसिक शांति और हीलिंग हेतु	https://youtu.be/leVoi6kkp3o?si=v3atP52xIcpUEFs8		
6	गणेश स्तुति	गजाननं भूतगणादि...	बाधाओं को दूर कर सुख पाना	https://youtu.be/agqwzb3YzQ0?si=XnSUpCXTo4pmEzDK		
7	नारायण स्तुति	शांताकारं भुजग...	मन की शांति और हीलिंग	https://youtu.be/Im5TK-glA9M?si=9nkexVkWvXGF3cUA		
8	विष्णु स्तुति	ॐ जय जगदीश हरे...	पूरे शरीर की शुद्धि हेतु	https://youtu.be/NE3SWh9_vR4?si=z8FGFGAzZeFHBd2I		
9	लक्ष्मी आरोग्य स्तुति	नमस्तेस्तु महामाये...	शारीरिक और मानसिक संतोष	https://youtu.be/yfYUZ6juevk?si=txXjqTklefjUdFv9		
10	सरस्वती स्तुति	या कुन्देन्दु तुषार...	मानसिक स्पष्टता और हीलिंग	https://youtu.be/Njc1Hu6WPDU?si=2e_xq2AoGxLJomUg		
						
🎶 Bhajans						
क्रम	भजन का नाम	मुख्य लाभ	YouTube लिंक			
1	हे दुख भंजन मारुति नंदन	शारीरिक कष्ट और दुख दूर करने हेतु	https://youtu.be/n4fZknyZlsk?si=W6avmHz2Bl7IEuMr			
2	नाम है तेरा तारणहारा	मन को शांति और हीलिंग देने हेतु	https://youtu.be/MwqOns-5qN0?si=t1dRusMdyzjIqXAz			
3	कितना प्यारा है श्रृंगार	मानसिक उत्साह और प्रसन्नता हेतु	https://youtu.be/WocBegF7_p0?si=LcPrq90-IixgpXKt			
4	मेरा आपकी कृपा से	कृतज्ञता और आत्मिक सुख हेतु	https://youtu.be/C9EespXQCGE?si=IyEpmHHsEOLzOuXF			
5	अच्युतम केशवम	मन की शुद्धि और शांति हेतु	https://youtu.be/3yczGKnskts?si=FvdBzJon0L1sUzSE			
6	ओ पालनहारे	मुश्किल समय में प्रार्थना और शक्ति	https://youtu.be/kbMinfmC3E0?si=EORk1j1UQxAqRLLu			
7	राम नाम के हीरे मोती	जीवन में संतोष और आरोग्य हेतु	https://youtu.be/6BJR_j4FHz4?si=hRLU-bLSvuuKWHgs			
8	इतनी शक्ति हमें देना दाता	आत्मबल और हीलिंग शक्ति बढ़ाने हेतु	https://youtu.be/3EnLaJKhO2A?si=7gCDpVLnLz5KZhbG			
9	शिव शंकर को जिसने पूजा	शिव कृपा और स्वास्थ्य रक्षा हेतु	https://youtu.be/w7HbgKcQS_w?si=KCJVUE_VkpIA8tKc			
10	श्री रामचंद्र कृपालु	मन की कोमलता और शांति हेतु	https://youtu.be/leVoi6kkp3o?si=v3atP52xIcpUEFs8			
						
📖 Shlokas						
क्रम	श्लोक का नाम	पूरा श्लोक	मुख्य लाभ	YouTube लिंक		
1	आरोग्य श्लोक	देहि सौभाग्यमारोग्यं देहि मे परमं सुखम्। रूपं देहि जयं देहि यशो देहि द्विषो जहि॥	उत्तम स्वास्थ्य और रोगों से मुक्ति हेतु	https://youtu.be/OKRVaXU01kI?si=iCg0c1WVrhyIyDez		
2	धन्वंतरि श्लोक	ॐ नमो भगवते महासुदर्शनाय वासुदेवाय धन्वंतराये: अमृतकलश हस्ताय सर्वभय विनाशाय सर्वरोग निवारणाय॥	औषधीय शक्ति और हीलिंग हेतु	https://youtu.be/XznbEuVKbnM?si=LcYYZQU9j-q5szJI		
3	महामृत्युंजय	ॐ त्र्यम्बकं यजामहे सुगन्धिं पुष्टिवर्धनम्। उर्वारुकमिव बन्धनान्मृत्योर्मुक्षीय मामृतात्॥	अकाल मृत्यु से रक्षा और आरोग्य	https://youtu.be/OV9LXGOXjgs?si=0izGm1eYkmBS0343		
4	हनुमान स्वास्थ्य	नासै रोग हरै सब पीरा। जपत निरंतर हनुमत बीरा॥	हर प्रकार के शारीरिक दर्द और बीमारी का नाश	https://youtu.be/FUpzgvsWkL8?si=IR8jegQlpVL8NtTl		
5	शांति श्लोक	ॐ सर्वे भवन्तु सुखिनः सर्वे सन्तु निरामयाः। सर्वे भद्राणि पश्यन्तु मा कश्चिद्दुःखभाग्भवेत्॥	सबको रोगमुक्त और सुखी रखने हेतु	https://youtube.com/shorts/uCiRodyfM_8?si=PN-Mn7CrHYKViZK_		
6	अश्विनी कुमार	ॐ अश्विनीकुमाराभ्यां नमः।	दिव्य चिकित्सकों (अश्विनी कुमार) का आह्वान	https://youtu.be/j8l2aX86Ouk?si=dHrlQKdAK2KKrQCo		
7	रोग निवारण	रोगानशेषानपहंसि तुष्टा रुष्टा तु कामान् सकलानभीष्टान्। त्वामाश्रितानां न विपन्नराणां त्वामाश्रिता ह्यश्रयतां प्रयान्ति॥	जटिल और पुराने रोगों के निवारण हेतु	https://youtu.be/MJwg2dRnBeQ?si=tgA7oiR_v6rXAlZV		
8	विष्णु हीलिंग	अच्युतानंत गोविंद नामोच्चारण भेषजात्। नश्यन्ति सकला रोगाः सत्यं सत्यं वदाम्यहम्॥	भगवान के नाम से रोगों का इलाज	https://youtu.be/ngn4Rfu1ZJU?si=tAl2MMlPP8oVmFi7		
9	प्राण श्लोक	प्राणस्येदं वशे सर्वं त्रिदिवे यत्प्रतिष्ठितम्। मातेव पुत्रान् रक्षस्व श्रीश्च प्रज्ञां च विधेहि न इति॥	शरीर में प्राण ऊर्जा बढ़ाने हेतु	https://youtu.be/qaWHPvFHMTQ?si=AB1sQ2t8QpP0RPjR		
10	भोजन आरोग्य	शरीरमाद्यं खलु धर्मसाधनम्।	शरीर को धर्म का पहला साधन मानकर रक्षा	https://youtu.be/rtuZZ6pqlW8?si=FtlMEVq6H4tdgQEQ		
						
						
🏆SUCCESS / VICTORY / CAREER						
						
🕉️ Mantras						
क्रम	मंत्र का नाम	मंत्र	मुख्य लाभ	YouTube लिंक		
1	गणेश मंत्र	ॐ गं गणपतये नमः	कार्य में बाधा दूर करने हेतु	https://youtu.be/Naruxgq6oMU?si=xqSFGrw15ZFcqKY-		
2	महालक्ष्मी मंत्र	ॐ श्रीं ह्रीं श्रीं कमले कमलालये...	धन और करियर में समृद्धि हेतु	https://youtu.be/bcs4geISuy0?si=iIlUMsgUwP0VAQdf		
3	गायत्री मंत्र	ॐ भूर्भुवः स्वः...	निर्णय शक्ति और बुद्धि बढ़ाने हेतु	https://youtu.be/nwRoHC83wx0?si=f1Akd4C3BSvXNJaE		
4	सरस्वती मंत्र	ॐ ऐं सरस्वत्यै नमः	इंटरव्यू और परीक्षा में सफलता हेतु	https://youtu.be/-NqX8zOZ62w?si=DWcjvgR9t3KYkz-D		
5	हनुमान मंत्र	ॐ हनुमते नमः	आत्मविश्वास और जीत हासिल करने हेतु	https://youtu.be/Zagf46kv7p8?si=adpqwJ6tLsIAHHr0		
6	सूर्य मंत्र	ॐ घृणि सूर्याय नमः	सरकारी नौकरी और पद-प्रतिष्ठा हेतु	https://youtu.be/kOgaTaFcgjU?si=JDvMuvOFUXbD0Icu		
7	विष्णु मंत्र	ॐ नमो भगवते वासुदेवाय	करियर में स्थिरता और तरक्की हेतु	https://youtu.be/felGgBmnx-I?si=YoB5C1tli8tX3Kpx		
8	कार्तिकेय मंत्र	ॐ शरवणभवाय नमः	शत्रुओं पर विजय और प्रतियोगिता हेतु	https://youtu.be/5arZWUzAQ2U?si=t1dIPuKyuZOw08Cb		
9	दुर्गा मंत्र	सर्व मंगल मांगल्ये...	हर क्षेत्र में सफलता और सुरक्षा हेतु	https://youtu.be/1kskWmG_u5Q?si=NtjDNiRY45StpS88		
10	कुबेर मंत्र	ॐ यक्षाय कुबेराय...	व्यापार और धन वृद्धि हेतु	https://youtu.be/IKGvPex_NQM?si=xMEMFFJwC-anq-r8		
						
📜 Stotram						
क्रम	स्तोत्र का नाम	मुख्य लाभ	YouTube लिंक			
1	आदित्य हृदय स्तोत्र	शत्रुओं पर विजय और सरकारी कार्यों में सफलता	https://youtu.be/invPCYDaWUE?si=-cwsyKTg-INmshaY			
2	संकट नाशन गणेश स्तोत्र	व्यापार और कार्य की सभी बाधाएं दूर करने हेतु	https://youtu.be/aTFeZxXkL78?si=HaE-tYiH834XPpXn			
3	महालक्ष्मी अष्टकम	करियर में प्रमोशन और आर्थिक मजबूती के लिए	https://youtube.com/shorts/7BEYmt8EeX8?si=kqi58ODFW_qjBs1A			
4	राम रक्षा स्तोत्र	प्रोफेशनल लाइफ में सुरक्षा और विजय हेतु	https://youtu.be/y-Xv63obhKI?si=M5eZNo40oYpESgJA			
5	श्री सूक्तम	व्यापार में वृद्धि और धन लाभ के लिए	https://youtube.com/shorts/8hbV_LQKvv0?si=k4cFAIlX83ys0rDI			
6	बजरंग बाण	कार्यक्षेत्र में विरोधियों को शांत करने के लिए	https://youtu.be/h1lT6cxwsPw?si=KdhV4ABeZuxVKiuY			
7	सरस्वती स्तोत्र	इंटरव्यू, परीक्षा और क्रिएटिव कार्यों में सफलता	https://youtu.be/log_B4nMkH0?si=T7hhpGvgFFSaNdjq			
8	नारायण कवच	हर तरफ से सुरक्षा और मान-सम्मान पाने हेतु	https://youtu.be/BBV0HQI3NB4?si=LjPC9hE-1m_fAsBa			
9	शिव पंचाक्षर स्तोत्र	मानसिक स्थिरता और करियर में स्थिरता के लिए	https://youtu.be/3rJ4HVA9cII?si=euKFMGNZX2c0rt5p			
10	हनुमान अष्टक	बड़े संकटों से मुक्ति और आत्मविश्वास के लिए	https://youtu.be/HH_a6aRO1TE?si=k0J6WxtRY4t4yhi1			
						
						
🙏 Stuti						
क्रम	स्तुति का नाम	स्तुति (आरंभ)	मुख्य लाभ	YouTube लिंक		
1	गणेश स्तुति	गजाननं भूतगणादि सेवितम्	कार्य की शुरुआत में सफलता हेतु	https://youtu.be/agqwzb3YzQ0?si=XnSUpCXTo4pmEzDK		
2	श्री राम स्तुति	श्री रामचन्द्र कृपालु भजु मन	मान-सम्मान और विजय की प्राप्ति	https://youtu.be/leVoi6kkp3o?si=v3atP52xIcpUEFs8		
3	हनुमान स्तुति	अतुलितबलधामं हेमशैलाभदेहं	साहस और कठिन लक्ष्यों की प्राप्ति	https://youtu.be/CIl1O1GwOfk?si=0PLRHfGike1eIJPN		
4	सरस्वती स्तुति	या कुन्देन्दुतुषारहारधवला	बुद्धि, इंटरव्यू और ज्ञान में उन्नति	https://youtu.be/Njc1Hu6WPDU?si=2e_xq2AoGxLJomUg		
5	महालक्ष्मी स्तुति	नमस्तेस्तु महामाये श्रीपीठे	व्यापार में लाभ और करियर ग्रोथ	https://youtu.be/yfYUZ6juevk?si=txXjqTklefjUdFv9		
6	आदित्य स्तुति	नमः सवित्रे जगदेकचक्षुसे	सरकारी नौकरी और पद-प्रतिष्ठा	https://youtu.be/BIK_VYd2RQw?si=XrxIX1rsAAm4V_V9		
7	शिव स्तुति	पशुपतिं द्युपतिं धरणीपतिं	स्थिरता और मानसिक शक्ति हेतु	https://youtu.be/Nod_i0EKVRw?si=dnGltyIGNaTvUMWF		
8	नारायण स्तुति	शांताकारं भुजगशयनं	प्रोफेशनल लाइफ में शांति और सुख	https://youtu.be/Im5TK-glA9M?si=9nkexVkWvXGF3cUA		
9	दुर्गा स्तुति	सर्वमंगल मांगल्ये शिवे	रुकावटों का नाश और जीत हेतु	https://youtu.be/Yof1Vrh5TK0?si=s3diaEG-5Tn4r_2c		
10	विष्णु स्तुति	ॐ जय जगदीश हरे	करियर में तरक्की और समृद्धि	https://youtu.be/NE3SWh9_vR4?si=z8FGFGAzZeFHBd2I		
						
📖 Chalisa						
क्रम	चालीसा का नाम	मुख्य लाभ	YouTube लिंक			
1	श्री हनुमान चालीसा	आत्मविश्वास, साहस और हर कार्य में जीत हेतु	https://youtu.be/AETFvQonfV8?si=YezmW2nYi76Eoi6Q			
2	श्री गणेश चालीसा	बुद्धि की प्राप्ति और करियर की बाधाएं दूर करने हेतु	https://youtu.be/WyHFSjN0miU?si=pCUb4V5RltoNG-DB			
3	श्री लक्ष्मी चालीसा	व्यापार में वृद्धि और आर्थिक सफलता के लिए	https://youtu.be/aLKLcvJZ2Hc?si=LghSz9KgBnH3YqXK			
4	श्री दुर्गा चालीसा	शत्रुओं पर विजय और पद-प्रतिष्ठा पाने हेतु	https://youtu.be/fsMzgFMMGxA?si=vMcngDgu3vYUf4te			
5	श्री सरस्वती चालीसा	पढ़ाई, इंटरव्यू और नई स्किल्स सीखने में सफलता	https://youtu.be/jRjRip7JyjM?si=cMhmyBbA48bP47eA			
						
🎶 Bhajans						
क्रम	भजन का नाम	मुख्य भाव	लाभ	YouTube लिंक		
1	इतनी शक्ति हमें देना दाता	आत्मविश्वास	कार्यक्षेत्र में आत्मबल बढ़ाने हेतु	https://youtu.be/3EnLaJKhO2A?si=7gCDpVLnLz5KZhbG		
2	राम नाम के हीरे मोती	संतोष और लक्ष्य	मेहनत का फल और मानसिक शांति हेतु	https://youtu.be/6BJR_j4FHz4?si=hRLU-bLSvuuKWHgs		
3	ऐसी लागी लगन	पूर्ण समर्पण	अपने काम (Passion) में डूब जाने हेतु	https://youtu.be/dnCE-kSHES0?si=cYpIjXtwIhaE19YB		
4	ओ पालनहारे	प्रार्थना और शक्ति	मुश्किल प्रोजेक्ट्स में ईश्वर का साथ	https://youtu.be/kbMinfmC3E0?si=EORk1j1UQxAqRLLu		
5	मेरा आपकी कृपा से	कृतज्ञता	सफलता का श्रेय और अहंकार से मुक्ति	https://youtu.be/C9EespXQCGE?si=IyEpmHHsEOLzOuXF		
6	हमको मन की शक्ति देना	मानसिक शुद्धि	सही निर्णय लेने की क्षमता हेतु	https://youtu.be/kLsTGj_BrzA?si=ayltyP-BnUnCaP9h		
7	जग में सुंदर हैं दो नाम	सकारात्मक ऊर्जा	दिन की शुरुआत जोश के साथ करने हेतु	https://youtu.be/d-jNUB84poM?si=9KzaBmCLsS10eoyb		
8	अच्युतम केशवम	श्रद्धा और शांति	तनाव कम कर फोकस बढ़ाने हेतु	https://youtu.be/3yczGKnskts?si=FvdBzJon0L1sUzSE		
9	प्रभु जी तुम चंदन हम पानी	निकटता और प्रेम	टीम वर्क और अच्छे व्यवहार हेतु	https://youtu.be/mhK03kecgr0?si=Sngj8gaqnxIXRDkx		
10	जय हनुमान ज्ञान गुन सागर	बुद्धि और बल	इंटरव्यू और मीटिंग में निडर रहने हेतु	https://youtu.be/HSmjdnH8gQs?si=o6UWgxSp3h1GflBN		
						
📖 Shlokas						
क्रम	श्लोक का नाम	पूरा श्लोक	मुख्य लाभ	YouTube लिंक		
1	कर्म श्लोक	कर्मण्येवाधिकारस्ते मा फलेषु कदाचन। मा कर्मफलहेतुर्भूर्मा ते सङ्गोऽस्त्वकर्मणि॥	करियर में बिना तनाव मेहनत और सफलता हेतु	https://youtu.be/m0VD0vSXNXQ?si=rYvcj8atb4ReJtxk		
2	विजय श्लोक	यत्र योगेश्वरः कृष्णो यत्र पार्थो धनुर्धरः। तत्र श्रीर्विजयो भूतिर्ध्रुवा नीतिर्मतिर्मम॥	हर कार्य और प्रतियोगिता में निश्चित विजय हेतु	https://youtube.com/shorts/b-NuoK3gfuc?si=PHObrCIYkVvrbSJ6		
3	गणेश श्लोक	वक्रतुण्ड महाकाय सूर्यकोटि समप्रभ। निर्विघ्नं कुरु मे देव सर्वकार्येषु सर्वदा॥	व्यापार या नए काम की बाधाएं दूर करने हेतु	https://youtube.com/shorts/1mCkCzBIvDo?si=gbomNeAXomyRR6Xw		
4	बुद्धि श्लोक	ॐ भूर्भुवः स्वः तत्सवितुर्वरेण्यं भर्गो देवस्य धीमहि धियो यो नः प्रचोदयात्॥	करियर में सही निर्णय और तीव्र बुद्धि हेतु	https://youtu.be/nwRoHC83wx0?si=f1Akd4C3BSvXNJaE		
5	विद्या श्लोक	सरस्वती नमस्तुभ्यं वरदे कामरूपिणी। विद्यारम्भं करिष्यामि सिद्धिर्भवतु मे सदा॥	इंटरव्यू, परीक्षा और नई स्किल में सिद्धि हेतु	https://youtube.com/shorts/Asb3NCYzDnM?si=2Ip-bhoGeriuglXN		
6	संकल्प श्लोक	उद्यमेन हि सिध्यन्ति कार्याणि न मनोरथैः। न हि सुप्तस्य सिंहस्य प्रविशन्ति मुखे मृगाः॥	आलस्य दूर कर मेहनत से लक्ष्य पाने हेतु	https://youtu.be/WCcW1Efq3W4?si=-ql30mOBC_JbYjXP		
7	शांति-विजय	ॐ पूर्णमदः पूर्णमिदं पूर्णात् पूर्णमुदच्यते।	काम के दबाव में भी मानसिक पूर्णता हेतु	https://youtu.be/vfzibQrVPoM?si=y7xPU6cE7-JtCkvc		
8	गुरु कृपा	गुरुर्ब्रह्मा गुरुर्विष्णुः गुरुर्देवो महेश्वरः। गुरुः साक्षात् परब्रह्म तस्मै श्रीगुरवे नमः॥	करियर में सही गाइडेंस और मेंटर पाने हेतु	https://youtube.com/shorts/fGShWlmiDyE?si=sHBTIs2BRo6Bf0Pj		
						
						
						
						
						
🪔 DIWALI  (Roshni ka tyohaar)						
						
🕉️ Mantras						
क्र.सं.	मंत्र का नाम	पूरा मंत्र (जाप)	लाभ (Benefits)	यूट्यूब लिंक (YouTube Link)		
1	गणेश गायत्री	ॐ एकदन्ताय विद्महे वक्रतुण्डाय धीमहि तन्नो दन्ती प्रचोदयात्।	कार्यों में सफलता और बुद्धि के लिए।	https://youtu.be/dkVlpm1mKFI?si=vJFkS8R3-PMxX_Ji		
2	लक्ष्मी बीज मंत्र	ॐ श्रीं ह्रीं श्रीं कमले कमलालये प्रसीद प्रसीद ॐ श्रीं ह्रीं श्रीं महालक्ष्मयै नम:।	अपार धन और समृद्धि की प्राप्ति।	https://youtu.be/bcs4geISuy0?si=iIlUMsgUwP0VAQdf		
3	कुबेर मंत्र	ॐ यक्षाय कुबेराय वैश्रवणाय धनधान्याधिपतये धनधान्यसमृद्धिं मे देहि दापय स्वाहा॥	धन संचय और व्यापार में वृद्धि।	https://youtu.be/bcs4geISuy0?si=iIlUMsgUwP0VAQdf		
4	श्री सूक्तम	ॐ हिरण्यवर्णां हरिणीं सुवर्णरजतस्त्रजाम्... (पूरा पाठ)	घर में माँ लक्ष्मी का स्थायी वास।	https://youtu.be/OC7LQxuhQUU?si=Dk4q0uGOrbCSfm7I		
5	वक्रतुण्ड महाकाय	वक्रतुण्ड महाकाय सूर्यकोटि समप्रभ। निर्विघ्नं कुरु मे देव सर्वकार्येषु सर्वदा॥	सभी विघ्न-बाधाओं को दूर करने हेतु।	https://youtube.com/shorts/1mCkCzBIvDo?si=gbomNeAXomyRR6Xw		
6	लक्ष्मी गायत्री	ॐ श्री महालक्ष्म्यै च विद्महे विष्णु पत्न्यै च धीमहि तन्नो लक्ष्मी प्रचोदयात्॥	सौभाग्य और ऐश्वर्य की प्राप्ति।	https://youtu.be/HeqiNrjiCfk?si=EyUBWgbK16-rLLp0		
7	सरस्वती मंत्र	ॐ ऐं सरस्वत्यै नमः।	ज्ञान, एकाग्रता और कला में निपुणता।	https://youtu.be/-NqX8zOZ62w?si=DWcjvgR9t3KYkz-D		
8	गणेश मूल मंत्र	ॐ गं गणपतये नमः।	किसी भी नए कार्य के निर्बाध आरम्भ के लिए।	https://youtu.be/Naruxgq6oMU?si=xqSFGrw15ZFcqKY-		
9	महालक्ष्मी अष्टकम	नमस्तेऽस्तु महामाये श्रीपीठे सुरपूजिते...	अष्ट-लक्ष्मी की पूर्ण कृपा पाने के लिए।	https://youtube.com/shorts/7BEYmt8EeX8?si=kqi58ODFW_qjBs1A		
10	विष्णु वंदना	शान्ताकारं भुजगशयनं पद्मनाभं सुरेशं...	जीवन में सुख, शांति और मोक्ष के लिए।	https://youtu.be/XAxNnRPoyiU?si=SzEsaZlOfS48Hd-b		
11	गायत्री मंत्र	ॐ भूर्भुवः स्वः तत्सवितुर्वरेण्यं भर्गो देवस्य धीमहि धियो यो नः प्रचोदयात्॥	आध्यात्मिक जागृति और शुद्ध बुद्धि के लिए।	https://youtu.be/nwRoHC83wx0?si=f1Akd4C3BSvXNJaE		
						
🔥 Aarti						
क्र.सं.	आरती का नाम	देवी/देवता	महत्व (Significance)	यूट्यूब लिंक (YouTube Link)		
1	ओम जय लक्ष्मी माता	माँ लक्ष्मी	धन, सुख और समृद्धि की प्राप्ति के लिए सबसे मुख्य आरती।	https://youtu.be/zdZ67AM47u8?si=Ff03RfC0f0Fll-oI		
2	जय गणेश देवा	भगवान गणेश	किसी भी पूजा की शुरुआत में विघ्न दूर करने के लिए।	https://youtu.be/Yuex2EnsGiY?si=0_Pq00ZXiWo3JeVx		
3	ओम जय जगदीश हरे	भगवान विष्णु	घर में शांति, भक्ति और प्रसन्नता के लिए सार्वभौमिक आरती।	https://youtu.be/NE3SWh9_vR4?si=oJOVnsbkOB7Qxw5b		
4	श्री कुबेर आरती	कुबेर देव	धन के देवता को प्रसन्न करने और तिजोरी भरी रखने के लिए।	https://youtu.be/c0J1WntPaDg?si=PMqDiJZ9LjbiqiFk		
						
🎶 Bhajans / 🙏 Stuti						
क्र.सं.	नाम (Bhajan/Stuti)	किसके लिए है	क्यों प्रसिद्ध है?	यूट्यूब लिंक (YouTube Link)		
1	महालक्ष्मी अष्टकम	माँ लक्ष्मी	यह माँ लक्ष्मी की सबसे शक्तिशाली स्तुति मानी जाती है।	https://youtube.com/shorts/7BEYmt8EeX8?si=kqi58ODFW_qjBs1A		
2	श्री सूक्तम	माँ लक्ष्मी	वेदों से ली गई माँ लक्ष्मी की सबसे पुरानी और शुद्ध स्तुति।	https://youtu.be/OC7LQxuhQUU?si=Dk4q0uGOrbCSfm7I		
3	श्री राम चंद्र कृपालु भजु मन	भगवान राम	भगवान राम के अयोध्या आगमन की खुशी में गाई जाने वाली स्तुति।	https://youtu.be/EiBdfBciDA0?si=nmwSs611cJ-RuV8D		
4	मैया लक्ष्मी जी की अमृतवाणी	माँ लक्ष्मी	माँ लक्ष्मी की पूरी महिमा और कथा का वर्णन।	https://youtu.be/dHaorYzhsMQ?si=-1r8kafoFsK3S4_k		
5	जय गणेश जय गणेश देवा	भगवान गणेश	सुख-कर्ता और दुख-हर्ता गणेश जी का सबसे लोकप्रिय भजन।	https://youtu.be/Yuex2EnsGiY?si=SN2TjtMVVhHmp7gl		
6	लक्ष्मी चालीसा	माँ लक्ष्मी	माँ लक्ष्मी को प्रसन्न करने के लिए सरल और सुंदर पाठ।	https://youtu.be/aLKLcvJZ2Hc?si=LghSz9KgBnH3YqXK		
7	श्री राम स्तुति	भगवान राम	दिवाली के दिन प्रभु राम की महिमा गाने के लिए श्रेष्ठ।	https://youtu.be/leVoi6kkp3o?si=v3atP52xIcpUEFs8		
8	अच्युतम केशवम कृष्ण दामोदरम	भगवान विष्णु/कृष्ण	विष्णु जी की शांत और मधुर स्तुति।	https://youtu.be/3yczGKnskts?si=kXnjK3iThd_asoFy		
9	ठुमक चलत रामचंद्र	भगवान राम	राम जी के बाल रूप का सुंदर वर्णन।	https://youtu.be/PT1CwFIoc98?si=xAYsyfQq1WC7E0z_		
10	महालक्ष्मी कवच	माँ लक्ष्मी	घर और परिवार की सुरक्षा और बरकत के लिए।	https://youtu.be/OvimStyyQWI?si=SwrQDOQ7f47RApTT		
11	विष्णु सहस्रनाम	भगवान विष्णु	विष्णु जी के 1000 नाम जो महालक्ष्मी को प्रिय हैं।	https://youtu.be/EvzntcbyjFU?si=hm8jdvkNsk7IYzFJ		
						
📖 Katha						
क्र.सं.	कथा का नाम (Story Name)	यूट्यूब लिंक (YouTube Link)				
1	श्री राम का आगमन	https://youtu.be/tj6yKxSPQZQ?si=_x0KiFTx5Dwnc27J				
2	नरकासुर वध	https://youtu.be/V5bvJlR38xE?si=Cmm8uCXgEtB9CWux				
3	माता लक्ष्मी का अवतार	https://youtu.be/BL5lLnsLUrA?si=gbst_MpkoyNGs-vd				
						
						
🪈🦚Janmashtami (Shri Krishna janmotsav)						
						
🕉️ Mantras						
क्र.सं.	मंत्र का नाम	पूरा मंत्र (Chanting)	मंत्र के लाभ (Benefits)	यूट्यूब लिंक (YouTube Link)		
1	मूल मंत्र	ॐ नमो भगवते वासुदेवाय	मोक्ष प्राप्ति और मन की शांति के लिए।	https://youtu.be/felGgBmnx-I?si=YoB5C1tli8tX3Kpx		
2	महामंत्र	हरे कृष्ण हरे कृष्ण, कृष्ण कृष्ण हरे हरे। हरे राम हरे राम, राम राम हरे हरे॥	कलियुग के पापों से मुक्ति और परम आनंद।	https://youtu.be/Zdcth9NndEA?si=cBoFKjOpIFF2NbjP		
3	कृष्ण गायत्री	ॐ देवकीनन्दनाय विद्महे वासुदेवाय धीमहि तन्नो कृष्ण: प्रचोदयात्॥	ज्ञान, बुद्धि और एकाग्रता बढ़ाने के लिए।	https://youtu.be/yzwVyns93nc?si=UqzAJ3pjM1DUhsI7		
4	संतान गोपाल मंत्र	देवकी सुत गोविंद वासुदेव जगत्पते। देहि मे तनयं कृष्ण त्वामहं शरणं गत:॥	योग्य संतान की प्राप्ति के लिए अचूक मंत्र।	https://youtube.com/shorts/U5XZNBFMFm4?si=ZQOWvCHdZfFJKL7h		
5	कृष्ण बीज मंत्र	ॐ क्लीं कृष्णाय नमः	आकर्षण शक्ति और अटके हुए काम बनाने के लिए।	https://youtu.be/WqiKUywr55o?si=sx_88WGHIxnkZoNM		
6	क्लेश नाशक मंत्र	कृष्णाय वासुदेवाय हरये परमात्मने। प्रणत क्लेशनाशाय गोविंदाय नमो नम:॥	जीवन के सभी दुखों और संकटों को दूर करने हेतु।	https://youtu.be/OLWnCrUl6yA?si=yTdHh02DhHtKHuLe		
7	शरण मंत्र	ॐ श्री कृष्णाय शरणं मम	भय दूर करने और भगवान की सुरक्षा पाने के लिए।	https://youtu.be/1y2tRqtND1Y?si=j1s6RWWKKwE9EShB		
8	गोविंद मंत्र	ॐ नमो भगवते श्रीगोविन्दाय	धन, ऐश्वर्य और सुख-सुविधाओं की प्राप्ति।	https://youtu.be/0grOjMCVG_w?si=Hnt_Ffu39XgFWHSn		
9	मधुराष्टकम	अधरं मधुरं वदनं मधुरं नयनं मधुरं हसितं मधुरम्...	कृष्ण प्रेम में डूबने और भक्ति बढ़ाने के लिए।	https://youtu.be/sdZpM8paUnM?si=nAeAA34E_6X4S8uO		
10	अच्युतम केशवम	अच्युतम केशवम कृष्ण दामोदरम राम नारायणम जानकी वल्लभम...	सुबह-शाम भगवान का ध्यान और स्मरण करने हेतु।	https://youtu.be/3yczGKnskts?si=kXnjK3iThd_asoFy		
						
🔥 Aarti						
क्र.सं.	आरती का नाम	किसके लिए है	महत्व (Significance)	यूट्यूब लिंक (YouTube Link)		
1	आरती कुंज बिहारी की	श्री कृष्ण	यह कृष्ण जी की सबसे प्रसिद्ध और प्रिय आरती है।	https://youtu.be/EMO1AT1UQf0?si=MkZfeLJzerN3VqU3		
2	जय गणेश देवा	भगवान गणेश	किसी भी पूजा की शुरुआत में सबसे पहले गणेश जी की आरती।	https://youtu.be/Yuex2EnsGiY?si=0_Pq00ZXiWo3JeVx		
3	बांके बिहारी की आरती	श्री कृष्ण	मथुरा और वृंदावन के बांके बिहारी मंदिर की मुख्य आरती।	https://youtu.be/6LO2PRgbutc?si=5jlVXHicQQJxmGEG		
4	ओम जय जगदीश हरे	भगवान विष्णु	कृष्ण जी विष्णु के अवतार हैं, इसलिए यह आरती जरूर होती है।	https://youtu.be/NE3SWh9_vR4?si=oJOVnsbkOB7Qxw5b		
						
						
🎶 Bhajans / 🙏 Stuti						
क्र.सं.	भजन/स्तुति का नाम	गायक/प्रकार	क्यों सुनें? (Importance)	यूट्यूब लिंक (YouTube Link)		
1	मधुराष्टकम (अधरं मधुरं)	स्तुति	कृष्ण जी की सुंदरता का सबसे सुंदर वर्णन।	https://youtu.be/sdZpM8paUnM?si=nAeAA34E_6X4S8uO		
2	अच्युतम केशवम कृष्ण दामोदरम	भजन	बहुत ही शांत और मधुर नाम संकीर्तन।	https://youtu.be/3yczGKnskts?si=kXnjK3iThd_asoFy		
3	यशोमती मैया से बोले नंदलाला	बाल भजन	कान्हा के बाल रूप और उनकी बातों का वर्णन।	https://youtu.be/RIYVVqu2XY4?si=zZcShWvTzV_kAWCQ		
4	गोविन्द बोलो हरि गोपाल बोलो	कीर्तन	सामूहिक रूप से गाने के लिए सबसे सरल कीर्तन।	https://youtu.be/QUw-FAmmaGw?si=EXBCGPVYhs5y2T4D		
5	नंद के आनंद भयो जय कन्हैया लाल की	उत्सव गीत	जन्म के बाद खुशी मनाने के लिए सबसे खास गाना।	https://youtu.be/dUJG4REgj8o?si=FEiQaZGLOw08y30s		
6	छोटी छोटी गईया छोटे छोटे ग्वाल	बाल भजन	बच्चों और बड़ों दोनों का पसंदीदा भजन।	https://youtu.be/XzqJUoSDHZU?si=8-LAQkUg8tq7ov6T		
7	मेरे बांके बिहारी लाल	भजन	बांके बिहारी जी के प्रति प्रेम व्यक्त करने के लिए।	https://youtu.be/P1R6Bk0C_BM?si=inh8vmHBJW8J7oYN		
8	श्याम तेरी बंसी पुकारे राधा नाम	शास्त्रीय भजन	भगवान के प्रेम और बांसुरी की महिमा।	https://youtu.be/XJqKbDxAa3U?si=8QX2YAec4EyoDiPP		
9	श्री कृष्ण गोविन्द हरे मुरारी	प्रसिद्ध मंत्र-भजन	संकटों को दूर करने वाला सुरीला भजन।	https://youtu.be/ne3Mjg1M-Uo?si=xT7OOKlB5SXv2bDf		
10	ऐसी लागी लगन मीरा हो गई मगन	मीरा भजन	भक्ति की पराकाष्ठा को दर्शाने वाला भजन।	https://youtu.be/dnCE-kSHES0?si=yTCI8n72etTZr0XL		
						
📖 Katha						
क्र.सं.	कथा का नाम (Story Name)	कथा का सार (Short Summary)	यूट्यूब लिंक (YouTube Link)			
1	श्री कृष्ण का जन्म	मथुरा की जेल में भगवान विष्णु के 8वें अवतार के रूप में जन्म और कंस के आतंक का अंत।	https://youtu.be/DCkMeVhmiC4?si=yxxvmUMREHx5iv2a			
2	पूतना वध की कथा	कंस द्वारा भेजी गई राक्षसी पूतना का वध कर कान्हा ने अपनी ईश्वरीय शक्ति का परिचय दिया।	https://youtu.be/s6eY3KmckxM?si=snJjDcySedBSkWXG			
3	गोवर्धन पर्वत की कथा	ब्रजवासियों को इंद्र के प्रकोप से बचाने के लिए कान्हा का अपनी उंगली पर पर्वत उठाना।	https://youtu.be/mmVbmowFswQ?si=4Pq4-LiYvLPJNzNH			
4	कालिया नाग मर्दन	यमुना नदी को जहरीले नाग से मुक्त करने के लिए कान्हा का नाग के फन पर नृत्य करना।	https://youtu.be/RsBjj-D9yNA?si=V-Ft5Yq0hG1iLEl7			
						
						
🚩🛕🐚🕉️Navratri / Durga Puja (Devi Maa ki upasna)						
						
दिन	देवी माँ का नाम	मुख्य मंत्र 	आरती और स्तुति 	प्रसिद्ध भजन 		
दिन 1	माँ शैलपुत्री	1. ॐ देवी शैलपुत्र्यै नमः    -   https://youtu.be/LIRZl2SS6gs?si=AVDsYTG_SV2X6A99  2. वन्दे वाञ्छितलाभाय...  - https://youtube.com/shorts/qZoqKbSjQIs?si=_99YpXjMBBPkNUdt 	1. शैलपुत्री माता आरती  - https://youtu.be/5OBU8nYEkSU?si=9mA5hpkOrNkBvnPY  2. दुर्गा चालीसा  - https://youtu.be/AXvmt88JLWg?si=dj_OFw1cqaz-9iex  3. देवी सूक्तम - https://youtu.be/qKKBdPWIQBs?si=EeHNtUNmftY8x5xA  4. जग जननी जय जय - https://youtu.be/f1hFif4_VsI?si=sc8sjCh5oDZeZ3hC	1. शैलपुत्री माँ  - https://youtu.be/HK9_coxwzyU?si=S6DZZa59WPYGjpCX   2 मैया का चोला - https://youtu.be/IHyTxAR51Ow?si=KFSW9gT5HFnFTcTj		
दिन 2	माँ ब्रह्मचारिणी	1. ॐ देवी ब्रह्मचारिण्यै नमः - https://youtu.be/LU3WomO8T78?si=FXzd1nlNA3ZvbEJ1   2. ॐ ऐं नमः  - https://youtu.be/4D5lntlBe38?si=dCdMDFImhjKeeUDI	1. ब्रह्मचारिणी आरती - https://youtu.be/CHwlptJwiFo?si=fJ_A1IxIqqHCSYsw  2. दुर्गा अष्टकम -  https://youtu.be/7hpt3DFGsgk?si=pqAdse07R6H9u0TR  3. देवी कवच -  https://youtu.be/rqgvyF9LBHk?si=Q2TMKsuJzBA3pvYX  4. अर्गला स्तोत्रम - https://youtu.be/YD0eXOX6gbo?si=iXtarLdK_F4Lsi37  5. कीलक स्तोत्रम - https://youtu.be/5hPQUvaahhg?si=pQia2507vSpSvByx	1. ब्रह्मचारिणी अमृतवाणी - https://youtu.be/RlC-lvHnnxI?si=5nlQj80kmuYP3Rn9  2. मेरी माँ के बराबर कोई नहीं - https://youtu.be/zkO8HfmRsD0?si=H3DSNO2ffu8dvy3S  3. ओ माँ मेरी पत्त रखिओ - https://youtu.be/dy2hKmedmnQ?si=LjVypS6avCUu_74W		
दिन 3	माँ चंद्रघंटा	1. ॐ देवी चंद्रघण्टायै नमः - https://youtu.be/iX6fay1rQp8?si=PHZJn3YzY51u5qoi  	1. चंद्रघंटा आरती - https://youtu.be/9oju38z549I?si=xvMdvegCDxrbqSt8                                                                                         2. सिद्ध कुंजिका स्तोत्र - https://youtu.be/m8koxlMwZBQ?si=091dKtyEwS1maH5H  3. अपराजिता स्तोत्र - https://youtu.be/39lDm7fA4ZI?si=9XxzCwsKLE0-C8Pp  4. देवी सूक्तम - https://youtu.be/dhE1JFVfBUQ?si=vqHqUdWO_VaPM1jU	1. शेरावली माँ भजन - https://youtu.be/st7v3f9cDpw?si=CzGNX78ZzGHIL6yM  2. चलो बुलावा आया है - https://youtu.be/UIvpNrP4WQs?si=IxpclbyNXs6Yvz0S  3. तूने मुझे बुलाया शेरावलिए - https://youtu.be/kQiH4Qk63d4?si=jMqG-fSYtL5cqVQ1  4. नंगे नंगे पाँव चला - https://youtu.be/2XpXPwJYoQ8?si=nwOFMHJEy4ukMlHk  5. भोर भई दिन चढ़ गया - https://youtu.be/C9mzqGDyiEQ?si=GoCqcKJ8dvEBHMOs		
दिन 4	माँ कुष्मांडा	1. ॐ देवी कूष्माण्डायै नमः - https://youtu.be/P8gTDIV-aps?si=O56jXq2zbqJr8MI9  	1. कूष्माण्डा माता आरती - https://youtu.be/8cpa-HjoDho?si=O3q4g8RnTLYjx3mc  2. महिषासुर मर्दिनी स्तोत्रम - https://youtu.be/4CKpFcQdJXk?si=u-qW_9IL_CIfIo6H  3. भवानी अष्टकम - https://youtu.be/KHQGmOCP7hQ?si=hUTC0v4AKRussTuv	1. मैया जी का मंदिर सुहाना  - https://youtu.be/12RcOYPkOQE?si=KiO2llcj5PvLPfro  2. माँ मुरादे पूरी करदे - https://youtu.be/B5yQ7xxw294?si=seupbxLZrObJ82ui  3. सबसे बड़ा तेरा नाम - https://youtu.be/a1Nk1z2TsT4?si=B4h60gFXBdmXF67M  4. प्यारा सजा है तेरा द्वार  - https://youtu.be/M0E506vc8r0?si=ZRfs73sgCRoHhB7o  5. माँ शेरावलिए - https://youtu.be/yHNggTfMVz4?si=8VoYpjfLd-WAX1vV		
दिन 5	माँ स्कंदमाता	1. ॐ देवी स्कंदमातायै नमः - https://youtu.be/Z2LC5cixTxk?si=IyYaspKZIgSSG48x 	1. स्कंदमाता आरती - https://youtu.be/xKN1hS24DSk?si=QBAPt_Tb7xcXtS_c  2. ललिता सहस्रनामम - https://youtu.be/ew1yGxycT5c?si=Vx7-WQh5ztd6o-5n  3. श्री सूक्तम - https://youtu.be/OC7LQxuhQUU?si=SLme9NmAV7LlPJHs  4. आनंद मंगल करू आरती - https://youtu.be/EZ4Xk-zThJU?si=E2AlaotKLtiUSCG8	1. बेटा जो बुलाए माँ को - https://youtu.be/1kXKNEk_bH4?si=0yolOSSFl3E8G2h_  2. बिगड़ी मेरी बना दे माँ - https://youtu.be/macdUAgZTpY?si=2XRO73tWj2H9NT90  3. मैया तेरी जय जयकार - https://youtu.be/yutx7mSPrM8?si=fitqBzqFiRmJ0hVA  4. माँ मुझे अपने आँचल मे छुपा ले - https://youtu.be/Ob_IMRI3FHg?si=d1ZZ0Ld8L6LQPAtq		
दिन 6	माँ कात्यायनी	1. ॐ देवी कात्यायन्यै नमः - https://youtu.be/JAdSYIqeQKw?si=bjBjiUk2e4USPI6k 	1. कात्यायनी आरती - https://youtu.be/rBFN2kzA1YM?si=KhP2Bne5x26x2iRR  2. कात्यायनी स्तुति - https://youtu.be/13lFnCyrM70?si=TmJasFPvRaZd02mt  3. सप्तशती 11वां अध्याय - https://youtu.be/A5Tvq4Cd09M?si=gcmnu3lS_6MBXzKa  4. भगवती स्तोत्रम - https://youtu.be/OY9uYvA2H7g?si=DA_D7BIm9dD2b5qn 	1. माँ का दरबार निराला - https://youtu.be/GUTxDyR04GQ?si=p5U6BJkVWWEZGv9o  3. माँ कात्यायनी कथा - https://youtu.be/rul9MvM7nX4?si=dHWAlCVxQfu1Xr1B   4. मेरी झोली छोटी पड़ गई - https://youtu.be/snMrG8Z0PkY?si=Q3op6pCNghOLhtCI 		
दिन 7	माँ कालरात्रि	1. ॐ देवी कालरात्र्यै नमः - https://youtu.be/ozZOCLzqCXQ?si=wLobCfwIjwPCCi_6  2. ॐ ऐं ह्रीं क्लीं चामुण्डायै विच्चे - https://youtu.be/cdlS1XC3Gus?si=a1AHP81ef2aszjqi	1. कालरात्रि आरती - https://youtu.be/MwARD6JbEF0?si=nth79DBBLFvYu4aD  2. काली चालीसा - https://youtu.be/G4vxc1GuqW4?si=-BYdPOajF4LTdZ2U  3. महाकाली स्तोत्रम - https://youtu.be/kYCecFJZMXI?si=8fOgTrJk7WAeRQoj 	1. मंगल की सेवा सुन मेरी देवा - https://youtu.be/1xqYB_oGCo0?si=yz8FoBf7nxC4re2P  2. कालो की काल महाकाली - https://youtu.be/Op3v6u8b20w?si=yghlY3i6UQhaarYK  3. काली माता भजन - https://youtu.be/8xCsb5KdV0w?si=m2mfnHohx7K_W-RU  4. रण में कूद पड़ी महाकाली - https://youtu.be/CQfPnCYVntY?si=jzW0kAVPOYLNSVVO  5. चली आ रही कालका लट खोले - https://youtu.be/Nspt-o92RNw?si=i2VLDbkpboRGJlmw		
दिन 8	माँ महागौरी	1. ॐ देवी महागौर्यै नमः - https://youtu.be/73scy4odMhY?si=3FJZb_sp0DEx1HLr 	1. महागौरी आरती - https://youtu.be/BDxFBlM3k5M?si=I2PGYqtIGGyyLD2E  2. सर्व मंगल मांगल्ये - https://youtu.be/ZdBVEV5u2To?si=403axLe0xm3cV_JT	 1. अष्टमी का दिन आया - https://youtu.be/0ySMH1Iefeo?si=TlmsgiTmBiROC4re  2. कन्या पूजन करो जी - https://youtu.be/PIfZIjyQ_Dg?si=bsGDIjD5RLC5rfYn  3. जय जय अम्बे माँ - https://youtu.be/RgJCuvhu5RQ?si=jPabB-8tHl2JK-0d		
दिन 9	माँ सिद्धिदात्री	1. ॐ देवी सिद्धिदात्र्यै नमः - https://youtu.be/IeIlDGDHkr0?si=NaPwD8M9in6cesoG  2. ॐ श्रीं ह्रीं क्लीं नमः - https://youtu.be/97h4lRquOVg?si=RO_DOBfcWYF8v45G	1. सिद्धिदात्री आरती - https://youtu.be/u9nhUeE4dII?si=HmR-XExFqNBRai1Y  2. सिद्ध कुंजिका स्तोत्र - https://youtu.be/m8koxlMwZBQ?si=XMlKuvT5g8nBCSog  3. सप्तशती पाठ - https://youtu.be/OdtJ3jQuj3I?si=NGu_KhI9MDE1q-Ab  4. क्षमापना स्तोत्रम - https://youtu.be/Ukx6gmhd-pY?si=Tmqf2Gbu0ORFSbuz	1.विसर्जन माँ चली - https://youtu.be/7tOuRS8oyG8?si=0uRCbu6g4vBVbE4R  2. माँ सिद्धिदात्री कथा - https://youtu.be/5L9X--CT8Mg?si=UORsnqd-_4sd3q43  3. मैया सब पे कृपा राखियो हो मां - https://youtu.be/vayIYeTbg1Q?si=f_j3oFpqHo-A0xSb 		
						
						
🏹 Dussehra (Burayi par achayi ki jeet)						
						
🕉️ Mantras						
क्र.सं.	मंत्र का नाम	मुख्य मंत्र (Mantra)	मंत्र का लाभ (Benefits)	यूट्यूब लिंक (YouTube Link)		
1	विजय मंत्र	ॐ रामाय नमः	हर कार्य में सफलता और जीत के लिए।	https://youtu.be/CA8RcKyO0Y4?si=lQGTY9Ov96Uhu8JI		
2	अपराजिता मंत्र	ॐ विजयायै नमः	शत्रुओं पर विजय और कोर्ट-कचहरी में जीत हेतु।	https://youtu.be/L1thhiT_Hq0?si=p77WkcVu8MRuE5Mk		
3	भय नाशक मंत्र	ॐ आपदामपहर्तारं दातारं सर्वसंपदाम्। लोकाभिरामं श्रीरामं भूयो भूयो नमाम्यहम्॥	हर तरह के डर और विपत्ति को दूर करने हेतु।	https://youtu.be/snRINfVgunw?si=OBhIF1xWjPyu43K6		
4	शक्तिदायक मंत्र	ॐ दुं दुर्गायै नमः	शरीर में नई ऊर्जा और साहस भरने के लिए।	https://youtu.be/jB4aaP2X7S4?si=m9_aarWrjCpP8nDx		
5	सिद्धि मंत्र	ॐ हं हनुमते रुद्रात्मकाय हुं फट्	नकारात्मक शक्तियों और नजर दोष से बचने के लिए।	https://youtu.be/vlc0vWvSrOM?si=kqXnkvDI7kec51Je		
6	ग्रह दोष निवारण	ॐ नमो भगवते रामचंद्राय	शनि या अन्य ग्रहों के बुरे प्रभाव को कम करने हेतु।	https://youtu.be/sRjLbmFjjQ0?si=BflcnYp06jrhbI1r		
7	राम गायत्री मंत्र	ॐ दशरथाय विद्महे सीतावल्लभाय धीमहि, तन्नो राम: प्रचोदयात्॥	बुद्धि को सही दिशा देने और धर्म मार्ग पर चलने हेतु।	https://youtu.be/7jwEnIwT_kk?si=Mm_qCEbi9iNrHK62		
						
🔥 Aarti						
क्र.सं.	आरती का नाम	किसके लिए है	क्यों करें? (महत्व)	यूट्यूब लिंक (YouTube Link)		
1	श्री रामचंद्र कृपालु भजु मन	भगवान श्री राम	यह प्रभु राम की सबसे मुख्य स्तुति/आरती है।	https://youtu.be/leVoi6kkp3o?si=v3atP52xIcpUEFs8		
2	आरती कीजै रामलला की	भगवान श्री राम	दुष्टों का नाश करने वाले प्रभु राम की प्रसन्नता के लिए।	https://youtu.be/3_QR2HxO3N4?si=Yits6lNC08jSD5UK		
3	आरती कीजै हनुमान लला की	हनुमान जी	राम जी के परम भक्त और विजय में सहायक हनुमान जी हेतु।	https://youtu.be/r7GJ8GoGSD8?si=_XwHYxWLE9gLr6gI		
4	अम्बे तू है जगदम्बे काली	माँ दुर्गा	शक्ति की देवी और महिषासुर मर्दिनी की विदाई हेतु।	https://youtu.be/dVTUUtOHUCA?si=Kos_i0o8NA3VrmOj		
5	ओम जय जगदीश हरे	भगवान विष्णु	राम जी विष्णु अवतार हैं, यह सार्वभौमिक सुख-शांति के लिए है।	https://youtu.be/NE3SWh9_vR4?si=oJOVnsbkOB7Qxw5b		
						
📜 Stotram /🙏 Stuti						
क्र.सं.	नाम (Name)	प्रकार (Type)	महत्व और लाभ (Importance)	यूट्यूब लिंक (YouTube Link)		
1	राम रक्षा स्तोत्र	स्तोत्रम	जीवन की सुरक्षा और शत्रुओं से रक्षा के लिए महाकवच।	https://youtu.be/y-Xv63obhKI?si=M5eZNo40oYpESgJA		
2	आदित्य हृदय स्तोत्र	स्तोत्रम	आत्मविश्वास बढ़ाने और सरकारी कार्यों में जीत के लिए।	https://youtu.be/invPCYDaWUE?si=-cwsyKTg-INmshaY		
3	श्री राम स्तुति	स्तुति	(भए प्रगट कृपाला) प्रभु राम की विशेष कृपा पाने हेतु।	https://youtu.be/leVoi6kkp3o?si=v3atP52xIcpUEFs8		
4	महिषासुर मर्दिनी	स्तोत्रम	(अयि गिरिनन्दिनि) बुराई पर अच्छाई की जीत के लिए।	https://youtu.be/dVTUUtOHUCA?si=Kos_i0o8NA3VrmOj		
5	हनुमान चालीसा	स्तुति	हर बाधा और संकट को तुरंत दूर करने के लिए।	https://youtu.be/AETFvQonfV8?si=YezmW2nYi76Eoi6Q		
6	विष्णु सहस्रनाम	स्तोत्रम	सौभाग्य और सुख-समृद्धि की प्राप्ति के लिए।	https://youtu.be/EvzntcbyjFU?si=hm8jdvkNsk7IYzFJ		
7	राम अष्टकम	स्तोत्रम	(भजे विशेष सुंदरम) राम जी के सुंदर रूप की स्तुति।	https://youtu.be/EvfGBluQkSk?si=7z6NrixCl74aIvH_		
8	बजरंग बाण	स्तुति	असाध्य रोगों और भारी संकटों से मुक्ति के लिए।	https://youtu.be/h1lT6cxwsPw?si=KdhV4ABeZuxVKiuY		
						
🎶 Bhajans						
क्र.सं.	भजन का नाम	गायक/प्रकार	यूट्यूब लिंक			
1	नगरी हो अयोध्या सी	राम भजन	https://youtu.be/ZkKStVgGEJY?si=3ByfjplaH0mUbK5v			
2	मंगल भवन अमंगल हारी	रामायण चौपाई	https://youtu.be/0rWQi2OWezo?si=B6lBpLuUPknXnb2D			
3	मेरे सरकार आए हैं	उत्सव भजन	https://youtu.be/ukq70I4YDP8?si=iYTlYHdKfxHOlv8_			
4	सुख के सब साथी	वैराग्य भजन	https://youtu.be/4VqeqbzJxbc?si=0n0edKyje9U0o6le			
5	राम जी की निकली सवारी	शोभा यात्रा	https://youtu.be/bZ-Zrc-GPoc?si=cw_EX8USJqc4e0KA			
6	ठुमक चलत रामचंद्र	तुलसीदास	https://youtu.be/PT1CwFIoc98?si=Il-i74wqg1etBqxF			
7	दुनिया चले ना श्री राम	हनुमान भजन	https://youtu.be/sDhrWWWBQLI?si=q8A3dtzw-Pz1pxK1			
8	राम जी का नाम लेकर	भक्ति भजन	https://youtu.be/rPUuIMR7IJg?si=Ih0RY7ld8sJvMgQ6			
9	कभी राम बनके कभी श्याम	सर्व-रूप भजन	https://youtu.be/mZjySBOJj10?si=hNqlQH7zayev0e3e			
10	राम नाम के हीरे मोती	सत्संग भजन	https://youtu.be/6BJR_j4FHz4?si=hRLU-bLSvuuKWHgs			
						
📖 Katha						
क्र.सं.	कथा का नाम (Story Name)	कथा का सार (Short Summary)	यूट्यूब लिंक			
1	रावण वध	अधर्म पर धर्म की जीत के रूप में प्रभु राम ने अहंकारी रावण का वध कर सीता माता को मुक्त कराया।	https://youtu.be/MtbVsknZP-A?si=uMbJViu_PvND-iuY			
2	महिषासुर मर्दन	माता दुर्गा ने 9 दिनों के युद्ध के बाद 10वें दिन महिषासुर का वध किया, जिसे विजयादशमी कहते हैं।	https://youtu.be/897iHQ6bPbU?si=yutaXaaJ0l7YzH9U			
						
						
🔱🕉𓆗Maha Shivratri (Bhagwan Shiv ki puja)						
						
🕉️ Mantras						
क्र.सं.	मंत्र का नाम	मुख्य मंत्र (Mantra)	मंत्र का लाभ (Benefits)	यूट्यूब लिंक (YouTube Link)		
1	पंचाक्षरी मंत्र	ॐ नमः शिवाय	मन की शांति और सभी कष्टों के नाश के लिए।	https://youtube.com/shorts/AK-fDVxDV6A?si=hJqXBNcFgGpUmF7A		
2	महामृत्युंजय मंत्र	ॐ त्र्यम्बकं यजामहे सुगन्धिं पुष्टिवर्धनम्। उर्वारुकमिव बन्धनान्मृत्योर्मुक्षीय माऽमृतात्॥	अकाल मृत्यु से रक्षा और गंभीर रोगों से मुक्ति हेतु।	https://youtu.be/OV9LXGOXjgs?si=0izGm1eYkmBS0343		
3	रुद्र गायत्री मंत्र	ॐ तत्पुरुषाय विद्महे महादेवाय धीमहि तन्नो रुद्र: प्रचोदयात्॥	ज्ञान, बुद्धि और एकाग्रता बढ़ाने के लिए।	https://youtu.be/ytV08faCJwg?si=eXY_cZGO-FsueNS1		
4	शिव गायत्री मंत्र	ॐ पंचवक्त्राय विद्महे महादेवाय धीमहि तन्नो रुद्र: प्रचोदयात्॥	भगवान शिव का साक्षात्कार और आत्मज्ञान हेतु।	https://youtu.be/ytV08faCJwg?si=5OYB2QhpM3Jyjw28		
5	करपूर गौरं मंत्र	कर्पूरगौरं करुणावतारं संसारसारं भुजगेन्द्रहारम्। सदावसन्तं हृदयारविन्दे भवं भवानीसहितं नमामि॥	शिव-पार्वती का संयुक्त आशीर्वाद पाने के लिए।	https://youtube.com/shorts/IPmuTHmizWo?si=XZ2PxqPnPCnTi9QR		
6	महाकाल मंत्र	ॐ हं हनुमते रुद्रात्मकाय हुं फट्	नकारात्मक ऊर्जा और तंत्र-बाधा दूर करने के लिए।	https://youtu.be/vlc0vWvSrOM?si=kqXnkvDI7kec51Je		
7	रुद्र मंत्र	ॐ नमो भगवते रुद्राय	धन-धान्य और मान-सम्मान की प्राप्ति हेतु।	https://youtu.be/iEAPaA9Yf1s?si=lGmdeqXsCqtQQzx1		
8	कार्य सिद्धि मंत्र	ॐ साम्ब सदाशिवाय नमः	रुके हुए कामों को पूरा करने और सफलता के लिए।	https://youtu.be/Ly_Md1OOyTE?si=ni-k1rrLMF2suMfD		
						
📜 Stotram /🙏 Stuti						
क्र.सं.	नाम (Name)	प्रकार (Type)	महत्व और लाभ (Importance & Benefits)	यूट्यूब लिंक (YouTube Link)		
1	शिव ताण्डव स्तोत्र	स्तोत्रम	रावण द्वारा रचित, धन, शक्ति और विजय प्राप्ति के लिए।	https://youtu.be/S980-z1qx3g?si=mdxNJBopqX3nNpBz		
2	शिव रुद्राष्टकम	स्तुति	"नमामीशमीशान..." - शत्रुओं के नाश और मोक्ष के लिए।	https://youtu.be/8xvbnfVIJL4?si=_w4OfD0T9j_4Ro1r		
3	लिंगाष्टकम	स्तोत्रम	अष्ट-दरिद्रता दूर करने और शिव कृपा पाने के लिए।	https://youtu.be/6D1FdZczNXI?si=HhkiWFaq0I_CSFs-		
4	शिव मानस पूजा	स्तुति	मन ही मन भगवान की सेवा कर पूर्ण फल पाने के लिए।	https://youtu.be/zukqadAe9N8?si=c6fU3iNcPs4fnzy_		
5	द्वादश ज्योतिर्लिंग स्तोत्र	स्तोत्रम	12 ज्योतिर्लिंगों के स्मरण से पापों से मुक्ति हेतु।	https://youtu.be/QgkBIoUeAa0?si=etWL2dCG7qHJW8UX		
6	शिव पंचाक्षर स्तोत्र	स्तोत्रम	"नागेन्द्रहाराय..." - शिव के पांच अक्षरों की महिमा।	https://youtu.be/xFvfdjw2eno?si=d8Bz_map05AF4Ekj		
7	बिल्वाष्टकम	स्तोत्रम	बेलपत्र चढ़ाते समय पढ़ने से लक्ष्मी और सुख मिलता है।	https://youtu.be/s9o8JD8PU6w?si=NdbU-vNmPd5XXH0H		
8	शिव महिम्न स्तोत्र	स्तोत्रम	सभी दुखों के निवारण और यश-कीर्ति के लिए।	https://youtu.be/xaKaZvgkKm8?si=S78-0Gmt-ZokKrpm		
9	वेदसार शिव स्तोत्र	स्तोत्रम	वेदों के सार रूप में शिव की स्तुति, शांति हेतु।	https://youtu.be/cNvPNnhiSo8?si=8xy43ALgaQcYsQV-		
10	महामृत्युंजय स्तोत्र	स्तोत्रम	असाध्य रोगों और अकाल मृत्यु के भय को मिटाने हेतु।	https://youtu.be/OV9LXGOXjgs?si=9xpVAx95c3g2zoh6		
						
🎶 Bhajans						
क्र.सं.	भजन का नाम	महत्व (Significance)	यूट्यूब लिंक (YouTube Link)			
1	शिव शंकर को जिसने पूजा	शिव भक्ति का सबसे लोकप्रिय भजन।	https://youtu.be/w7HbgKcQS_w?si=9LtJV_tRsaENcyyg			
2	मेरा भोला है भंडारी	आज के युवाओं का सबसे पसंदीदा भजन।	https://youtu.be/gaJR15qWTDA?si=YjZV_xqQyOwRcX-i			
3	शिव कैलाशों के वासी	शिव के निवास स्थान का सुंदर वर्णन।	https://youtu.be/PlIoHp6v3LI?si=5OhUwGm9BeenQ6AQ			
4	मन मेरा मंदिर शिव मेरी पूजा	गहरी शांति और ध्यान के लिए श्रेष्ठ।	https://youtu.be/S6HFRZmZrTI?si=l6hw1fGuaYEXLM0K	मन मेरा मंदिर.mp3		
5	सत्यम शिवम सुंदरम	शिव को सत्य और सुंदर बताने वाला भजन।	https://youtu.be/3HwifzYsSeA?si=3-gdKJEEngGEIV6f			
6	नगर में जोगी आया	शिव के जोगी रूप की मधुर कथा।	https://youtu.be/awGyMNeThgQ?si=ADmIyULOAZL2gy7C			
7	भोले ओ भोले	भगवान शिव से भावुक पुकार।	https://youtu.be/zkUxRCOUWVo?si=iB21dUCzH49ADVXn			
8	ऐसी सुबह ना आए	दिन की शुरुआत शिव नाम से करने हेतु।	https://youtu.be/rNSfDMxWHG8?si=6whX6JaH6V_vfSA4			
9	 बम लहरी	शिवरात्रि के जोश को बढ़ाने वाला गाना।	https://youtu.be/iR8cieM-CFs?si=p13R2NEb8EoWiSTR			
10	शिव जी सत्य है	शिव तत्व का ज्ञान कराने वाला भजन।	https://youtu.be/kR4LMcp_AFI?si=fzx4iasop3dNiy4s			
						
						
📖 Katha						
क्र.सं.	कथा का नाम (Story Name)	यूट्यूब लिंक (YouTube Link)				
1	शिव पार्वती विवाह की संपूर्ण कथा	https://youtu.be/HHtMKIeMBAk?si=eUWok9Kg2Onxu6Il				
						
						
						
						
🙇🙏Ganesh Chaturthi (Ganpati Bappa ka utsav)						
						
🕉️ Mantras						
क्र.सं.	मंत्र का नाम	मुख्य मंत्र (Mantra)	मंत्र का लाभ (Benefits)	यूट्यूब लिंक (YouTube Link)		
1	गणेश मूल मंत्र	ॐ गं गणपतये नमः	सभी कार्यों में सफलता और बाधाओं को दूर करने के लिए।	https://youtu.be/Naruxgq6oMU?si=xqSFGrw15ZFcqKY-		
2	विनायक मंत्र	ॐ वक्रतुण्डाय हुम्	अटके हुए कामों को गति देने और नकारात्मकता मिटाने हेतु।	https://youtu.be/cidhzMLBUPQ?si=fXMWhEu5ZeeOpj3l		
3	सिद्धि विनायक मंत्र	ॐ नमो सिद्धिविनायकाय सर्वकार्यकर्त्रे सर्वविघ्नप्रशमनाय...	बड़ी सफलता और सिद्धि प्राप्त करने के लिए।	https://youtu.be/WawKv8E20KA?si=x3wVEkjdEi04Isk0		
4	गणेश गायत्री मंत्र	ॐ एकदन्ताय विद्महे वक्रतुण्डाय धीमहि, तन्नो दन्ती प्रचोदयात्॥	बुद्धि की शुद्धि और ज्ञान में वृद्धि के लिए।	https://youtu.be/dkVlpm1mKFI?si=vJFkS8R3-PMxX_Ji		
5	निर्विघ्न मंत्र	वक्रतुण्ड महाकाय सूर्यकोटि समप्रभ। निर्विघ्नं कुरु मे देव सर्वकार्येषु सर्वदा॥	किसी भी शुभ कार्य को बिना रुकावट पूरा करने के लिए।	https://youtube.com/shorts/1mCkCzBIvDo?si=gbomNeAXomyRR6Xw		
6	ऋद्धि-सिद्धि मंत्र	ॐ ह्रीं ग्रीं ह्रीं	सुख-समृद्धि और घर में बरकत लाने के लिए।	https://youtu.be/Qvu09XysxWw?si=2rCzQ7OWozkWCYhx		
7	लक्ष्मी-गणेश मंत्र	ॐ श्रीं गं सौम्याय गणपतये वर वरद सर्वजनं मे वशमानय स्वाहा	धन-लाभ और व्यापार में उन्नति के लिए।	https://youtu.be/nbfyD78Dke0?si=--jK-lqu9SvtXhzK		
8	गजानन मंत्र	गजाननं भूतगणादि सेवितं...	रोगों से मुक्ति और मानसिक शांति के लिए।	https://youtu.be/agqwzb3YzQ0?si=XnSUpCXTo4pmEzDK		
						
📜 Stotram /🙏 Stuti						
क्र.सं.	नाम (Name)	प्रकार (Type)	लाभ और महत्व (Benefits)	यूट्यूब लिंक (YouTube Link)		
1	संकटनाशन गणेश स्तोत्र	स्तोत्रम	"प्रणम्य शिरसा देवं..." - हर संकट को दूर करने के लिए।	https://youtu.be/aTFeZxXkL78?si=dnS6JCgCFy-zz_xG		
2	गणेश अथर्वशीर्ष	पाठ/स्तोत्र	सबसे शक्तिशाली पाठ, बुद्धि और एकाग्रता बढ़ाने हेतु।	https://youtu.be/Tssx17scqO4?si=gBPrZ12Ss-Z8E65l		
3	श्री गणेश पञ्चरत्नम्	स्तोत्रम	"मुदाकरात्तमोदकं..." - सुख, शांति और आनंद के लिए।	https://youtu.be/vYFOV9nj-_w?si=Fh10acxtqXypmgSV		
4	गणेश चालीसा	स्तुति	"जय गणपति सद्गुण सदन..." - जीवन की रक्षा और उन्नति हेतु।	https://youtu.be/WyHFSjN0miU?si=pCUb4V5RltoNG-DB		
5	गणेश अष्टकम	स्तोत्रम	भगवान गणेश के आठ स्वरूपों की महिमा और आशीर्वाद।	https://youtu.be/BhrCfQ0xyp8?si=Y8ihF6eLhRKE0QZ1		
6	ऋणमोचन गणेश स्तोत्र	स्तोत्रम	कर्ज से मुक्ति और आर्थिक स्थिति सुधारने के लिए।	https://youtu.be/ZSdGIRPRca0?si=JCfj8Mp_WSFKabzU		
7	गणपति गकार स्तोत्र	स्तोत्रम	विशेष सिद्धियों और आध्यात्मिक उन्नति की प्राप्ति हेतु।	https://youtu.be/Ab04UFqu-Qs?si=Y71l_1lC5QwtYyiq		
8	गणेश कवच	स्तोत्रम	शरीर और मन की सुरक्षा के लिए एक सुरक्षा कवच।	https://youtu.be/av9FFShVYBU?si=cCKzcZmfK8byA0X8		
9	लम्बोदर स्तोत्र	स्तोत्रम	पेट से जुड़े रोगों और स्वास्थ्य लाभ के लिए।	https://youtu.be/DZkdEN1cf8o?si=AtgM9TK_H5Acd7yX		
10	गणेश द्वादशनाम स्तोत्र	स्तोत्रम	गणेश जी के 12 नामों का स्मरण, सफलता के लिए।	https://youtu.be/mGhfk_LKRjg?si=5ukbYBvhM7eSwtoS		
						
🎶 Bhajans						
क्र.सं.	भजन का नाम	महत्व (क्यों सुनें?)	यूट्यूब लिंक (YouTube Link)			
1	देवा श्री गणेशा	जोश और ऊर्जा से भरपूर, विसर्जन और स्थापना के लिए।	https://youtu.be/RCCYorPLJmQ?si=BSLfeZMLzDux3CZE			
2	सुखकर्ता दुखहर्ता	बप्पा की सबसे मुख्य और अनिवार्य आरती/भजन।	https://youtu.be/gFr5p5AyuD0?si=d8JQg36LZDxyWjr3			
3	घर में पधारो गजानन जी	स्थापना के समय बप्पा के स्वागत के लिए सबसे श्रेष्ठ।	https://youtu.be/nLUmRxc6140?si=TlXcstkGhRj6Ed0G			
4	गणपति अपने गांव चले	बप्पा की विदाई के समय भावुक कर देने वाला भजन।	https://youtu.be/wiIJr3qihaQ?si=5q_29OGfvhaHvRka			
5	गजानन श्री गणराया	भक्ति और पारंपरिक संगीत का सुंदर संगम।	https://youtu.be/fV8WIzEHD-E?si=27m-AHd4U1hn9Aq-			
6	ओ माय फ्रेंड गणेशा	बच्चों और युवाओं के बीच बेहद लोकप्रिय।	https://youtu.be/gZ8YH3LuJRc?si=bCDFaHUgdYfKtW3f			
7	मौर्य रे बाप्पा मौर्य रे	नाचने और उत्सव मनाने के लिए परफेक्ट।	https://youtu.be/8jff2wz3Hpk?si=QtQGpuxc7Mo_NdyC			
8	तेरी जय हो गणेश	गणेश जी की महिमा और जयकार के लिए।	https://youtu.be/enalr0CvqVM?si=XToEKXUbPLlC3Dqe			
9	सिंदूर लाल चढ़ायो	बप्पा के श्रृंगार और पूजन के समय गाया जाने वाला।	https://youtu.be/bo62sjQ0CmE?si=0zcZrViLINirsSiD			
10	वक्रतुण्ड महाकाय	ध्यान लगाने और पूजा की शुरुआत के लिए।	https://youtube.com/shorts/1mCkCzBIvDo?si=gbomNeAXomyRR6Xw			
11	देवा हो देवा गणपति देवा	पुरानी यादों और जोश के साथ बप्पा का गुणगान।	https://youtu.be/ftb-pobLDDM?si=LSvIGqH8yQzsJeRe			
12	गणपति बप्पा मोरया (Title)	बप्पा के हर रूप की सुंदर स्तुति।	https://youtu.be/GiUkwTxsaYA?si=cScu8MSnQaP0GaX3			
						
						
🚩 Ram Navami (Bhagwan Ram ka janm)						
						
🕉️ Mantras						
क्र.सं.	मंत्र का नाम	मुख्य मंत्र (Mantra)	मंत्र का लाभ (Benefits)	यूट्यूब लिंक (YouTube Link)		
1	राम मूल मंत्र	ॐ रामाय नमः	सभी प्रकार के सुख और शांति प्राप्त करने के लिए।	https://youtu.be/CA8RcKyO0Y4?si=lQGTY9Ov96Uhu8JI		
2	विजय मंत्र	श्री राम जय राम जय जय राम	हर कार्य में सफलता और शत्रुओं पर विजय हेतु।	https://youtu.be/-1udu-1LpOo?si=pmbGDDSFyq5uJhX0		
3	राम गायत्री मंत्र	ॐ दशरथाय विद्महे सीतावल्लभाय धीमहि, तन्नो राम: प्रचोदयात्॥	बुद्धि की शुद्धि और सही निर्णय लेने की शक्ति हेतु।	https://youtu.be/-FvHYW5-fYM?si=opkQTKdooyDA3-Yb		
4	विपत्ति नाशक मंत्र	ॐ आपदामपहर्तारं दातारं सर्वसंपदाम्	संकटों को दूर करने और संपत्ति की प्राप्ति हेतु।	https://youtu.be/snRINfVgunw?si=OBhIF1xWjPyu43K6		
5	शांति मंत्र	ॐ रां रामाय नमः	मानसिक तनाव दूर करने और मन की शांति के लिए।	https://youtu.be/-YVDlWff_5o?si=NnLptGoA8ty1GuGv		
6	राम स्तुति मंत्र	ॐ श्री रामचन्द्राय नमः	प्रभु राम की असीम कृपा और सानिध्य पाने के लिए।	https://youtu.be/n_DeYZEy4Y4?si=sUCnkqbCYX4M_5BL		
7	हनुमत-राम मंत्र	ॐ हं हनुमते रामदूताय नमः	शक्ति, साहस और हनुमान जी की कृपा साथ पाने हेतु।	https://youtu.be/qGki_RZf2a8?si=T7hPvehLav4MGrsI		
						
📜 Stotram /🙏 Stuti						
क्र.सं.	नाम (Name)	प्रकार (Type)	लाभ और महत्व (Importance)	यूट्यूब लिंक (YouTube Link)		
1	श्री रामचन्द्र कृपालु	स्तुति	"भजु मन हरण भवभय दारुणम" - सबसे लोकप्रिय स्तुति।	https://youtu.be/leVoi6kkp3o?si=v3atP52xIcpUEFs8		
2	भए प्रगट कृपाला	स्तुति	राम जन्म के समय गाई जाने वाली विशेष स्तुति।	https://youtu.be/leVoi6kkp3o?si=v3atP52xIcpUEFs8		
3	राम रक्षा स्तोत्र	स्तोत्रम	जीवन की हर मुश्किल से सुरक्षा पाने का महाकवच।	https://youtu.be/y-Xv63obhKI?si=M5eZNo40oYpESgJA		
4	आदित्य हृदय स्तोत्र	स्तोत्रम	आत्मविश्वास और सूर्य जैसी चमक पाने के लिए।	https://youtu.be/invPCYDaWUE?si=-cwsyKTg-INmshaY		
5	राम अष्टकम	स्तोत्रम	"भजे विशेष सुंदरम" - राम जी के सौंदर्य की स्तुति।	https://youtu.be/EvfGBluQkSk?si=7z6NrixCl74aIvH_		
6	नाम रामायणम्	स्तोत्रम	पूरी रामायण का सार छोटे-छोटे श्लोकों में।	https://youtu.be/9IqAtf_DTb8?si=7qKSbxov-_kWaUeO		
7	हनुमान चालीसा	स्तुति	प्रभु राम के परम भक्त हनुमान जी का आशीर्वाद।	https://youtu.be/AETFvQonfV8?si=YezmW2nYi76Eoi6Q		
8	राम चालीसा	स्तुति	प्रभु राम की महिमा और गुणों का सरल गान।	https://youtu.be/MoJw2s6q4P0?si=R2XibwgmtcN1lazL		
						
🎶 Bhajans						
क्र.सं.	भजन का नाम	गायक/प्रकार	महत्व (क्यों सुनें?)	यूट्यूब लिंक (YouTube Link)		
1	नगरी हो अयोध्या सी	राम भजन	राम राज्य और अयोध्या की सुंदरता का वर्णन।	https://youtu.be/ZkKStVgGEJY?si=3ByfjplaH0mUbK5v		
2	मंगल भवन अमंगल हारी	रामायण चौपाई	हर शुभ कार्य और घर की शांति के लिए अनिवार्य।	https://youtu.be/0rWQi2OWezo?si=B6lBpLuUPknXnb2D		
3	भए प्रगट कृपाला दीनदयाला	उत्सव भजन	राम जन्म के उत्सव पर गाया जाने वाला मुख्य भजन।	https://youtu.be/6Jteav3K_NE?si=dZWllCjfv1QFeiWq		
4	सजा दो घर को गुलशन सा	राज पारेख	प्रभु राम के स्वागत और दिवाली/नवमी की खुशी हेतु।	https://youtu.be/1_u-Koe8aog?si=JSm4ddAy1-X8oO5a		
5	राम जी की निकली सवारी	क्लासिक	राम नवमी की शोभा यात्रा और जुलूस के लिए बेस्ट।	https://youtu.be/bZ-Zrc-GPoc?si=b8J0Kore8Q3bJWmI		
6	हम कथा सुनाते राम सकल	लव-कुश	पूरी रामायण की कहानी को मधुर संगीत में सुनने हेतु।	https://youtu.be/tH93lLehjCs?si=AAx3xXPsrKqDHpjq		
7	सुख के सब साथी दुःख में ना कोई	मोहम्मद रफ़ी	जीवन की सच्चाई और राम नाम की महिमा।	https://youtu.be/xpH5zFWvg1s?si=1eo0ik3s4y8o5a6b		
8	ओ माँ मेरी झोपड़ी के भाग	जया किशोरी	शबरी के प्रेम और प्रभु के आगमन की भावना।	https://youtu.be/hn6Im7ZMoG0?si=RBopgQJXl954NTbC		
9	रघुबर तेरी आरती गाऊं	आरती/भजन	प्रभु राम की भक्ति और आरती के लिए।	https://youtu.be/6LO2PRgbutc?si=vBmy2NmB3RzkWjbW		
10	राम नाम के हीरे मोती	मृदुल कृष्ण	राम नाम की अनमोल संपदा का गुणगान।	https://youtu.be/6BJR_j4FHz4?si=hRLU-bLSvuuKWHgs		
						
						
𓍙 Hanuman Jayanti (Bajrangbali ka janmotsav)						
						
🕉️ Mantras						
क्र.सं.	मंत्र का नाम	मुख्य मंत्र (Mantra)	मंत्र का लाभ (Benefits)	यूट्यूब लिंक (YouTube Link)		
1	हनुमान मूल मंत्र	ॐ हनुमते नमः	आत्मबल बढ़ाने और बाधाओं को दूर करने के लिए।	https://youtu.be/Zagf46kv7p8?si=adpqwJ6tLsIAHHr0		
2	सकंट मोचन मंत्र	ॐ नमो हनुमते रुद्रात्मकाय हुं फट्	बड़े से बड़े संकट और शत्रु बाधा से मुक्ति हेतु।	https://youtu.be/vlc0vWvSrOM?si=fvKhdLJK61GyaAFD		
3	मनोजवम मंत्र	मनोजवं मारुततुल्यवेगम्...	मन की शांति और बुद्धि की तीव्रता के लिए।	https://youtu.be/iWd6VAWduZg?si=qrMcv4ayCSmC3X_q		
4	सुरक्षा मंत्र	ॐ नमो हनुमते भय भंजनाय सुखं कुरु फट् स्वाहा	डर, फोबिया और नकारात्मक शक्तियों से बचाव हेतु।	https://youtu.be/LP86cJl-NGg?si=A2Y5o-h90odc3XN9		
5	स्वास्थ्य मंत्र	नासै रोग हरै सब पीरा, जपत निरंतर हनुमत बीरा	पुरानी बीमारियों और शारीरिक दर्द से मुक्ति हेतु।	https://youtu.be/FUpzgvsWkL8?si=XDpQmK9jpt227gC0		
6	राम-दूत मंत्र	ॐ अंजनिसुताय विद्महे वायुपुत्राय धीमहि तन्नो मारुतिः प्रचोदयात्॥	हनुमान जी और प्रभु राम दोनों की कृपा एक साथ पाने हेतु।	https://youtu.be/FEQubnAZXNg?si=wgGHeAtzk-LuOioV		
7	अतुलित बल मंत्र	अतुलितबलधामं हेमशैलाभदेहं...	अपार शारीरिक और मानसिक शक्ति प्राप्त करने के लिए।	https://youtu.be/CIl1O1GwOfk?si=0PLRHfGike1eIJPN		
8	बुद्धि प्रदायक मंत्र	बुद्धिहीन तनु जानिके, सुमिरौं पवन-कुमार	अज्ञानता दूर करने और ज्ञान की प्राप्ति हेतु।	https://youtu.be/OOS-Pcovi-4?si=SyvUORCDLtjdVH2F		
						
📜 Stotram /🙏 Stuti						
क्र.सं.		प्रकार (Type)	लाभ और महत्व (Benefits)	यूट्यूब लिंक (YouTube Link)		
1	हनुमान चालीसा	स्तुति	"जय हनुमान ज्ञान गुन सागर..." - हर बाधा को दूर करने के लिए।	https://youtu.be/AETFvQonfV8?si=YezmW2nYi76Eoi6Q		
2	बजरंग बाण	स्तोत्रम	गंभीर संकटों और शत्रुओं के नाश के लिए अचूक पाठ।	https://youtu.be/h1lT6cxwsPw?si=KdhV4ABeZuxVKiuY		
3	संकट मोचन हनुमानाष्टक	स्तोत्रम	"बाल समय रवि भक्ष लियो..." - दुखों के तुरंत निवारण हेतु।	https://youtu.be/HH_a6aRO1TE?si=kxNH5n_ZR6TlNb72		
4	सुंदरकांड	पाठ/स्तुति	जीवन में आत्मविश्वास बढ़ाने और बड़ी जीत हासिल करने के लिए।	https://youtu.be/qcaAso2kHqU?si=wYOye8u3iEC2gtQo		
5	हनुमान बाहुक	स्तोत्रम	शारीरिक दर्द और जोड़ों के दर्द से मुक्ति पाने के लिए।	https://youtu.be/gujH1r4nS6M?si=VGRsX029QeuN9HXL		
6	श्री हनुमत् स्तवन	स्तोत्रम	"प्रणवउँ पवनकुमार..." - भक्ति और सुरक्षा प्राप्त करने हेतु।	https://youtu.be/90Jg2ZI_RLo?si=YIdpJ3jOCE_8ukk4		
7	मारुति स्तोत्र	स्तोत्रम	शक्ति, बुद्धि और लंबी आयु की प्राप्ति के लिए।	https://youtu.be/XIOhPTccsJQ?si=TaveHhRToZourDau		
8	एकमुखी हनुमत् कवच	स्तोत्रम	नकारात्मक ऊर्जा और तंत्र-मंत्र से सुरक्षा कवच।	https://youtu.be/BugLdlv5EpQ?si=8ecd3j02yZo22upS		
9	पंचमुखी हनुमान कवच	स्तोत्रम	पांचों दिशाओं से सुरक्षा और सुख-समृद्धि के लिए।	https://youtu.be/BzPbfftJ8Ho?si=D5a89g51GA88L_N_		
10	हनुमान साठिका	स्तुति	कठिन कार्यों को सिद्ध करने और मनोकामना पूर्ति के लिए।	https://youtu.be/iuBOevhL-bU?si=pFvhpdkxJl612MBp		
						
🎶 Bhajans						
क्र.सं.	भजन का नाम	गायक/प्रकार	महत्व (क्यों सुनें?)	यूट्यूब लिंक (YouTube Link)		
1	दुनिया चले ना श्री राम के बिना	लखबीर सिंह लक्खा	राम-हनुमान के अटूट प्रेम को दर्शाने वाला सदाबहार भजन।	https://youtu.be/sDhrWWWBQLI?si=08qM_PSgcxvPDebN		
2	बजरंग बली मेरी नाव चली	पारंपरिक	जीवन की नैया को पार लगाने के लिए हनुमान जी से प्रार्थना।	https://youtu.be/eH89BxWg9P4?si=0zOcU8tr43L7aj2q		
3	बालाजी अच्छा लागे से	भक्ति	बालाजी के भक्तों के लिए विशेष।	https://youtu.be/nViaKp1JhsE?si=nSahD2_AP3FA4jr5		
4	हनुमान जब चले	लखबीर सिंह लक्खा	हनुमान जी के पराक्रम और वीरता का वर्णन करने वाला जोश भरा भजन।	https://youtu.be/uPv-8-Dslos?si=MPWZdugdmWCu9HWS		
5	राम जी का नाम लेकर	भक्ति भजन	राम भक्ति में लीन हनुमान जी का स्मरण।	https://youtu.be/rPUuIMR7IJg?si=plhMh38FMb-YkGTj		
6	हे दुख भंजन मारुति नंदन	हरि ओम शरण	कष्टों के निवारण के लिए सबसे शांत और मधुर भजन।	https://youtu.be/n4fZknyZlsk?si=5tj8RlXP-RerHJhG		
						
📖 Katha						
क्र.सं.	कथा का नाम (Story Name)	कथा का सार (Short Summary)	यूट्यूब लिंक (YouTube Link)			
1	हनुमान जन्म कथा	माता अंजनी की तपस्या से प्रसन्न होकर शिव जी के अंश के रूप में हनुमान जी का जन्म हुआ।	https://youtu.be/JGi64RoqZ9g?si=rwucrFkEivitDdFo			
2	हनुमान जयंती कथा		https://youtu.be/bUzIW_KDJ5Y?si=Ar0hLSyd5OzOyU-Q			