Track Number,Title (Hindi),Description (Hindi)
1,पंचाक्षरी मन्त्र,पंचाक्षरी मन्त्र
2,महामृत्युंजय मंत्र,महामृत्युंजय मंत्र
3,रुद्र मंत्र,रुद्र मंत्र
4,शिव गायत्री मंत्र,शिव गायत्री मंत्र
5,शिव स्तुति मंत्र,शिव स्तुति मंत्र
6,शिव तांडव स्तोत्रम,शिव तांडव स्तोत्रम
7,शिव पंचाक्षर स्तोत्रम्:,शिव पंचाक्षर स्तोत्रम्:
8,शिव महिम्न स्तोत्र:,शिव महिम्न स्तोत्र:
9,वेदसार शिव स्तोत्रम्,वेदसार शिव स्तोत्रम्
10,शिव चालीसा,शिव चालीसा
11,श्री रुद्राष्टकम् (संक्षिप्त अंश - तुलसीदास रचित),श्री रुद्राष्टकम् (संक्षिप्त अंश - तुलसीदास रचित)
12,शिव स्तुति,शिव स्तुति
13,ॐ जय शिव ओंकारा,ॐ जय शिव ओंकारा
14,ध्यान श्लोक (पूजा हेतु),ध्यान श्लोक (पूजा हेतु)
15,शिव शंकर को जिसने पूजा,शिव शंकर को जिसने पूजा
16,सुबह सुबह ले शिव का नाम,सुबह सुबह ले शिव का नाम
17,हे शम्भू बाबा मेरे भोले नाथ,हे शम्भू बाबा मेरे भोले नाथ
18,चलो शिव शंकर के मंदिर में भक्तों,चलो शिव शंकर के मंदिर में भक्तों
19,भोले भंडारी सबके ही भंडार भरे,भोले भंडारी सबके ही भंडार भरे
20,शंकर तेरी जटा में बहती है गंगधारा,शंकर तेरी जटा में बहती है गंगधारा
21,सम्पूर्ण शिव पुराण सार,सम्पूर्ण शिव पुराण सार
22,शिव जी का जन्म कैसे हुआ,शिव जी का जन्म कैसे हुआ
23,सम्पूर्ण गाथा नीलकंठ की,सम्पूर्ण गाथा नीलकंठ की
24,नंदी कैसे बने शिवजी के सवारी,नंदी कैसे बने शिवजी के सवारी
25,आखिर क्यों शिवपार्वती ने लिया था अर्धनारीश्वर रूप ?,आखिर क्यों शिवपार्वती ने लिया था अर्धनारीश्वर रूप ?
26,क्यों मिला था चंद्रमा को श्राप ?,क्यों मिला था चंद्रमा को श्राप ?
27,12 ज्योतिर्लिंग की कथाएँ क्या है?,12 ज्योतिर्लिंग की कथाएँ क्या है?
28,शिव ने अपने ही पुत्र गणेश का सिर क्यों काटा?,शिव ने अपने ही पुत्र गणेश का सिर क्यों काटा?
29,हनुमान बीज मंत्र,हनुमान बीज मंत्र
30,हनुमान गायत्री मंत्र:,हनुमान गायत्री मंत्र:
31,मनोजवं मारुततुल्यवेगं मंत्र:,मनोजवं मारुततुल्यवेगं मंत्र:
32,रुद्रावतार हनुमान मंत्र (मूल मंत्र:),रुद्रावतार हनुमान मंत्र (मूल मंत्र:)
33,आंजनेय मंत्र,आंजनेय मंत्र
34,प्रमुख मंत्र:,प्रमुख मंत्र:
35,रक्षा कवच मंत्र:,रक्षा कवच मंत्र:
36,मारुती स्तोत्र,मारुती स्तोत्र
37,श्री हनुमान तांडव स्तोत्र,श्री हनुमान तांडव स्तोत्र
38,श्री आञ्जनेय द्वादशनाम स्तोत्रम्,श्री आञ्जनेय द्वादशनाम स्तोत्रम्
39,पंचमुखी हनुमान स्तोत्र,पंचमुखी हनुमान स्तोत्र
40,हनुमान चालीसा,हनुमान चालीसा
41,संकटमोचन हनुमान अष्टक,संकटमोचन हनुमान अष्टक
42,"अतुलितबलधामं हेमशैलाभदेहं,","अतुलितबलधामं हेमशैलाभदेहं,"
43,आरती कीजै हनुमान लला की,आरती कीजै हनुमान लला की
44,बुद्धिर्बलं यशो धैर्यं निर्भयत्वमरोगता।,बुद्धिर्बलं यशो धैर्यं निर्भयत्वमरोगता।
45,हनुमान गायत्री,हनुमान गायत्री
46,मर्कटेश महोत्साह सर्वशोक विनाशन।,मर्कटेश महोत्साह सर्वशोक विनाशन।
47,कार्य सिद्धि,कार्य सिद्धि
48,"अतुलितबलधामं हेमशैलाभदेहं, अनुजवनकृशानुं ज्ञानिनामग्रगण्यम्। सकलगुणनिधानं वानराणामधीशं, रघुपतिप्रियभक्तं वातजातं नमामि।","अतुलितबलधामं हेमशैलाभदेहं, अनुजवनकृशानुं ज्ञानिनामग्रगण्यम्। सकलगुणनिधानं वानराणामधीशं, रघुपतिप्रियभक्तं वातजातं नमामि।"
49,दुनिया चले न श्री राम के बिना,दुनिया चले न श्री राम के बिना
50,हे दुख भंजन मारुति नंदन,हे दुख भंजन मारुति नंदन
51,छम छम नाचे वीर हनुमान,छम छम नाचे वीर हनुमान
52,संकट मोचन नाम तिहारो,संकट मोचन नाम तिहारो
53,बजरंग बली मेरी नाव चली,बजरंग बली मेरी नाव चली
54,वीर हनुमाना अति बलवाना,वीर हनुमाना अति बलवाना
55,हनुमान जन्म कथा,हनुमान जन्म कथा
56,"शक्ति, भक्ति और बुद्धि के देव हनुमान जी को समझिए |","शक्ति, भक्ति और बुद्धि के देव हनुमान जी को समझिए |"
57,भगवान श्री राम और हनुमान जी का प्रथम मिलाप,भगवान श्री राम और हनुमान जी का प्रथम मिलाप
58,हनुमान जनम कथा,हनुमान जनम कथा
59,हनुमान जी रक्षा कैसे करते हैं ?,हनुमान जी रक्षा कैसे करते हैं ?
60,जब हनुमान जी चले लंका माता जानकी को खोजने |,जब हनुमान जी चले लंका माता जानकी को खोजने |
61,मूल बीज मंत्र,मूल बीज मंत्र
62,वक्रतुण्ड महाकाय सूर्यकोटि समप्रभ।,वक्रतुण्ड महाकाय सूर्यकोटि समप्रभ।
63,गणेश गायत्री,गणेश गायत्री
64,संकट नाशक मंत्र,संकट नाशक मंत्र
65,ॐ लम्बोदराय नमः,ॐ लम्बोदराय नमः
66,गणेश अथर्वशीर्ष:,गणेश अथर्वशीर्ष:
67,ऋणहर्ता गणेश स्तोत्र:,ऋणहर्ता गणेश स्तोत्र:
68,श्री गणेश कवच:,श्री गणेश कवच:
69,गणेश अष्टोत्तर शतनाम स्तोत्र:,गणेश अष्टोत्तर शतनाम स्तोत्र:
70,मयूरेस्वर स्तोत्र:,मयूरेस्वर स्तोत्र:
71,श्री गणेश चालीसा,श्री गणेश चालीसा
72,श्री गणेशपञ्चरत्नम्,श्री गणेशपञ्चरत्नम्
73,तुलसीदास कृत श्री गणेश स्तुति,तुलसीदास कृत श्री गणेश स्तुति
74,सिद्धिविनायक स्तुति,सिद्धिविनायक स्तुति
75,नमामि ते गजाननं,नमामि ते गजाननं
76,जय गणेश जय गणेश देवा,जय गणेश जय गणेश देवा
77,सुखकर्ता दुखहर्ता वार्ता विघ्नाची,सुखकर्ता दुखहर्ता वार्ता विघ्नाची
78,शेंदूर लाल चढ़ायो अच्छा गजमुख को,शेंदूर लाल चढ़ायो अच्छा गजमुख को
79,जय देव जय देव जय मंगलमूर्ती,जय देव जय देव जय मंगलमूर्ती
80,आरती सिद्धिविनायक जी की,आरती सिद्धिविनायक जी की
81,वक्रतुण्ड महाकाय सूर्यकोटि समप्रभ। निर्विघ्नं कुरु मे देव सर्वकार्येषु सर्वदा॥,वक्रतुण्ड महाकाय सूर्यकोटि समप्रभ। निर्विघ्नं कुरु मे देव सर्वकार्येषु सर्वदा॥
82,गजाननं भूतगणादिसेवितं कपित्थजम्बूफलचारुभक्षणम्। उमासुतं शोकविनाशकारकं नमामि विघ्नेश्वरपादपंकजम्॥,गजाननं भूतगणादिसेवितं कपित्थजम्बूफलचारुभक्षणम्। उमासुतं शोकविनाशकारकं नमामि विघ्नेश्वरपादपंकजम्॥
83,अगजानन पद्मार्कं गजाननमहर्निशम्। अनेकदन्तं भक्तानां एकदन्तमुपास्महे॥,अगजानन पद्मार्कं गजाननमहर्निशम्। अनेकदन्तं भक्तानां एकदन्तमुपास्महे॥
84,विघ्नेश्वराय वरदाय सुरप्रियाय लम्बोदराय सकलाय जगद्धिताय। नागाननाय श्रुतियज्ञविभूषिताय गौरीसुताय गणनाथ नमो नमस्ते॥,विघ्नेश्वराय वरदाय सुरप्रियाय लम्बोदराय सकलाय जगद्धिताय। नागाननाय श्रुतियज्ञविभूषिताय गौरीसुताय गणनाथ नमो नमस्ते॥
85,अभीप्सितार्थ सिद्धयर्थं पूजितो यः सुरासुरैः। सर्वविघ्नहरस्तस्मै गणाधिपतये नमः॥,अभीप्सितार्थ सिद्धयर्थं पूजितो यः सुरासुरैः। सर्वविघ्नहरस्तस्मै गणाधिपतये नमः॥
86,घर में पधारो गजानंद जी मेरे घर में पधारो,घर में पधारो गजानंद जी मेरे घर में पधारो
87,संकट हर लो मंगल कर दो,संकट हर लो मंगल कर दो
88,तेरी जय हो गणेश,तेरी जय हो गणेश
89,हे गौरी नंदन तुमको वन्दन,हे गौरी नंदन तुमको वन्दन
90,हे गौरी नंदन तुमको वंदन,हे गौरी नंदन तुमको वंदन
91,गणपति पहला तुम्हे प्रणाम है,गणपति पहला तुम्हे प्रणाम है
92,गजानन महाराज पधारो,गजानन महाराज पधारो
93,श्री गणेश जन्म कथा,श्री गणेश जन्म कथा
94,सबसे पहले गणेश भगवान् की पूजा क्यों करते है,सबसे पहले गणेश भगवान् की पूजा क्यों करते है
95,महाभारत कैसे लिखी गई ?,महाभारत कैसे लिखी गई ?
96,द्वादशाक्षर मंत्र,द्वादशाक्षर मंत्र
97,ॐ नमो नारायणाय,ॐ नमो नारायणाय
98,श्रीमन नारायण नारायण हरी हरी,श्रीमन नारायण नारायण हरी हरी
99,ॐ विष्णवे नमः,ॐ विष्णवे नमः
100,ॐ ह्रीं कार्तवीर्यार्जुनो नाम राजा बाहु सहस्रवान। यस्य स्मरेण मात्रेण हृतं नष्टं च लभ्यते॥,ॐ ह्रीं कार्तवीर्यार्जुनो नाम राजा बाहु सहस्रवान। यस्य स्मरेण मात्रेण हृतं नष्टं च लभ्यते॥
101,ॐ लक्ष्मीपतये नमः,ॐ लक्ष्मीपतये नमः
102,विष्णु गायत्री,विष्णु गायत्री
103,शान्ताकारं भुजगशयनं पद्मनाभं सुरेशं,शान्ताकारं भुजगशयनं पद्मनाभं सुरेशं
104,ॐ अचुताय नमः,ॐ अचुताय नमः
105,विष्णु सहस्रनाम स्तोत्रम्:,विष्णु सहस्रनाम स्तोत्रम्:
106,गजेन्द्र मोक्ष स्तोत्र:,गजेन्द्र मोक्ष स्तोत्र:
107,लक्ष्मी नारायण स्तोत्र,लक्ष्मी नारायण स्तोत्र
108,विष्णु पंजर स्तोत्रम्,विष्णु पंजर स्तोत्रम्
109,नारायण सुक्तम,नारायण सुक्तम
110,विष्णु भुजंग प्रयात स्तोत्र,विष्णु भुजंग प्रयात स्तोत्र
111,श्री हरि स्तोत्रम्,श्री हरि स्तोत्रम्
112,विष्णु चालीसा,विष्णु चालीसा
113,अच्युताष्टकम,अच्युताष्टकम
114,श्री विष्णु स्तुति,श्री विष्णु स्तुति
115,ओम जय जगदीश हरे,ओम जय जगदीश हरे
116,नमोऽस्त्वनन्ताय,नमोऽस्त्वनन्ताय
117,यदा यदा ही धर्मस्य,यदा यदा ही धर्मस्य
118,कायेन वाचा,कायेन वाचा
119,सशंखचक्रं सकिरीटकुण्डलं,सशंखचक्रं सकिरीटकुण्डलं
120,त्वमेव माता च पिता त्वमेव,त्वमेव माता च पिता त्वमेव
121,अच्युतम केशवम कृष्ण दामोदरम,अच्युतम केशवम कृष्ण दामोदरम
122,श्रीमन नारायण नारायण हरी हरी,श्रीमन नारायण नारायण हरी हरी
123,नमो नमो श्री नारायण जय बैकुण्ड बिहारी,नमो नमो श्री नारायण जय बैकुण्ड बिहारी
124,सारे जहाँ के मालिक तेरा ही आसरा है,सारे जहाँ के मालिक तेरा ही आसरा है
125,हरी आ जाओ एक बार,हरी आ जाओ एक बार
126,सत्यनारायण व्रत कथा:,सत्यनारायण व्रत कथा:
127,समुद्र मंथन की कथा:,समुद्र मंथन की कथा:
128,दशावतार कथा:,दशावतार कथा:
129,नरसिंह अवतार और प्रह्लाद की कथा,नरसिंह अवतार और प्रह्लाद की कथा
130,वामन अवतार और राजा बलि की कथा,वामन अवतार और राजा बलि की कथा
131,विष्णु जी और माता लक्ष्मी के विवाह की कथा,विष्णु जी और माता लक्ष्मी के विवाह की कथा
132,शालिग्राम बनने की कथा,शालिग्राम बनने की कथा
133,गुरुवार व्रत कथा,गुरुवार व्रत कथा
134,महालक्ष्मी बीज मंत्र,महालक्ष्मी बीज मंत्र
135,ॐ श्री महालक्ष्म्यै नमः,ॐ श्री महालक्ष्म्यै नमः
136,लक्ष्मी गायत्री मंत्र,लक्ष्मी गायत्री मंत्र
137,श्री सिद्ध लक्ष्मी मंत्र,श्री सिद्ध लक्ष्मी मंत्र
138,ॐ धनाय नमो नमः,ॐ धनाय नमो नमः
139,सर्वबाधा निवारण मंत्र,सर्वबाधा निवारण मंत्र
140,ॐ ह्रीं ह्रीं श्री लक्ष्मी वासुदेवाय नम:।,ॐ ह्रीं ह्रीं श्री लक्ष्मी वासुदेवाय नम:।
141,श्री सूक्तम:,श्री सूक्तम:
142,कनकधारा स्तोत्र:,कनकधारा स्तोत्र:
143,लक्ष्मी हृदय स्तोत्र,लक्ष्मी हृदय स्तोत्र
144,महालक्ष्मी कवच,महालक्ष्मी कवच
145,अष्टलक्ष्मी स्तोत्र,अष्टलक्ष्मी स्तोत्र
146,सर्वदेव कृत लक्ष्मी स्तोत्र,सर्वदेव कृत लक्ष्मी स्तोत्र
147,श्री लक्ष्मी चालीसा,श्री लक्ष्मी चालीसा
148,महालक्ष्म्यष्टकम्,महालक्ष्म्यष्टकम्
149,महा लक्ष्मी स्तुति,महा लक्ष्मी स्तुति
150,महालक्ष्मी स्तवनम्,महालक्ष्मी स्तवनम्
151,ॐ जय लक्ष्मी माता,ॐ जय लक्ष्मी माता
152,नमस्तेऽस्तु महामाये श्रीपीठे सुरपूजिते। शङ्खचक्रगदाहस्ते महालक्ष्मि नमोऽस्तु ते,नमस्तेऽस्तु महामाये श्रीपीठे सुरपूजिते। शङ्खचक्रगदाहस्ते महालक्ष्मि नमोऽस्तु ते
153,लक्ष्मी अमृतवाणी,लक्ष्मी अमृतवाणी
154,मेरे घर आओ मां लक्ष्मी,मेरे घर आओ मां लक्ष्मी
155,मइया लक्ष्मी देती धन धान है,मइया लक्ष्मी देती धन धान है
156,घर में पधारो लक्ष्मी मैया,घर में पधारो लक्ष्मी मैया
157,लक्ष्मी मैया है तुमसे,लक्ष्मी मैया है तुमसे
158,शुभ लाभ धन वैभव दाता जय,शुभ लाभ धन वैभव दाता जय
159,लक्ष्मी जी की अवतार कथा |,लक्ष्मी जी की अवतार कथा |
160,वैभव लक्ष्मी व्रत कथा,वैभव लक्ष्मी व्रत कथा
161,दीपावली की कथा:,दीपावली की कथा:
162,माँ लक्ष्मी और राजा बलि की कथा,माँ लक्ष्मी और राजा बलि की कथा
163,ॐ शं शनैश्चराय नमः,ॐ शं शनैश्चराय नमः
164,शनि बीज मंत्र,शनि बीज मंत्र
165,ॐ नीलांजनसमाभासं रविपुत्रं यमाग्रजम्। छायामार्तण्डसंभूतं तं नमामि शनैश्चरम्॥,ॐ नीलांजनसमाभासं रविपुत्रं यमाग्रजम्। छायामार्तण्डसंभूतं तं नमामि शनैश्चरम्॥
166,शनि गायत्री मंत्र),शनि गायत्री मंत्र)
167,शनि वज्र पंजर कवचम्,शनि वज्र पंजर कवचम्
168,दशरथकृत शनि स्तोत्र,दशरथकृत शनि स्तोत्र
169,महाकाल शनि मृत्युञ्जय स्तोत्र,महाकाल शनि मृत्युञ्जय स्तोत्र
170,शनि पीडाहर स्तोत्र,शनि पीडाहर स्तोत्र
171,शनि चालीसा,शनि चालीसा
172,श्री शनि अष्टकम्,श्री शनि अष्टकम्
173,शनि स्तुति,शनि स्तुति
174,शनि वंदना:,शनि वंदना:
175,जय जय श्री शनिदेव भक्तन हितकारी,जय जय श्री शनिदेव भक्तन हितकारी
176,आरती श्री शनि महाराज की,आरती श्री शनि महाराज की
177,सूर्यपुत्रो दीर्घदेहो विशालाक्षः शिवप्रियः। मन्दचारः प्रसन्नात्मा पीडां हरतु मे शनिः॥,सूर्यपुत्रो दीर्घदेहो विशालाक्षः शिवप्रियः। मन्दचारः प्रसन्नात्मा पीडां हरतु मे शनिः॥
178,शनैश्वरा  शनैश्वरा,शनैश्वरा  शनैश्वरा
179,सच्चा शनिदेव तेरा दरबार,सच्चा शनिदेव तेरा दरबार
180,शनि जी करदो बेड़ा पार,शनि जी करदो बेड़ा पार
181,श्री शनिदेव अमृतवाणी,श्री शनिदेव अमृतवाणी
182,शनि देव तुम्हारे चरणों में,शनि देव तुम्हारे चरणों में
183,शनिदेव तेरा जग में अजब नजारा है,शनिदेव तेरा जग में अजब नजारा है
184,शनिदेव के जन्म की महान कथा,शनिदेव के जन्म की महान कथा
185,शनिदेव और हनुमान जी की कथा |,शनिदेव और हनुमान जी की कथा |
186,शनिवार व्रत कथा,शनिवार व्रत कथा
187,ॐ रामाय नमः,ॐ रामाय नमः
188,ॐ राम रामाय नमः,ॐ राम रामाय नमः
189,श्री राम जय राम जय जय राम,श्री राम जय राम जय जय राम
190,ॐ श्री रामचन्द्राय नमः,ॐ श्री रामचन्द्राय नमः
191,ॐ नमो भगवते रामचंद्राय,ॐ नमो भगवते रामचंद्राय
192,राम रामेति रामेति रमे रामे मनोरमे। सहस्त्रनाम तत्सुल्यं रामनाम वरानने॥,राम रामेति रामेति रमे रामे मनोरमे। सहस्त्रनाम तत्सुल्यं रामनाम वरानने॥
193,आपदामपहर्तारं दातारं सर्वसंपदाम्। लोकाभिरामं श्रीरामं भूयो भूयो नमाम्यहम्॥,आपदामपहर्तारं दातारं सर्वसंपदाम्। लोकाभिरामं श्रीरामं भूयो भूयो नमाम्यहम्॥
194,श्री राम रक्षा स्तोत्र:,श्री राम रक्षा स्तोत्र:
195,आदित्य हृदय स्तोत्र:,आदित्य हृदय स्तोत्र:
196,श्री राम सहस्रनाम स्तोत्र,श्री राम सहस्रनाम स्तोत्र
197,नाम रामायणम्,नाम रामायणम्
198,राम हृदय स्तोत्र,राम हृदय स्तोत्र
199,जटायु कृत श्री राम स्तोत्र,जटायु कृत श्री राम स्तोत्र
200,श्री राम चालीसा,श्री राम चालीसा
201,श्री राम अष्टकम,श्री राम अष्टकम
202,श्री रामचंद्र कृपालु भजु मन:,श्री रामचंद्र कृपालु भजु मन:
203,जानकी स्तुति,जानकी स्तुति
204,श्री रामचंद्र जी की आरती:,श्री रामचंद्र जी की आरती:
205,जग जननी सीता माता की आरती,जग जननी सीता माता की आरती
206,आरती श्री रामायण जी की,आरती श्री रामायण जी की
207,आरती श्री रघुवर लाला की,आरती श्री रघुवर लाला की
208,आरती अवध बिहारी की,आरती अवध बिहारी की
209,नीलाम्बुजश्यामलकोमलांगं सीतासमारोपितवामभागम्। पाणौ महासायकचारुचापं नमामि रामं रघुवंशनाथम्॥,नीलाम्बुजश्यामलकोमलांगं सीतासमारोपितवामभागम्। पाणौ महासायकचारुचापं नमामि रामं रघुवंशनाथम्॥
210,रामाय रामभद्राय रामचन्द्राय वेधसे। रघुनाथाय नाथाय सीतायाः पतये नमः॥,रामाय रामभद्राय रामचन्द्राय वेधसे। रघुनाथाय नाथाय सीतायाः पतये नमः॥
211,लोकाभिरामं रणरंगधीरं राजीवनेत्रं रघुवंशनाथम्। कारुण्यरूपं करुणाकरं तं श्रीरामचन्द्रं शरणं प्रपद्ये॥,लोकाभिरामं रणरंगधीरं राजीवनेत्रं रघुवंशनाथम्। कारुण्यरूपं करुणाकरं तं श्रीरामचन्द्रं शरणं प्रपद्ये॥
212,"आपदामपहर्तारं दातारं सर्वसंपदाम्।
लोकाभिरामं श्रीरामं भूयो भूयो नमाम्यहम्॥","आपदामपहर्तारं दातारं सर्वसंपदाम्।
लोकाभिरामं श्रीरामं भूयो भूयो नमाम्यहम्॥"
213,पायो जी मैंने राम रतन धन पायो,पायो जी मैंने राम रतन धन पायो
214,ठुमक चलत रामचंद्र बाजत पैंजनिया,ठुमक चलत रामचंद्र बाजत पैंजनिया
215,श्री राम जानकी बैठे हैं मेरे सीने में,श्री राम जानकी बैठे हैं मेरे सीने में
216,रघुपति राघव राजा राम,रघुपति राघव राजा राम
217,राम कहानी सुनो रे राम कहानी,राम कहानी सुनो रे राम कहानी
218,नगरी हो अयोध्या सी,नगरी हो अयोध्या सी
219,राम जी की निकली सवारी,राम जी की निकली सवारी
220,भजमन राम चरण सुखदाई,भजमन राम चरण सुखदाई
221,राम नाम के हीरे मोती,राम नाम के हीरे मोती
222,मन में राम बसा ले,मन में राम बसा ले
223,श्री राम जन्म कथा:,श्री राम जन्म कथा:
224,श्री राम ने कैसे किया माँ अहल्या का उद्धार,श्री राम ने कैसे किया माँ अहल्या का उद्धार
225,सीता स्वयंवर की अद्भुत कथा,सीता स्वयंवर की अद्भुत कथा
226,श्रीराम वनवास की कथा,श्रीराम वनवास की कथा
227,भरत राम मिलाप - कथा,भरत राम मिलाप - कथा
228,श्रीराम ने बाली को छुपकर क्यों मारा ?,श्रीराम ने बाली को छुपकर क्यों मारा ?
229,विजयादशमी - राम रावण अंतिम युद्ध की सम्पूर्ण कथा |,विजयादशमी - राम रावण अंतिम युद्ध की सम्पूर्ण कथा |
230,बीज मंत्र,बीज मंत्र
231,ॐ वक्रतुण्डाय हुम्,ॐ वक्रतुण्डाय हुम्
232,ॐ हस्ति पिशाचि लिख स्वाहा,ॐ हस्ति पिशाचि लिख स्वाहा
233,ॐ लम्बोदराय नमः,ॐ लम्बोदराय नमः
234,ॐ विकटाय नमः,ॐ विकटाय नमः
235,ॐ विनायकाय नमः,ॐ विनायकाय नमः
236,ॐ विघ्ननाशनाय नमः,ॐ विघ्ननाशनाय नमः
237,गणेश गायत्री,गणेश गायत्री
238,श्री संकटनाशन गणेश स्तोत्र,श्री संकटनाशन गणेश स्तोत्र
239,गणेश अथर्वशीर्ष,गणेश अथर्वशीर्ष
240,ऋणहर्ता गणेश स्तोत्र,ऋणहर्ता गणेश स्तोत्र
241,गणेश अष्टोत्तर शतनाम स्तोत्र,गणेश अष्टोत्तर शतनाम स्तोत्र
242,गणेश कवच,गणेश कवच
243,मयूरेस्वर स्तोत्र,मयूरेस्वर स्तोत्र
244,गणेश हृदय स्तोत्र,गणेश हृदय स्तोत्र
245,गणेश चालीसा,गणेश चालीसा
246,गणेश अष्टकम,गणेश अष्टकम
247,श्री गणेश पञ्चरत्न,श्री गणेश पञ्चरत्न
248,प्रथम तुला वंदितो,प्रथम तुला वंदितो
249,गजाननं भूत गणादि सेवितं,गजाननं भूत गणादि सेवितं
250,श्री गणेश स्तुति,श्री गणेश स्तुति
251,गणेश वंदना,गणेश वंदना
252,श्री गणेश जी की आरती,श्री गणेश जी की आरती
253,"सुख करता दुखहर्ता, वार्ता विघ्नाची नूर्वी पूर्वी प्रेम कृपा जयाची","सुख करता दुखहर्ता, वार्ता विघ्नाची नूर्वी पूर्वी प्रेम कृपा जयाची"
254,ॐ शेंदुर लाल चढ़ायो अच्छा गजमुख को,ॐ शेंदुर लाल चढ़ायो अच्छा गजमुख को
255,वक्रतुण्ड महाकाय सूर्यकोटि समप्रभ।निर्विघ्नं कुरु मे देव सर्वकार्येषु सर्वदा॥,वक्रतुण्ड महाकाय सूर्यकोटि समप्रभ।निर्विघ्नं कुरु मे देव सर्वकार्येषु सर्वदा॥
256,"गजाननं भूत गणादि सेवितं, कपित्थ जम्बू फल चारू भक्षणम् । उमासुतं शोक विनाशकारकम्, नमामि विघ्नेश्वर पाद पंकजम् ॥","गजाननं भूत गणादि सेवितं, कपित्थ जम्बू फल चारू भक्षणम् । उमासुतं शोक विनाशकारकम्, नमामि विघ्नेश्वर पाद पंकजम् ॥"
257,अगजानन पद्मार्कं गजानन अहर्निशम् ।अनेकदन्तं भक्तानां एकदन्त उपास्महे ॥,अगजानन पद्मार्कं गजानन अहर्निशम् ।अनेकदन्तं भक्तानां एकदन्त उपास्महे ॥
258,सुमुखश्चैकदन्तश्च कपिलो गजकर्णकः ।लम्बोदरश्च विकटो विघ्ननाशो विनायकः ॥,सुमुखश्चैकदन्तश्च कपिलो गजकर्णकः ।लम्बोदरश्च विकटो विघ्ननाशो विनायकः ॥
259,ॐ श्रीं गं सौभाग्य गणपतये वर्वर्द सर्वजन्म में वषमान्य स्वाहा,ॐ श्रीं गं सौभाग्य गणपतये वर्वर्द सर्वजन्म में वषमान्य स्वाहा
260,देवा श्री गणेशा,देवा श्री गणेशा
261,मौर्या रे बाप्पा मौर्या रे,मौर्या रे बाप्पा मौर्या रे
262,गजानना श्री गणराया,गजानना श्री गणराया
263,सुनो गणपति बाप्पा मौर्या,सुनो गणपति बाप्पा मौर्या
264,गणपति अपने गाँव चले,गणपति अपने गाँव चले
265,"मेरे मन मंदिर में तुम भगवान रहे,","मेरे मन मंदिर में तुम भगवान रहे,"
266,श्री गणेश जन्म कथा,श्री गणेश जन्म कथा
267,पृथ्वी परिक्रमा कथा,पृथ्वी परिक्रमा कथा
268,संकष्टी चतुर्थी व्रत कथा,संकष्टी चतुर्थी व्रत कथा
269,गणेश जी ने कुबेर का घमंड कैसे तोडा,गणेश जी ने कुबेर का घमंड कैसे तोडा
270,कौनसा श्राप मिला चंद्रदेव को श्री गणेशजी द्वारा ?,कौनसा श्राप मिला चंद्रदेव को श्री गणेशजी द्वारा ?
271,महाभारत का लेखन किसने किया था,महाभारत का लेखन किसने किया था
272,"जानिये कैसे जन्म हुआ देवी रिद्धि-सिद्धि का, कैसे हुआ श्री गणेश से विवाह","जानिये कैसे जन्म हुआ देवी रिद्धि-सिद्धि का, कैसे हुआ श्री गणेश से विवाह"
273,श्री गणेश के एकदंत अवतार की कहानी ।,श्री गणेश के एकदंत अवतार की कहानी ।
274,हुआ इतना भयंकर युद्ध के परशुराम जी गणेशजी का दांत तोड़ दिया,हुआ इतना भयंकर युद्ध के परशुराम जी गणेशजी का दांत तोड़ दिया
275,बीज मंत्र,बीज मंत्र
276,मुक्ति मंत्र,मुक्ति मंत्र
277,महामंत्र,महामंत्र
278,श्री कृष्णाय शरणं मम,श्री कृष्णाय शरणं मम
279,ॐ क्लीं कृष्णाय नमः,ॐ क्लीं कृष्णाय नमः
280,कृष्ण गायत्री,कृष्ण गायत्री
281,गोकुल नाथाय नमः,गोकुल नाथाय नमः
282,गोवल्लभाय स्वाहा,गोवल्लभाय स्वाहा
283,ॐ क्लीं ग्लौं क्लीं श्यामलांगाय नमः,ॐ क्लीं ग्लौं क्लीं श्यामलांगाय नमः
284,गोपाल सहस्रनाम स्तोत्र,गोपाल सहस्रनाम स्तोत्र
285,मुकुंद माला स्तोत्र,मुकुंद माला स्तोत्र
286,श्री कृष्ण अष्टोत्तर शतनाम स्तोत्र (108 नाम),श्री कृष्ण अष्टोत्तर शतनाम स्तोत्र (108 नाम)
287,ब्रह्म संहिता,ब्रह्म संहिता
288,नारायणीयम्,नारायणीयम्
289,संतान गोपाल स्तोत्र,संतान गोपाल स्तोत्र
290,कृष्णा चालीसा,कृष्णा चालीसा
291,गोपाल चालीसा,गोपाल चालीसा
292,कृष्ण अष्टकम,कृष्ण अष्टकम
293,बाल मुकुंद स्तुति,बाल मुकुंद स्तुति
294,राधा-कृष्ण युगल स्तुति,राधा-कृष्ण युगल स्तुति
295,श्री द्वारकाधीशजी की शयन स्तुति,श्री द्वारकाधीशजी की शयन स्तुति
296,कुन्ती स्तुति,कुन्ती स्तुति
297,आरती कुंजबिहारी की,आरती कुंजबिहारी की
298,ॐ जय श्री कृष्ण हरे,ॐ जय श्री कृष्ण हरे
299,आरती श्री बांके बिहारी तेरी आरती गाऊं,आरती श्री बांके बिहारी तेरी आरती गाऊं
300,"जय कान्हा काला, प्रभु जय कान्हा काला","जय कान्हा काला, प्रभु जय कान्हा काला"
301,आरती श्री बाल कृष्ण जी की,आरती श्री बाल कृष्ण जी की
302,आरती जुगल किशोर की,आरती जुगल किशोर की
303,जय जगदीश हरे,जय जगदीश हरे
304,द्वारकाधीश आरती,द्वारकाधीश आरती
305,वसुदेवसुतं देवं कंसचाणूरमर्दनम्। देवकीपरमानन्दं कृष्णं वन्दे जगद्गुरुम्॥,वसुदेवसुतं देवं कंसचाणूरमर्दनम्। देवकीपरमानन्दं कृष्णं वन्दे जगद्गुरुम्॥
306,मूकं करोति वाचालं पंगुं लंघयते गिरिम्। यत्कृपा तमहं वन्दे परमानन्द माधवम्॥,मूकं करोति वाचालं पंगुं लंघयते गिरिम्। यत्कृपा तमहं वन्दे परमानन्द माधवम्॥
307,यदा यदा ही धर्मस्य ग्लानिर्भवति भारत। अभ्युत्थानमधर्मस्य तदात्मानं सृजाम्यहम्॥,यदा यदा ही धर्मस्य ग्लानिर्भवति भारत। अभ्युत्थानमधर्मस्य तदात्मानं सृजाम्यहम्॥
308,कर्मण्येवाधिकारस्ते मा फलेषु कदाचन। मा कर्मफलहेतुर्भूर्मा ते सङ्गोऽस्त्वकर्मणि॥,कर्मण्येवाधिकारस्ते मा फलेषु कदाचन। मा कर्मफलहेतुर्भूर्मा ते सङ्गोऽस्त्वकर्मणि॥
309,सर्वधर्मान्परित्यज्य मामेकं शरणं व्रज। अहं त्वां सर्वपापेभ्यो मोक्षयिष्यामि मा शुचः॥,सर्वधर्मान्परित्यज्य मामेकं शरणं व्रज। अहं त्वां सर्वपापेभ्यो मोक्षयिष्यामि मा शुचः॥
310,हे कृष्ण करुणा सिन्धु दीन बन्धु जगत पते। गोपेश गोपिका कान्त राधा कान्त नमोस्तुते॥,हे कृष्ण करुणा सिन्धु दीन बन्धु जगत पते। गोपेश गोपिका कान्त राधा कान्त नमोस्तुते॥
311,अच्युतम केशवम कृष्ण दामोदरम,अच्युतम केशवम कृष्ण दामोदरम
312,सांवली सूरत पे मोहन दिल दीवाना हो गया,सांवली सूरत पे मोहन दिल दीवाना हो गया
313,छोटी छोटी गईया छोटे छोटे ग्वाल,छोटी छोटी गईया छोटे छोटे ग्वाल
314,श्याम तेरी बंसी पुकारे राधा नाम,श्याम तेरी बंसी पुकारे राधा नाम
315,यशमति मैया से बोले नंदलाला,यशमति मैया से बोले नंदलाला
316,कन्हैया ले चल परली पार,कन्हैया ले चल परली पार
317,नंद के आनंद भयो जय कन्हैया लाल की,नंद के आनंद भयो जय कन्हैया लाल की
318,बड़ी देर भई नन्दलाला,बड़ी देर भई नन्दलाला
319,मीठे रस से भरयोड़ी राधारानी लागे,मीठे रस से भरयोड़ी राधारानी लागे
320,श्री कृष्ण जन्म कथा:,श्री कृष्ण जन्म कथा:
321,कालिया नाग मर्दन,कालिया नाग मर्दन
322,गोवर्धन जी कथा,गोवर्धन जी कथा
323,माखन चोरी लीला,माखन चोरी लीला
324,श्रीकृष्ण ने किया कंस का वध,श्रीकृष्ण ने किया कंस का वध
325,सुदामा चरित्र,सुदामा चरित्र
326,द्रोपदी चीर हरण एक दर्दनाक सत्य कहानी,द्रोपदी चीर हरण एक दर्दनाक सत्य कहानी
327,नरकासुर वध कथा...,नरकासुर वध कथा...
328,बीज मंत्र,बीज मंत्र
329,नवार्ण मंत्र,नवार्ण मंत्र
330,सर्वमंगल मांगल्ये शिवे सर्वार्थ साधिके। शरण्ये त्र्यम्बके गौरी नारायणि नमोऽस्तुते॥,सर्वमंगल मांगल्ये शिवे सर्वार्थ साधिके। शरण्ये त्र्यम्बके गौरी नारायणि नमोऽस्तुते॥
331,ॐ ह्रीं दुं दुर्गायै नमः,ॐ ह्रीं दुं दुर्गायै नमः
332,या देवी सर्वभूतेषु शक्ति-रूपेण संस्थिता। नमस्तस्यै नमस्तस्यै नमस्तस्यै नमो नमः॥,या देवी सर्वभूतेषु शक्ति-रूपेण संस्थिता। नमस्तस्यै नमस्तस्यै नमस्तस्यै नमो नमः॥
333,सौभाग्य प्राप्ति हेतु,सौभाग्य प्राप्ति हेतु
334,शरणागत दीनार्त परित्राण परायणे। सर्वस्यार्तिहरे देवि नारायणि नमोऽस्तुते॥,शरणागत दीनार्त परित्राण परायणे। सर्वस्यार्तिहरे देवि नारायणि नमोऽस्तुते॥
335,ॐ जयन्ती मङ्गला काली भद्रकाली कपालिनी। दुर्गा क्षमा शिवा धात्री स्वाहा स्वधा नमोऽस्तुते॥,ॐ जयन्ती मङ्गला काली भद्रकाली कपालिनी। दुर्गा क्षमा शिवा धात्री स्वाहा स्वधा नमोऽस्तुते॥
336,सृष्टिस्थितिविनाशानां शक्तिभूते सनातनि। गुणाश्रये गुणमये नारायणि नमोऽस्तुते॥,सृष्टिस्थितिविनाशानां शक्तिभूते सनातनि। गुणाश्रये गुणमये नारायणि नमोऽस्तुते॥
337,दुर्गा गायत्री,दुर्गा गायत्री
338,दुर्गा सप्तशती:,दुर्गा सप्तशती:
339,श्री अर्गला स्तोत्रम,श्री अर्गला स्तोत्रम
340,कीलक स्तोत्रम,कीलक स्तोत्रम
341,सिद्ध कुंजिका स्तोत्र:,सिद्ध कुंजिका स्तोत्र:
342,देवी अथर्वशीर्ष,देवी अथर्वशीर्ष
343,दुर्गा अष्टोत्तर शतनाम स्तोत्र (108 नाम),दुर्गा अष्टोत्तर शतनाम स्तोत्र (108 नाम)
344,महिषासुरमर्दिनी स्तोत्र,महिषासुरमर्दिनी स्तोत्र
345,देव्यपराधक्षमापन स्तोत्र,देव्यपराधक्षमापन स्तोत्र
346,दुर्गा कवच,दुर्गा कवच
347,श्री दुर्गा चालीसा,श्री दुर्गा चालीसा
348,श्री दुर्गा अष्टकम्,श्री दुर्गा अष्टकम्
349,भवानी अष्टकम,भवानी अष्टकम
350,दुर्गा क्षमा प्रार्थना:,दुर्गा क्षमा प्रार्थना:
351,देवी स्तुति:,देवी स्तुति:
352,ब्रह्माकृत देवी स्तुति,ब्रह्माकृत देवी स्तुति
353,शैलपुत्री स्तुति (नवदुर्गा की प्रथम स्तुति),शैलपुत्री स्तुति (नवदुर्गा की प्रथम स्तुति)
354,सिद्धिदात्री स्तुति,सिद्धिदात्री स्तुति
355,"जय अम्बे गौरी, मैया जय श्यामा गौरी (सबसे प्रसिद्ध)","जय अम्बे गौरी, मैया जय श्यामा गौरी (सबसे प्रसिद्ध)"
356,"अम्बे तू है जगदम्बे काली, जय दुर्गे खप्पर वाली","अम्बे तू है जगदम्बे काली, जय दुर्गे खप्पर वाली"
357,जय सरस्वती माता,जय सरस्वती माता
358,आरती विन्ध्येश्वरी माता की,आरती विन्ध्येश्वरी माता की
359,आरती शीतला माता की,आरती शीतला माता की
360,जय वैष्णव माता आरती,जय वैष्णव माता आरती
361,माता चामुंडा देवी जी की आरती,माता चामुंडा देवी जी की आरती
362,भोर भई दिन चढ़ गया मेरी अम्बे,भोर भई दिन चढ़ गया मेरी अम्बे
363,सर्वमङ्गलमाङ्गल्ये शिवे सर्वार्थसाधिके। शरण्ये त्र्यम्बके गौरि नारायणि नमोऽस्तु ते॥,सर्वमङ्गलमाङ्गल्ये शिवे सर्वार्थसाधिके। शरण्ये त्र्यम्बके गौरि नारायणि नमोऽस्तु ते॥
364,या देवी सर्वभूतेषु शक्तिरूपेण संस्थिता। नमस्तस्यै नमस्तस्यै नमस्तस्यै नमो नमः॥,या देवी सर्वभूतेषु शक्तिरूपेण संस्थिता। नमस्तस्यै नमस्तस्यै नमस्तस्यै नमो नमः॥
365,जयन्ती मङ्गला काली भद्रकाली कपालिनी। दुर्गा क्षमा शिवा धात्री स्वाहा स्वधा नमोऽस्तु ते॥,जयन्ती मङ्गला काली भद्रकाली कपालिनी। दुर्गा क्षमा शिवा धात्री स्वाहा स्वधा नमोऽस्तु ते॥
366,देहि सौभाग्यमारोग्यं देहि मे परमं सुखम्। रूपं देहि जयं देहि यशो देहि द्विषो जहि॥,देहि सौभाग्यमारोग्यं देहि मे परमं सुखम्। रूपं देहि जयं देहि यशो देहि द्विषो जहि॥
367,शरणागतदीनार्तपरित्राणपरायणे। सर्वस्यार्तिहरे देवि नारायणि नमोऽस्तु ते॥,शरणागतदीनार्तपरित्राणपरायणे। सर्वस्यार्तिहरे देवि नारायणि नमोऽस्तु ते॥
368,तूने मुझे बुलाया शेरावालिये,तूने मुझे बुलाया शेरावालिये
369,"चलो बुलावा आया है, माता ने बुलाया है","चलो बुलावा आया है, माता ने बुलाया है"
370,नंगे नंगे पांव चला आ गया री मैया,नंगे नंगे पांव चला आ गया री मैया
371,भेजा है बुलावा तूने शेरावालिये,भेजा है बुलावा तूने शेरावालिये
372,मैया का चोला है रंगला,मैया का चोला है रंगला
373,मन लेके आया माता रानी के भवन में,मन लेके आया माता रानी के भवन में
374,प्यारा सजा है तेरा द्वार भवानी,प्यारा सजा है तेरा द्वार भवानी
375,मैया तेरी जय जयकार,मैया तेरी जय जयकार
376,लली लली लाल चुनरिया,लली लली लाल चुनरिया
377,महिषासुर वध की कथा:,महिषासुर वध की कथा:
378,शुम्भ-निशुम्भ वध की कथा,शुम्भ-निशुम्भ वध की कथा
379,मधु-कैटभ वध की कथा,मधु-कैटभ वध की कथा
380,माता सती और 51 शक्तिपीठ की कथा,माता सती और 51 शक्तिपीठ की कथा
381,नवदुर्गा के 9 रूपों की कथा:,नवदुर्गा के 9 रूपों की कथा:
382,वैष्णो देवी की कथा:,वैष्णो देवी की कथा:
383,रक्तबीज वध की कथा:,रक्तबीज वध की कथा:
384,माता पार्वती का कठिन तप और शिव से विवाह,माता पार्वती का कठिन तप और शिव से विवाह
385,राधा-कृष्ण प्रेम कथा,राधा-कृष्ण प्रेम कथा
386,शिव-पार्वती विवाह,शिव-पार्वती विवाह
387,राम-सीता वनवास कथा,राम-सीता वनवास कथा
388,रुक्मिणी हरण कथा,रुक्मिणी हरण कथा
389,नल-दमयंती कथा,नल-दमयंती कथा
390,कामदेव-रति कथा,कामदेव-रति कथा
391,सत्यभामा-कृष्ण कथा,सत्यभामा-कृष्ण कथा
392,उषा-अनिरुद्ध कथा,उषा-अनिरुद्ध कथा
393,सुभद्रा-अर्जुन विवाह,सुभद्रा-अर्जुन विवाह
394,तुलसी-शालिग्राम,तुलसी-शालिग्राम
395,हनुमान-राम भक्ति,हनुमान-राम भक्ति
396,अच्युतम केशवम,अच्युतम केशवम
397,राधे राधे बरसाने वाली,राधे राधे बरसाने वाली
398,ऐसी लागी लगन,ऐसी लागी लगन
399,श्री रामचंद्र कृपालु,श्री रामचंद्र कृपालु
400,किशोरी कुछ ऐसा इंतजाम,किशोरी कुछ ऐसा इंतजाम
401,यशोमती मैया से बोले,यशोमती मैया से बोले
402,राम नाम के हीरे मोती,राम नाम के हीरे मोती
403,श्यामा आन बसो,श्यामा आन बसो
404,मीठे रस से भरयो री,मीठे रस से भरयो री
405,भर दे रे श्याम झोली,भर दे रे श्याम झोली
406,ओ पालनहारे,ओ पालनहारे
407,मेरा आपकी कृपा से,मेरा आपकी कृपा से
408,छोटी छोटी गईया,छोटी छोटी गईया
409,आदित्य हृदय स्तोत्र,आदित्य हृदय स्तोत्र
410,वैद्यनाथ स्तोत्र,वैद्यनाथ स्तोत्र
411,धन्वंतरि स्तोत्र,धन्वंतरि स्तोत्र
412,राम रक्षा स्तोत्र,राम रक्षा स्तोत्र
413,संकट नाशन गणेश स्तोत्र,संकट नाशन गणेश स्तोत्र
414,मृत्युंजय स्तोत्र,मृत्युंजय स्तोत्र
415,दुर्गा आपदुद्धारक स्तोत्र,दुर्गा आपदुद्धारक स्तोत्र
416,हनुमान बाहुक,हनुमान बाहुक
417,सूर्य मंडल स्तोत्र,सूर्य मंडल स्तोत्र
418,नारायण कवच,नारायण कवच
419,हे दुख भंजन मारुति नंदन,हे दुख भंजन मारुति नंदन
420,नाम है तेरा तारणहारा,नाम है तेरा तारणहारा
421,कितना प्यारा है श्रृंगार,कितना प्यारा है श्रृंगार
422,मेरा आपकी कृपा से,मेरा आपकी कृपा से
423,अच्युतम केशवम,अच्युतम केशवम
424,ओ पालनहारे,ओ पालनहारे
425,राम नाम के हीरे मोती,राम नाम के हीरे मोती
426,इतनी शक्ति हमें देना दाता,इतनी शक्ति हमें देना दाता
427,शिव शंकर को जिसने पूजा,शिव शंकर को जिसने पूजा
428,श्री रामचंद्र कृपालु,श्री रामचंद्र कृपालु
429,आदित्य हृदय स्तोत्र,आदित्य हृदय स्तोत्र
430,संकट नाशन गणेश स्तोत्र,संकट नाशन गणेश स्तोत्र
431,महालक्ष्मी अष्टकम,महालक्ष्मी अष्टकम
432,राम रक्षा स्तोत्र,राम रक्षा स्तोत्र
433,श्री सूक्तम,श्री सूक्तम
434,बजरंग बाण,बजरंग बाण
435,सरस्वती स्तोत्र,सरस्वती स्तोत्र
436,नारायण कवच,नारायण कवच
437,शिव पंचाक्षर स्तोत्र,शिव पंचाक्षर स्तोत्र
438,हनुमान अष्टक,हनुमान अष्टक
439,श्री हनुमान चालीसा,श्री हनुमान चालीसा
440,श्री गणेश चालीसा,श्री गणेश चालीसा
441,श्री लक्ष्मी चालीसा,श्री लक्ष्मी चालीसा
442,श्री दुर्गा चालीसा,श्री दुर्गा चालीसा
443,श्री सरस्वती चालीसा,श्री सरस्वती चालीसा
444,पंचाक्षरी मन्त्र,"ॐ नमः शिवाय' मंत्र का जाप सुबह स्नान के बाद (विशेषकर सूर्योदय के समय) या सूर्यास्त के समय करना सबसे उत्तम माना जाता है। सोमवार के दिन इस मंत्र का जाप विशेष फलदायी होता है, लेकिन पवित्रता और श्रद्धा के साथ इसे किसी भी समय किया जा सकता है।"
445,महामृत्युंजय मंत्र,"महामृत्युंजय मंत्र (Om Tryambakam Yajamahe) को ब्रह्ममुहूर्त (सुबह 4 से 6 बजे) सुनना या जाप करना सबसे उत्तम माना जाता है। इसे सोमवार के दिन, शिवरात्रि पर, या बीमारी, भय और मानसिक अशांति के समय कभी भी सुना जा सकता है। यह मंत्र जीवन, स्वास्थ्य और सकारात्मक ऊर्जा प्रदान करने के लिए अत्यंत शक्तिशाली है।"
446,रुद्र मंत्र,शिव रुद्र मंत्र (Rudra Mantra) या श्री रुद्रम का श्रवण (सुनना) अत्यंत फलदायी माना जाता है। इसे विशेष रूप से प्रदोष काल (सूर्यास्त के समय) में सुनना सबसे उत्तम है।
447,शिव गायत्री मंत्र,"शिव गायत्री मंत्र (ॐ तत्पुरुषाय विद्महे महादेवाय धीमहि तन्नो रुद्रः प्रचोदयात्) का श्रवण और जाप करना अत्यंत कल्याणकारी माना जाता है। इसे सुनने का सबसे उत्तम समय सुबह और शाम माना जाता है, जो सुबह की शांति और सकारात्मक ऊर्जा के साथ दिन की शुरुआत करने या शाम को दिन भर की थकान और नकारात्मकता को दूर करने के लिए होता है।"
448,शिव स्तुति मंत्र,"सोमवार , प्रदोष काल , सुबह और शाम , सावन का महीना , शिवरात्रि और महाशिवरात्रि , सोम प्रदोष व्रत: , पूजा के अंत में: , मन की शांति के लिए"
449,शिव तांडव स्तोत्रम (संक्षिप्त अंश - रावण रचित) [1],"शिव तांडव स्तोत्र का पाठ सोमवार को, प्रदोष काल (सूर्यास्त के समय) या सुबह स्नान के बाद करना सबसे उत्तम माना जाता है। यह स्तोत्र भगवान शिव की उग्र ऊर्जा का प्रतीक है, इसलिए इसे आत्मविश्वास, आत्मबल बढ़ाने और आर्थिक बाधाओं को दूर करने के लिए विशेष रूप से गाया या पढ़ा जाना चाहिए"
450,शिव पंचाक्षर स्तोत्रम्:,"इसे रोज़ाना सुबह स्नान के बाद, शिव पूजा के समय, या सावन मास (Sawan Month) में कभी भी पढ़ा जा सकता है। यह स्तोत्र कालसर्प दोष को दूर करने और भगवान शिव की कृपा प्राप्त करने के लिए अत्यंत प्रभावशाली है।"
451,शिव महिम्न स्तोत्र:,प्रतिदिन सुबह या शाम की पूजा के समय
452,वेदसार शिव स्तोत्रम्,प्रतिदिन प्रातःकाल स्नान के बाद या सोमवार व प्रदोष व्रत के दिनों में
453,शिव चालीसा,"सुबह (ब्रह्म मुहूर्त: 4 से 6 बजे) या शाम (प्रदोष काल) में करना सबसे उत्तम और फलदायी माना जाता है। प्रतिदिन के अलावा, सोमवार, सावन माह, प्रदोष तिथि और शिवरात्रि पर विशेष रूप से पाठ करना चाहिए"
454,श्री रुद्राष्टकम् (संक्षिप्त अंश - तुलसीदास रचित),"नमामीशमीशान' (शिव रुद्राष्टकम) का पाठ प्रतिदिन सुबह या शाम को स्नानोपरांत करना सबसे उत्तम है। विशेष रूप से सोमवार, प्रदोष व्रत, श्रावण मास, और महाशिवरात्रि पर इसका पाठ अत्यधिक कल्याणकारी और मनोकामनाएं पूरी करने वाला माना जाता है।"
455,शिव स्तुति,"सुबह (ब्रह्ममुहूर्त) या शाम की पूजा के समय किया जाता है। यह स्तुति महादेव के शांत स्वरूप की महिमा गाती है, इसलिए इसे मानसिक शांति और प्रसन्नता के लिए रोज़ या महाशिवरात्रि/सावन जैसे विशेष दिनों में सुना जा सकता है।"
456,ॐ जय शिव ओंकारा,"इसे विशेष रूप से सोमवार के दिन, सावन मास में, महाशिवरात्रि पर, और दैनिक पूजा में गाया जाता है।"
457,ध्यान श्लोक (पूजा हेतु),"आरती के बाद , दैनिक प्रार्थना"
458,शिव शंकर को जिसने पूजा,शिव शंकर को जिसने पूजा
459,सुबह सुबह ले शिव का नाम,सुबह सुबह ले शिव का नाम
460,हे शम्भू बाबा मेरे भोले नाथ,हे शम्भू बाबा मेरे भोले नाथ
461,चलो शिव शंकर के मंदिर में भक्तों,चलो शिव शंकर के मंदिर में भक्तों
462,भोले भंडारी सबके ही भंडार भरे,भोले भंडारी सबके ही भंडार भरे
463,शंकर तेरी जटा में बहती है गंगधारा,शंकर तेरी जटा में बहती है गंगधारा
464,सम्पूर्ण शिव पुराण सार,सम्पूर्ण शिव पुराण सार
465,शिव जी का जन्म कैसे हुआ,शिव जी का जन्म कैसे हुआ
466,सम्पूर्ण गाथा नीलकंठ की,सम्पूर्ण गाथा नीलकंठ की
467,नंदी कैसे बने शिवजी के सवारी,नंदी कैसे बने शिवजी के सवारी
468,आखिर क्यों शिवपार्वती ने लिया था अर्धनारीश्वर रूप ?,आखिर क्यों शिवपार्वती ने लिया था अर्धनारीश्वर रूप ?
469,क्यों मिला था चंद्रमा को श्राप ?,क्यों मिला था चंद्रमा को श्राप ?
470,12 ज्योतिर्लिंग की कथाएँ क्या है?,12 ज्योतिर्लिंग की कथाएँ क्या है?
471,शिव ने अपने ही पुत्र गणेश का सिर क्यों काटा?,शिव ने अपने ही पुत्र गणेश का सिर क्यों काटा?
472,हनुमान बीज मंत्र,सुबह ब्रह्म मुहूर्त (4:00 AM - 6:00 AM) है। मंगलवार और शनिवार को यह अधिक प्रभावशाली माना जाता है। आप इसे पूजा के दौरान सुबह स्नान के बाद या रात में सोने से पहले भी शांत मन से सुन/कर सकते हैं।
473,हनुमान गायत्री मंत्र:,मंगलवार और शनिवार की सुबह सूर्योदय के समय
474,मनोजवं मारुततुल्यवेगं मंत्र:,मंगलवार या शनिवार के दिन सुबह (ब्रह्म मुहूर्त)
475,रुद्रावतार हनुमान मंत्र (मूल मंत्र:),"भय और तनाव में , शत्रु नाश और सुरक्षा के लिए , रोग मुक्ति के लिए"
476,आंजनेय मंत्र,"शक्ति, सुरक्षा और साहस प्राप्त करने के लिए सुना या जप किया जाता है।"
477,प्रमुख मंत्र:,"कष्ट, भय, शारीरिक रोग और नकारात्मक ऊर्जा से मुक्ति पाने के लिए निरंतर (नियमित) सुना या जपा जाता है।"
478,रक्षा कवच मंत्र:,"सुरक्षा, शक्ति और भय से मुक्ति के लिए नित्य (रोजाना) सुना या जपा जा सकता है"
479,मारुती स्तोत्र,मारुती स्तोत्र
480,श्री हनुमान तांडव स्तोत्र,"शत्रुओं पर विजय, शारीरिक-मानसिक बल बढ़ाने, और मंगल-राहु जैसे ग्रहों के दोषों को दूर करने के लिए अत्यंत प्रभावशाली माना जाता है"
481,श्री आञ्जनेय द्वादशनाम स्तोत्रम्,श्री आञ्जनेय द्वादशनाम स्तोत्रम्
482,पंचमुखी हनुमान स्तोत्र,"नकारात्मकता और काला जादू से रक्षा: , ग्रह दोषों से मुक्ति:"
483,हनुमान चालीसा,"सुबह (ब्रह्म मुहूर्त: 4-6 बजे) या शाम को (सूर्यास्त के समय/रात 8 बजे) करना सबसे अच्छा माना जाता है, विशेषकर मंगलवार और शनिवार को। इसे मानसिक शांति, भय मुक्ति, संकट दूर करने, आत्मविश्वास बढ़ाने और नकारात्मक ऊर्जा (शनि/मंगल दोष) को कम करने के लिए सुना या पढ़ा जाता है।"
484,संकटमोचन हनुमान अष्टक,संकटमोचन हनुमान अष्टक
485,"अतुलितबलधामं हेमशैलाभदेहं,","अतुलितबलधामं हेमशैलाभदेहं,"
486,आरती कीजै हनुमान लला की,आरती कीजै हनुमान लला की
487,बुद्धिर्बलं यशो धैर्यं निर्भयत्वमरोगता।,मानसिक और शारीरिक शक्ति के लिए
488,हनुमान गायत्री,"सुरक्षा, बल और साहस के लिए"
489,मर्कटेश महोत्साह सर्वशोक विनाशन।,धन प्राप्ति और शत्रु से रक्षा मंत्र
490,कार्य सिद्धि,कार्य सिद्धि
491,"अतुलितबलधामं हेमशैलाभदेहं, अनुजवनकृशानुं ज्ञानिनामग्रगण्यम्। सकलगुणनिधानं वानराणामधीशं, रघुपतिप्रियभक्तं वातजातं नमामि।",तेज और शक्ति के लिए
492,दुनिया चले न श्री राम के बिना,दुनिया चले न श्री राम के बिना
493,हे दुख भंजन मारुति नंदन,हे दुख भंजन मारुति नंदन
494,छम छम नाचे वीर हनुमान,छम छम नाचे वीर हनुमान
495,संकट मोचन नाम तिहारो,संकट मोचन नाम तिहारो
496,बजरंग बली मेरी नाव चली,बजरंग बली मेरी नाव चली
497,वीर हनुमाना अति बलवाना,वीर हनुमाना अति बलवाना
498,हनुमान जन्म कथा,हनुमान जन्म कथा
499,"शक्ति, भक्ति और बुद्धि के देव हनुमान जी को समझिए |","शक्ति, भक्ति और बुद्धि के देव हनुमान जी को समझिए |"
500,भगवान श्री राम और हनुमान जी का प्रथम मिलाप,भगवान श्री राम और हनुमान जी का प्रथम मिलाप
501,हनुमान जनम कथा,हनुमान जनम कथा
502,हनुमान जी रक्षा कैसे करते हैं ?,हनुमान जी रक्षा कैसे करते हैं ?
503,जब हनुमान जी चले लंका माता जानकी को खोजने |,जब हनुमान जी चले लंका माता जानकी को खोजने |
504,मूल बीज मंत्र,मूल बीज मंत्र
505,वक्रतुण्ड महाकाय सूर्यकोटि समप्रभ।,वक्रतुण्ड महाकाय सूर्यकोटि समप्रभ।
506,गणेश गायत्री,गणेश गायत्री
507,संकट नाशक मंत्र,संकट नाशक मंत्र
508,ॐ लम्बोदराय नमः,ॐ लम्बोदराय नमः
509,गणेश अथर्वशीर्ष:,गणेश अथर्वशीर्ष:
510,ऋणहर्ता गणेश स्तोत्र:,कर्ज और आर्थिक तंगी से मुक्ति पाने के लिए।
511,श्री गणेश कवच:,श्री गणेश कवच:
512,गणेश अष्टोत्तर शतनाम स्तोत्र:,गणेश अष्टोत्तर शतनाम स्तोत्र:
513,मयूरेस्वर स्तोत्र:,मयूरेस्वर स्तोत्र:
514,श्री गणेश चालीसा,श्री गणेश चालीसा
515,श्री गणेशपञ्चरत्नम्,श्री गणेशपञ्चरत्नम्
516,तुलसीदास कृत श्री गणेश स्तुति,तुलसीदास कृत श्री गणेश स्तुति
517,सिद्धिविनायक स्तुति,सिद्धिविनायक स्तुति
518,नमामि ते गजाननं,नमामि ते गजाननं
519,जय गणेश जय गणेश देवा,जय गणेश जय गणेश देवा
520,सुखकर्ता दुखहर्ता वार्ता विघ्नाची,सुखकर्ता दुखहर्ता वार्ता विघ्नाची
521,शेंदूर लाल चढ़ायो अच्छा गजमुख को,शेंदूर लाल चढ़ायो अच्छा गजमुख को
522,जय देव जय देव जय मंगलमूर्ती,जय देव जय देव जय मंगलमूर्ती
523,आरती सिद्धिविनायक जी की,आरती सिद्धिविनायक जी की
524,वक्रतुण्ड महाकाय सूर्यकोटि समप्रभ। निर्विघ्नं कुरु मे देव सर्वकार्येषु सर्वदा॥,वक्रतुण्ड महाकाय सूर्यकोटि समप्रभ। निर्विघ्नं कुरु मे देव सर्वकार्येषु सर्वदा॥
525,गजाननं भूतगणादिसेवितं कपित्थजम्बूफलचारुभक्षणम्। उमासुतं शोकविनाशकारकं नमामि विघ्नेश्वरपादपंकजम्॥,गजाननं भूतगणादिसेवितं कपित्थजम्बूफलचारुभक्षणम्। उमासुतं शोकविनाशकारकं नमामि विघ्नेश्वरपादपंकजम्॥
526,अगजानन पद्मार्कं गजाननमहर्निशम्। अनेकदन्तं भक्तानां एकदन्तमुपास्महे॥,अगजानन पद्मार्कं गजाननमहर्निशम्। अनेकदन्तं भक्तानां एकदन्तमुपास्महे॥
527,विघ्नेश्वराय वरदाय सुरप्रियाय लम्बोदराय सकलाय जगद्धिताय। नागाननाय श्रुतियज्ञविभूषिताय गौरीसुताय गणनाथ नमो नमस्ते॥,विघ्नेश्वराय वरदाय सुरप्रियाय लम्बोदराय सकलाय जगद्धिताय। नागाननाय श्रुतियज्ञविभूषिताय गौरीसुताय गणनाथ नमो नमस्ते॥
528,अभीप्सितार्थ सिद्धयर्थं पूजितो यः सुरासुरैः। सर्वविघ्नहरस्तस्मै गणाधिपतये नमः॥,अभीप्सितार्थ सिद्धयर्थं पूजितो यः सुरासुरैः। सर्वविघ्नहरस्तस्मै गणाधिपतये नमः॥
529,घर में पधारो गजानंद जी मेरे घर में पधारो,घर में पधारो गजानंद जी मेरे घर में पधारो
530,संकट हर लो मंगल कर दो,संकट हर लो मंगल कर दो
531,तेरी जय हो गणेश,तेरी जय हो गणेश
532,हे गौरी नंदन तुमको वन्दन,हे गौरी नंदन तुमको वन्दन
533,हे गौरी नंदन तुमको वंदन,हे गौरी नंदन तुमको वंदन
534,गणपति पहला तुम्हे प्रणाम है,गणपति पहला तुम्हे प्रणाम है
535,गजानन महाराज पधारो,गजानन महाराज पधारो
536,श्री गणेश जन्म कथा,श्री गणेश जन्म कथा
537,सबसे पहले गणेश भगवान् की पूजा क्यों करते है,सबसे पहले गणेश भगवान् की पूजा क्यों करते है
538,महाभारत कैसे लिखी गई ?,महाभारत कैसे लिखी गई ?
539,द्वादशाक्षर मंत्र,द्वादशाक्षर मंत्र
540,ॐ नमो नारायणाय,ॐ नमो नारायणाय
541,श्रीमन नारायण नारायण हरी हरी,श्रीमन नारायण नारायण हरी हरी
542,ॐ विष्णवे नमः,ॐ विष्णवे नमः
543,ॐ ह्रीं कार्तवीर्यार्जुनो नाम राजा बाहु सहस्रवान। यस्य स्मरेण मात्रेण हृतं नष्टं च लभ्यते॥,ॐ ह्रीं कार्तवीर्यार्जुनो नाम राजा बाहु सहस्रवान। यस्य स्मरेण मात्रेण हृतं नष्टं च लभ्यते॥
544,ॐ लक्ष्मीपतये नमः,ॐ लक्ष्मीपतये नमः
545,विष्णु गायत्री,विष्णु गायत्री
546,शान्ताकारं भुजगशयनं पद्मनाभं सुरेशं,शान्ताकारं भुजगशयनं पद्मनाभं सुरेशं
547,ॐ अचुताय नमः,ॐ अचुताय नमः
548,विष्णु सहस्रनाम स्तोत्रम्:,विष्णु सहस्रनाम स्तोत्रम्:
549,गजेन्द्र मोक्ष स्तोत्र:,गजेन्द्र मोक्ष स्तोत्र:
550,लक्ष्मी नारायण स्तोत्र,लक्ष्मी नारायण स्तोत्र
551,विष्णु पंजर स्तोत्रम्,विष्णु पंजर स्तोत्रम्
552,नारायण सुक्तम,नारायण सुक्तम
553,विष्णु भुजंग प्रयात स्तोत्र,विष्णु भुजंग प्रयात स्तोत्र
554,श्री हरि स्तोत्रम्,श्री हरि स्तोत्रम्
555,विष्णु चालीसा,विष्णु चालीसा
556,अच्युताष्टकम,अच्युताष्टकम
557,श्री विष्णु स्तुति,श्री विष्णु स्तुति
558,ओम जय जगदीश हरे,ओम जय जगदीश हरे
559,नमोऽस्त्वनन्ताय,नमोऽस्त्वनन्ताय
560,यदा यदा ही धर्मस्य,यदा यदा ही धर्मस्य
561,कायेन वाचा,कायेन वाचा
562,सशंखचक्रं सकिरीटकुण्डलं,सशंखचक्रं सकिरीटकुण्डलं
563,त्वमेव माता च पिता त्वमेव,त्वमेव माता च पिता त्वमेव
564,अच्युतम केशवम कृष्ण दामोदरम,अच्युतम केशवम कृष्ण दामोदरम
565,श्रीमन नारायण नारायण हरी हरी,श्रीमन नारायण नारायण हरी हरी
566,नमो नमो श्री नारायण जय बैकुण्ड बिहारी,नमो नमो श्री नारायण जय बैकुण्ड बिहारी
567,सारे जहाँ के मालिक तेरा ही आसरा है,सारे जहाँ के मालिक तेरा ही आसरा है
568,हरी आ जाओ एक बार,हरी आ जाओ एक बार
569,सत्यनारायण व्रत कथा:,सत्यनारायण व्रत कथा:
570,समुद्र मंथन की कथा:,समुद्र मंथन की कथा:
571,दशावतार कथा:,दशावतार कथा:
572,नरसिंह अवतार और प्रह्लाद की कथा,नरसिंह अवतार और प्रह्लाद की कथा
573,वामन अवतार और राजा बलि की कथा,वामन अवतार और राजा बलि की कथा
574,विष्णु जी और माता लक्ष्मी के विवाह की कथा,विष्णु जी और माता लक्ष्मी के विवाह की कथा
575,शालिग्राम बनने की कथा,शालिग्राम बनने की कथा
576,गुरुवार व्रत कथा,गुरुवार व्रत कथा
577,महालक्ष्मी बीज मंत्र,महालक्ष्मी बीज मंत्र
578,ॐ श्री महालक्ष्म्यै नमः,ॐ श्री महालक्ष्म्यै नमः
579,लक्ष्मी गायत्री मंत्र,लक्ष्मी गायत्री मंत्र
580,श्री सिद्ध लक्ष्मी मंत्र,श्री सिद्ध लक्ष्मी मंत्र
581,ॐ धनाय नमो नमः,ॐ धनाय नमो नमः
582,सर्वबाधा निवारण मंत्र,सर्वबाधा निवारण मंत्र
583,ॐ ह्रीं ह्रीं श्री लक्ष्मी वासुदेवाय नम:।,ॐ ह्रीं ह्रीं श्री लक्ष्मी वासुदेवाय नम:।
584,श्री सूक्तम:,श्री सूक्तम:
585,कनकधारा स्तोत्र:,कनकधारा स्तोत्र:
586,लक्ष्मी हृदय स्तोत्र,लक्ष्मी हृदय स्तोत्र
587,महालक्ष्मी कवच,महालक्ष्मी कवच
588,अष्टलक्ष्मी स्तोत्र,अष्टलक्ष्मी स्तोत्र
589,सर्वदेव कृत लक्ष्मी स्तोत्र,सर्वदेव कृत लक्ष्मी स्तोत्र
590,श्री लक्ष्मी चालीसा,श्री लक्ष्मी चालीसा
591,महालक्ष्म्यष्टकम्,महालक्ष्म्यष्टकम्
592,महा लक्ष्मी स्तुति,महा लक्ष्मी स्तुति
593,महालक्ष्मी स्तवनम्,महालक्ष्मी स्तवनम्
594,ॐ जय लक्ष्मी माता,ॐ जय लक्ष्मी माता
595,नमस्तेऽस्तु महामाये श्रीपीठे सुरपूजिते। शङ्खचक्रगदाहस्ते महालक्ष्मि नमोऽस्तु ते,नमस्तेऽस्तु महामाये श्रीपीठे सुरपूजिते। शङ्खचक्रगदाहस्ते महालक्ष्मि नमोऽस्तु ते
596,लक्ष्मी अमृतवाणी,लक्ष्मी अमृतवाणी
597,मेरे घर आओ मां लक्ष्मी,मेरे घर आओ मां लक्ष्मी
598,मइया लक्ष्मी देती धन धान है,मइया लक्ष्मी देती धन धान है
599,घर में पधारो लक्ष्मी मैया,घर में पधारो लक्ष्मी मैया
600,लक्ष्मी मैया है तुमसे,लक्ष्मी मैया है तुमसे
601,शुभ लाभ धन वैभव दाता जय,शुभ लाभ धन वैभव दाता जय
602,लक्ष्मी जी की अवतार कथा |,लक्ष्मी जी की अवतार कथा |
603,वैभव लक्ष्मी व्रत कथा,वैभव लक्ष्मी व्रत कथा
604,दीपावली की कथा:,दीपावली की कथा:
605,माँ लक्ष्मी और राजा बलि की कथा,माँ लक्ष्मी और राजा बलि की कथा
606,ॐ शं शनैश्चराय नमः,ॐ शं शनैश्चराय नमः
607,शनि बीज मंत्र,शनि बीज मंत्र
608,ॐ नीलांजनसमाभासं रविपुत्रं यमाग्रजम्। छायामार्तण्डसंभूतं तं नमामि शनैश्चरम्॥,ॐ नीलांजनसमाभासं रविपुत्रं यमाग्रजम्। छायामार्तण्डसंभूतं तं नमामि शनैश्चरम्॥
609,शनि गायत्री मंत्र),शनि गायत्री मंत्र)
610,शनि वज्र पंजर कवचम्,शनि वज्र पंजर कवचम्
611,दशरथकृत शनि स्तोत्र,दशरथकृत शनि स्तोत्र
612,महाकाल शनि मृत्युञ्जय स्तोत्र,महाकाल शनि मृत्युञ्जय स्तोत्र
613,शनि पीडाहर स्तोत्र,शनि पीडाहर स्तोत्र
614,शनि चालीसा,शनि चालीसा
615,श्री शनि अष्टकम्,श्री शनि अष्टकम्
616,शनि स्तुति,शनि स्तुति
617,शनि वंदना:,शनि वंदना:
618,जय जय श्री शनिदेव भक्तन हितकारी,जय जय श्री शनिदेव भक्तन हितकारी
619,आरती श्री शनि महाराज की,आरती श्री शनि महाराज की
620,सूर्यपुत्रो दीर्घदेहो विशालाक्षः शिवप्रियः। मन्दचारः प्रसन्नात्मा पीडां हरतु मे शनिः॥,सूर्यपुत्रो दीर्घदेहो विशालाक्षः शिवप्रियः। मन्दचारः प्रसन्नात्मा पीडां हरतु मे शनिः॥
621,शनैश्वरा  शनैश्वरा,शनैश्वरा  शनैश्वरा
622,सच्चा शनिदेव तेरा दरबार,सच्चा शनिदेव तेरा दरबार
623,शनि जी करदो बेड़ा पार,शनि जी करदो बेड़ा पार
624,श्री शनिदेव अमृतवाणी,श्री शनिदेव अमृतवाणी
625,शनि देव तुम्हारे चरणों में,शनि देव तुम्हारे चरणों में
626,शनिदेव तेरा जग में अजब नजारा है,शनिदेव तेरा जग में अजब नजारा है
627,शनिदेव के जन्म की महान कथा,शनिदेव के जन्म की महान कथा
628,शनिदेव और हनुमान जी की कथा |,शनिदेव और हनुमान जी की कथा |
629,शनिवार व्रत कथा,शनिवार व्रत कथा
630,ॐ रामाय नमः,ॐ रामाय नमः
631,ॐ राम रामाय नमः,ॐ राम रामाय नमः
632,श्री राम जय राम जय जय राम,श्री राम जय राम जय जय राम
633,ॐ श्री रामचन्द्राय नमः,ॐ श्री रामचन्द्राय नमः
634,ॐ नमो भगवते रामचंद्राय,ॐ नमो भगवते रामचंद्राय
635,राम रामेति रामेति रमे रामे मनोरमे। सहस्त्रनाम तत्सुल्यं रामनाम वरानने॥,राम रामेति रामेति रमे रामे मनोरमे। सहस्त्रनाम तत्सुल्यं रामनाम वरानने॥
636,आपदामपहर्तारं दातारं सर्वसंपदाम्। लोकाभिरामं श्रीरामं भूयो भूयो नमाम्यहम्॥,आपदामपहर्तारं दातारं सर्वसंपदाम्। लोकाभिरामं श्रीरामं भूयो भूयो नमाम्यहम्॥
637,श्री राम रक्षा स्तोत्र:,श्री राम रक्षा स्तोत्र:
638,आदित्य हृदय स्तोत्र:,आदित्य हृदय स्तोत्र:
639,श्री राम सहस्रनाम स्तोत्र,श्री राम सहस्रनाम स्तोत्र
640,नाम रामायणम्,नाम रामायणम्
641,राम हृदय स्तोत्र,राम हृदय स्तोत्र
642,जटायु कृत श्री राम स्तोत्र,जटायु कृत श्री राम स्तोत्र
643,श्री राम चालीसा,श्री राम चालीसा
644,श्री राम अष्टकम,श्री राम अष्टकम
645,श्री रामचंद्र कृपालु भजु मन:,श्री रामचंद्र कृपालु भजु मन:
646,जानकी स्तुति,जानकी स्तुति
647,श्री रामचंद्र जी की आरती:,श्री रामचंद्र जी की आरती:
648,जग जननी सीता माता की आरती,जग जननी सीता माता की आरती
649,आरती श्री रामायण जी की,आरती श्री रामायण जी की
650,आरती श्री रघुवर लाला की,आरती श्री रघुवर लाला की
651,आरती अवध बिहारी की,आरती अवध बिहारी की
652,नीलाम्बुजश्यामलकोमलांगं सीतासमारोपितवामभागम्। पाणौ महासायकचारुचापं नमामि रामं रघुवंशनाथम्॥,नीलाम्बुजश्यामलकोमलांगं सीतासमारोपितवामभागम्। पाणौ महासायकचारुचापं नमामि रामं रघुवंशनाथम्॥
653,रामाय रामभद्राय रामचन्द्राय वेधसे। रघुनाथाय नाथाय सीतायाः पतये नमः॥,रामाय रामभद्राय रामचन्द्राय वेधसे। रघुनाथाय नाथाय सीतायाः पतये नमः॥
654,लोकाभिरामं रणरंगधीरं राजीवनेत्रं रघुवंशनाथम्। कारुण्यरूपं करुणाकरं तं श्रीरामचन्द्रं शरणं प्रपद्ये॥,लोकाभिरामं रणरंगधीरं राजीवनेत्रं रघुवंशनाथम्। कारुण्यरूपं करुणाकरं तं श्रीरामचन्द्रं शरणं प्रपद्ये॥
655,"आपदामपहर्तारं दातारं सर्वसंपदाम्।
लोकाभिरामं श्रीरामं भूयो भूयो नमाम्यहम्॥","आपदामपहर्तारं दातारं सर्वसंपदाम्।
लोकाभिरामं श्रीरामं भूयो भूयो नमाम्यहम्॥"
656,पायो जी मैंने राम रतन धन पायो,पायो जी मैंने राम रतन धन पायो
657,ठुमक चलत रामचंद्र बाजत पैंजनिया,ठुमक चलत रामचंद्र बाजत पैंजनिया
658,श्री राम जानकी बैठे हैं मेरे सीने में,श्री राम जानकी बैठे हैं मेरे सीने में
659,रघुपति राघव राजा राम,रघुपति राघव राजा राम
660,राम कहानी सुनो रे राम कहानी,राम कहानी सुनो रे राम कहानी
661,नगरी हो अयोध्या सी,नगरी हो अयोध्या सी
662,राम जी की निकली सवारी,राम जी की निकली सवारी
663,भजमन राम चरण सुखदाई,भजमन राम चरण सुखदाई
664,राम नाम के हीरे मोती,राम नाम के हीरे मोती
665,मन में राम बसा ले,मन में राम बसा ले
666,श्री राम जन्म कथा:,श्री राम जन्म कथा:
667,श्री राम ने कैसे किया माँ अहल्या का उद्धार,श्री राम ने कैसे किया माँ अहल्या का उद्धार
668,सीता स्वयंवर की अद्भुत कथा,सीता स्वयंवर की अद्भुत कथा
669,श्रीराम वनवास की कथा,श्रीराम वनवास की कथा
670,भरत राम मिलाप - कथा,भरत राम मिलाप - कथा
671,श्रीराम ने बाली को छुपकर क्यों मारा ?,श्रीराम ने बाली को छुपकर क्यों मारा ?
672,विजयादशमी - राम रावण अंतिम युद्ध की सम्पूर्ण कथा |,विजयादशमी - राम रावण अंतिम युद्ध की सम्पूर्ण कथा |
673,बीज मंत्र,बीज मंत्र
674,ॐ वक्रतुण्डाय हुम्,ॐ वक्रतुण्डाय हुम्
675,ॐ हस्ति पिशाचि लिख स्वाहा,ॐ हस्ति पिशाचि लिख स्वाहा
676,ॐ लम्बोदराय नमः,ॐ लम्बोदराय नमः
677,ॐ विकटाय नमः,ॐ विकटाय नमः
678,ॐ विनायकाय नमः,ॐ विनायकाय नमः
679,ॐ विघ्ननाशनाय नमः,ॐ विघ्ननाशनाय नमः
680,गणेश गायत्री,गणेश गायत्री
681,श्री संकटनाशन गणेश स्तोत्र,श्री संकटनाशन गणेश स्तोत्र
682,गणेश अथर्वशीर्ष,गणेश अथर्वशीर्ष
683,ऋणहर्ता गणेश स्तोत्र,ऋणहर्ता गणेश स्तोत्र
684,गणेश अष्टोत्तर शतनाम स्तोत्र,गणेश अष्टोत्तर शतनाम स्तोत्र
685,गणेश कवच,गणेश कवच
686,मयूरेस्वर स्तोत्र,मयूरेस्वर स्तोत्र
687,गणेश हृदय स्तोत्र,गणेश हृदय स्तोत्र
688,गणेश चालीसा,गणेश चालीसा
689,गणेश अष्टकम,गणेश अष्टकम
690,श्री गणेश पञ्चरत्न,श्री गणेश पञ्चरत्न
691,प्रथम तुला वंदितो,प्रथम तुला वंदितो
692,गजाननं भूत गणादि सेवितं,गजाननं भूत गणादि सेवितं
693,श्री गणेश स्तुति,श्री गणेश स्तुति
694,गणेश वंदना,गणेश वंदना
695,श्री गणेश जी की आरती,श्री गणेश जी की आरती
696,"सुख करता दुखहर्ता, वार्ता विघ्नाची नूर्वी पूर्वी प्रेम कृपा जयाची","सुख करता दुखहर्ता, वार्ता विघ्नाची नूर्वी पूर्वी प्रेम कृपा जयाची"
697,ॐ शेंदुर लाल चढ़ायो अच्छा गजमुख को,ॐ शेंदुर लाल चढ़ायो अच्छा गजमुख को
698,वक्रतुण्ड महाकाय सूर्यकोटि समप्रभ।निर्विघ्नं कुरु मे देव सर्वकार्येषु सर्वदा॥,वक्रतुण्ड महाकाय सूर्यकोटि समप्रभ।निर्विघ्नं कुरु मे देव सर्वकार्येषु सर्वदा॥
699,"गजाननं भूत गणादि सेवितं, कपित्थ जम्बू फल चारू भक्षणम् । उमासुतं शोक विनाशकारकम्, नमामि विघ्नेश्वर पाद पंकजम् ॥","गजाननं भूत गणादि सेवितं, कपित्थ जम्बू फल चारू भक्षणम् । उमासुतं शोक विनाशकारकम्, नमामि विघ्नेश्वर पाद पंकजम् ॥"
700,अगजानन पद्मार्कं गजानन अहर्निशम् ।अनेकदन्तं भक्तानां एकदन्त उपास्महे ॥,अगजानन पद्मार्कं गजानन अहर्निशम् ।अनेकदन्तं भक्तानां एकदन्त उपास्महे ॥
701,सुमुखश्चैकदन्तश्च कपिलो गजकर्णकः ।लम्बोदरश्च विकटो विघ्ननाशो विनायकः ॥,सुमुखश्चैकदन्तश्च कपिलो गजकर्णकः ।लम्बोदरश्च विकटो विघ्ननाशो विनायकः ॥
702,ॐ श्रीं गं सौभाग्य गणपतये वर्वर्द सर्वजन्म में वषमान्य स्वाहा,ॐ श्रीं गं सौभाग्य गणपतये वर्वर्द सर्वजन्म में वषमान्य स्वाहा
703,देवा श्री गणेशा,देवा श्री गणेशा
704,मौर्या रे बाप्पा मौर्या रे,मौर्या रे बाप्पा मौर्या रे
705,गजानना श्री गणराया,गजानना श्री गणराया
706,सुनो गणपति बाप्पा मौर्या,सुनो गणपति बाप्पा मौर्या
707,गणपति अपने गाँव चले,गणपति अपने गाँव चले
708,"मेरे मन मंदिर में तुम भगवान रहे,","मेरे मन मंदिर में तुम भगवान रहे,"
709,श्री गणेश जन्म कथा,श्री गणेश जन्म कथा
710,पृथ्वी परिक्रमा कथा,पृथ्वी परिक्रमा कथा
711,संकष्टी चतुर्थी व्रत कथा,संकष्टी चतुर्थी व्रत कथा
712,गणेश जी ने कुबेर का घमंड कैसे तोडा,गणेश जी ने कुबेर का घमंड कैसे तोडा
713,कौनसा श्राप मिला चंद्रदेव को श्री गणेशजी द्वारा ?,कौनसा श्राप मिला चंद्रदेव को श्री गणेशजी द्वारा ?
714,महाभारत का लेखन किसने किया था,महाभारत का लेखन किसने किया था
715,"जानिये कैसे जन्म हुआ देवी रिद्धि-सिद्धि का, कैसे हुआ श्री गणेश से विवाह","जानिये कैसे जन्म हुआ देवी रिद्धि-सिद्धि का, कैसे हुआ श्री गणेश से विवाह"
716,श्री गणेश के एकदंत अवतार की कहानी ।,श्री गणेश के एकदंत अवतार की कहानी ।
717,हुआ इतना भयंकर युद्ध के परशुराम जी गणेशजी का दांत तोड़ दिया,हुआ इतना भयंकर युद्ध के परशुराम जी गणेशजी का दांत तोड़ दिया
718,बीज मंत्र,बीज मंत्र
719,मुक्ति मंत्र,मुक्ति मंत्र
720,महामंत्र,महामंत्र
721,श्री कृष्णाय शरणं मम,श्री कृष्णाय शरणं मम
722,ॐ क्लीं कृष्णाय नमः,ॐ क्लीं कृष्णाय नमः
723,कृष्ण गायत्री,कृष्ण गायत्री
724,गोकुल नाथाय नमः,गोकुल नाथाय नमः
725,गोवल्लभाय स्वाहा,गोवल्लभाय स्वाहा
726,ॐ क्लीं ग्लौं क्लीं श्यामलांगाय नमः,ॐ क्लीं ग्लौं क्लीं श्यामलांगाय नमः
727,गोपाल सहस्रनाम स्तोत्र,गोपाल सहस्रनाम स्तोत्र
728,मुकुंद माला स्तोत्र,मुकुंद माला स्तोत्र
729,श्री कृष्ण अष्टोत्तर शतनाम स्तोत्र (108 नाम),श्री कृष्ण अष्टोत्तर शतनाम स्तोत्र (108 नाम)
730,ब्रह्म संहिता,ब्रह्म संहिता
731,नारायणीयम्,नारायणीयम्
732,संतान गोपाल स्तोत्र,संतान गोपाल स्तोत्र
733,कृष्णा चालीसा,कृष्णा चालीसा
734,गोपाल चालीसा,गोपाल चालीसा
735,कृष्ण अष्टकम,कृष्ण अष्टकम
736,बाल मुकुंद स्तुति,बाल मुकुंद स्तुति
737,राधा-कृष्ण युगल स्तुति,राधा-कृष्ण युगल स्तुति
738,श्री द्वारकाधीशजी की शयन स्तुति,श्री द्वारकाधीशजी की शयन स्तुति
739,कुन्ती स्तुति,कुन्ती स्तुति
740,आरती कुंजबिहारी की,आरती कुंजबिहारी की
741,ॐ जय श्री कृष्ण हरे,ॐ जय श्री कृष्ण हरे
742,आरती श्री बांके बिहारी तेरी आरती गाऊं,आरती श्री बांके बिहारी तेरी आरती गाऊं
743,"जय कान्हा काला, प्रभु जय कान्हा काला","जय कान्हा काला, प्रभु जय कान्हा काला"
744,आरती श्री बाल कृष्ण जी की,आरती श्री बाल कृष्ण जी की
745,आरती जुगल किशोर की,आरती जुगल किशोर की
746,जय जगदीश हरे,जय जगदीश हरे
747,द्वारकाधीश आरती,द्वारकाधीश आरती
748,वसुदेवसुतं देवं कंसचाणूरमर्दनम्। देवकीपरमानन्दं कृष्णं वन्दे जगद्गुरुम्॥,वसुदेवसुतं देवं कंसचाणूरमर्दनम्। देवकीपरमानन्दं कृष्णं वन्दे जगद्गुरुम्॥
749,मूकं करोति वाचालं पंगुं लंघयते गिरिम्। यत्कृपा तमहं वन्दे परमानन्द माधवम्॥,मूकं करोति वाचालं पंगुं लंघयते गिरिम्। यत्कृपा तमहं वन्दे परमानन्द माधवम्॥
750,यदा यदा ही धर्मस्य ग्लानिर्भवति भारत। अभ्युत्थानमधर्मस्य तदात्मानं सृजाम्यहम्॥,यदा यदा ही धर्मस्य ग्लानिर्भवति भारत। अभ्युत्थानमधर्मस्य तदात्मानं सृजाम्यहम्॥
751,कर्मण्येवाधिकारस्ते मा फलेषु कदाचन। मा कर्मफलहेतुर्भूर्मा ते सङ्गोऽस्त्वकर्मणि॥,कर्मण्येवाधिकारस्ते मा फलेषु कदाचन। मा कर्मफलहेतुर्भूर्मा ते सङ्गोऽस्त्वकर्मणि॥
752,सर्वधर्मान्परित्यज्य मामेकं शरणं व्रज। अहं त्वां सर्वपापेभ्यो मोक्षयिष्यामि मा शुचः॥,सर्वधर्मान्परित्यज्य मामेकं शरणं व्रज। अहं त्वां सर्वपापेभ्यो मोक्षयिष्यामि मा शुचः॥
753,हे कृष्ण करुणा सिन्धु दीन बन्धु जगत पते। गोपेश गोपिका कान्त राधा कान्त नमोस्तुते॥,हे कृष्ण करुणा सिन्धु दीन बन्धु जगत पते। गोपेश गोपिका कान्त राधा कान्त नमोस्तुते॥
754,अच्युतम केशवम कृष्ण दामोदरम,अच्युतम केशवम कृष्ण दामोदरम
755,सांवली सूरत पे मोहन दिल दीवाना हो गया,सांवली सूरत पे मोहन दिल दीवाना हो गया
756,छोटी छोटी गईया छोटे छोटे ग्वाल,छोटी छोटी गईया छोटे छोटे ग्वाल
757,श्याम तेरी बंसी पुकारे राधा नाम,श्याम तेरी बंसी पुकारे राधा नाम
758,यशमति मैया से बोले नंदलाला,यशमति मैया से बोले नंदलाला
759,कन्हैया ले चल परली पार,कन्हैया ले चल परली पार
760,नंद के आनंद भयो जय कन्हैया लाल की,नंद के आनंद भयो जय कन्हैया लाल की
761,बड़ी देर भई नन्दलाला,बड़ी देर भई नन्दलाला
762,मीठे रस से भरयोड़ी राधारानी लागे,मीठे रस से भरयोड़ी राधारानी लागे
763,श्री कृष्ण जन्म कथा:,श्री कृष्ण जन्म कथा:
764,कालिया नाग मर्दन,कालिया नाग मर्दन
765,गोवर्धन जी कथा,गोवर्धन जी कथा
766,माखन चोरी लीला,माखन चोरी लीला
767,श्रीकृष्ण ने किया कंस का वध,श्रीकृष्ण ने किया कंस का वध
768,सुदामा चरित्र,सुदामा चरित्र
769,द्रोपदी चीर हरण एक दर्दनाक सत्य कहानी,द्रोपदी चीर हरण एक दर्दनाक सत्य कहानी
770,नरकासुर वध कथा...,नरकासुर वध कथा...
771,बीज मंत्र,बीज मंत्र
772,नवार्ण मंत्र,नवार्ण मंत्र
773,सर्वमंगल मांगल्ये शिवे सर्वार्थ साधिके। शरण्ये त्र्यम्बके गौरी नारायणि नमोऽस्तुते॥,सर्वमंगल मांगल्ये शिवे सर्वार्थ साधिके। शरण्ये त्र्यम्बके गौरी नारायणि नमोऽस्तुते॥
774,ॐ ह्रीं दुं दुर्गायै नमः,ॐ ह्रीं दुं दुर्गायै नमः
775,या देवी सर्वभूतेषु शक्ति-रूपेण संस्थिता। नमस्तस्यै नमस्तस्यै नमस्तस्यै नमो नमः॥,या देवी सर्वभूतेषु शक्ति-रूपेण संस्थिता। नमस्तस्यै नमस्तस्यै नमस्तस्यै नमो नमः॥
776,सौभाग्य प्राप्ति हेतु,सौभाग्य प्राप्ति हेतु
777,शरणागत दीनार्त परित्राण परायणे। सर्वस्यार्तिहरे देवि नारायणि नमोऽस्तुते॥,शरणागत दीनार्त परित्राण परायणे। सर्वस्यार्तिहरे देवि नारायणि नमोऽस्तुते॥
778,ॐ जयन्ती मङ्गला काली भद्रकाली कपालिनी। दुर्गा क्षमा शिवा धात्री स्वाहा स्वधा नमोऽस्तुते॥,ॐ जयन्ती मङ्गला काली भद्रकाली कपालिनी। दुर्गा क्षमा शिवा धात्री स्वाहा स्वधा नमोऽस्तुते॥
779,सृष्टिस्थितिविनाशानां शक्तिभूते सनातनि। गुणाश्रये गुणमये नारायणि नमोऽस्तुते॥,सृष्टिस्थितिविनाशानां शक्तिभूते सनातनि। गुणाश्रये गुणमये नारायणि नमोऽस्तुते॥
780,दुर्गा गायत्री,दुर्गा गायत्री
781,दुर्गा सप्तशती:,दुर्गा सप्तशती:
782,श्री अर्गला स्तोत्रम,श्री अर्गला स्तोत्रम
783,कीलक स्तोत्रम,कीलक स्तोत्रम
784,सिद्ध कुंजिका स्तोत्र:,सिद्ध कुंजिका स्तोत्र:
785,देवी अथर्वशीर्ष,देवी अथर्वशीर्ष
786,दुर्गा अष्टोत्तर शतनाम स्तोत्र (108 नाम),दुर्गा अष्टोत्तर शतनाम स्तोत्र (108 नाम)
787,महिषासुरमर्दिनी स्तोत्र,महिषासुरमर्दिनी स्तोत्र
788,देव्यपराधक्षमापन स्तोत्र,देव्यपराधक्षमापन स्तोत्र
789,दुर्गा कवच,दुर्गा कवच
790,श्री दुर्गा चालीसा,श्री दुर्गा चालीसा
791,श्री दुर्गा अष्टकम्,श्री दुर्गा अष्टकम्
792,भवानी अष्टकम,भवानी अष्टकम
793,दुर्गा क्षमा प्रार्थना:,दुर्गा क्षमा प्रार्थना:
794,देवी स्तुति:,देवी स्तुति:
795,ब्रह्माकृत देवी स्तुति,ब्रह्माकृत देवी स्तुति
796,शैलपुत्री स्तुति (नवदुर्गा की प्रथम स्तुति),शैलपुत्री स्तुति (नवदुर्गा की प्रथम स्तुति)
797,सिद्धिदात्री स्तुति,सिद्धिदात्री स्तुति
798,"जय अम्बे गौरी, मैया जय श्यामा गौरी (सबसे प्रसिद्ध)","जय अम्बे गौरी, मैया जय श्यामा गौरी (सबसे प्रसिद्ध)"
799,"अम्बे तू है जगदम्बे काली, जय दुर्गे खप्पर वाली","अम्बे तू है जगदम्बे काली, जय दुर्गे खप्पर वाली"
800,जय सरस्वती माता,जय सरस्वती माता
801,आरती विन्ध्येश्वरी माता की,आरती विन्ध्येश्वरी माता की
802,आरती शीतला माता की,आरती शीतला माता की
803,जय वैष्णव माता आरती,जय वैष्णव माता आरती
804,माता चामुंडा देवी जी की आरती,माता चामुंडा देवी जी की आरती
805,भोर भई दिन चढ़ गया मेरी अम्बे,भोर भई दिन चढ़ गया मेरी अम्बे
806,सर्वमङ्गलमाङ्गल्ये शिवे सर्वार्थसाधिके। शरण्ये त्र्यम्बके गौरि नारायणि नमोऽस्तु ते॥,सर्वमङ्गलमाङ्गल्ये शिवे सर्वार्थसाधिके। शरण्ये त्र्यम्बके गौरि नारायणि नमोऽस्तु ते॥
807,या देवी सर्वभूतेषु शक्तिरूपेण संस्थिता। नमस्तस्यै नमस्तस्यै नमस्तस्यै नमो नमः॥,या देवी सर्वभूतेषु शक्तिरूपेण संस्थिता। नमस्तस्यै नमस्तस्यै नमस्तस्यै नमो नमः॥
808,जयन्ती मङ्गला काली भद्रकाली कपालिनी। दुर्गा क्षमा शिवा धात्री स्वाहा स्वधा नमोऽस्तु ते॥,जयन्ती मङ्गला काली भद्रकाली कपालिनी। दुर्गा क्षमा शिवा धात्री स्वाहा स्वधा नमोऽस्तु ते॥
809,देहि सौभाग्यमारोग्यं देहि मे परमं सुखम्। रूपं देहि जयं देहि यशो देहि द्विषो जहि॥,देहि सौभाग्यमारोग्यं देहि मे परमं सुखम्। रूपं देहि जयं देहि यशो देहि द्विषो जहि॥
810,शरणागतदीनार्तपरित्राणपरायणे। सर्वस्यार्तिहरे देवि नारायणि नमोऽस्तु ते॥,शरणागतदीनार्तपरित्राणपरायणे। सर्वस्यार्तिहरे देवि नारायणि नमोऽस्तु ते॥
811,तूने मुझे बुलाया शेरावालिये,तूने मुझे बुलाया शेरावालिये
812,"चलो बुलावा आया है, माता ने बुलाया है","चलो बुलावा आया है, माता ने बुलाया है"
813,नंगे नंगे पांव चला आ गया री मैया,नंगे नंगे पांव चला आ गया री मैया
814,भेजा है बुलावा तूने शेरावालिये,भेजा है बुलावा तूने शेरावालिये
815,मैया का चोला है रंगला,मैया का चोला है रंगला
816,मन लेके आया माता रानी के भवन में,मन लेके आया माता रानी के भवन में
817,प्यारा सजा है तेरा द्वार भवानी,प्यारा सजा है तेरा द्वार भवानी
818,मैया तेरी जय जयकार,मैया तेरी जय जयकार
819,लली लली लाल चुनरिया,लली लली लाल चुनरिया
820,महिषासुर वध की कथा:,महिषासुर वध की कथा:
821,शुम्भ-निशुम्भ वध की कथा,शुम्भ-निशुम्भ वध की कथा
822,मधु-कैटभ वध की कथा,मधु-कैटभ वध की कथा
823,माता सती और 51 शक्तिपीठ की कथा,माता सती और 51 शक्तिपीठ की कथा
824,नवदुर्गा के 9 रूपों की कथा:,नवदुर्गा के 9 रूपों की कथा:
825,वैष्णो देवी की कथा:,वैष्णो देवी की कथा:
826,रक्तबीज वध की कथा:,रक्तबीज वध की कथा:
827,माता पार्वती का कठिन तप और शिव से विवाह,माता पार्वती का कठिन तप और शिव से विवाह
828,ओम चैंटिंग,ॐ
829,गायत्री मंत्र,ॐ भूर्भुवः स्वः तत्सवितुर्वरेण्यं भर्गो देवस्य धीमहि धियो यो नः प्रचोदयात्
830,शांति मंत्र,सह नाववतु। सह नौ भुनक्तु। सह वीर्यं करवावहै। तेजस्वि नावधीतमस्तु मा विद्विषावहै॥
831,महामृत्युंजय मंत्र,ॐ त्र्यम्बकं यजामहे सुगन्धिं पुष्टिवर्धनम्। उर्वारुकमिव बन्धनान्मृत्योर्मुक्षीय माऽमृतात्॥
832,शिव मंत्र,ॐ नमः शिवाय
833,महामंत्र,"हरे कृष्ण हरे कृष्ण, कृष्ण कृष्ण हरे हरे। हरे राम हरे राम, राम राम हरे हरे॥"
834,गणेश मंत्र,ॐ गं गणपतये नमः
835,सर्वेशम शांति,"ॐ सर्वेषां स्वस्तिर्भवतु, ॐ सर्वेषां शान्तिर्भवतु"
836,बुद्ध मंत्र,बुद्धं शरणं गच्छामि
837,लोका समस्ता,लोका: समस्ता: सुखिनो भवन्तु
838,सरस्वती मंत्र,ॐ ऐं सरस्वत्यै नमः
839,हनुमान मंत्र,"संकट कटे मिटे सब पीरा, जो सुमिरै हनुमत बलबीरा"
840,असतो मा,ॐ असतो मा सद्गमय । तमसो मा ज्योतिर्गमय । मृत्योर्मा अमृतं गमय ॥ ॐ शान्तिः शान्तिः शान्तिः ॥
841,गुरु मंत्र,गुरुर्ब्रह्मा गुरुर्विष्णुः गुरुर्देवो महेश्वरः
842,निर्वाण षटकम,चिदानन्दरूपः शिवोऽहम् शिवोऽहम्
843,महालक्ष्मी बीज मंत्र,ॐ श्रीं ह्रीं श्रीं कमले कमलालये प्रसीद प्रसीद ॐ श्रीं ह्रीं श्रीं महालक्ष्मयै नम:।
844,सो-हम मंत्र,सो-हम
845,दुर्गा मंत्र,ॐ दुं दुर्गायै नमः
846,रा मा दा सा,रा मा दा सा सा से सो हंग
847,अहं ब्रह्मास्मि,अहं ब्रह्मास्मि
848,राम मंत्र,श्री राम जय राम जय जय राम
849,कृष्ण शरणम,श्री कृष्ण शरणं मम
850,नारायण मंत्र,ॐ नमो नारायणाय
851,त्वमेव माता च पिता त्वमेव,"त्वमेव माता च पिता त्वमेव, त्वमेव बन्धुश्च सखा त्वमेव। त्वमेव विद्या द्रविणं त्वमेव, त्वमेव सर्वं मम देव देव॥"
852,अच्युतम केशवम,अच्युतम केशवम कृष्ण दामोदरम
853,गणेश बीज,ॐ गं गणपतये नमः
854,निर्वाण षटकम,मन को विचारों से मुक्त कर शून्य (Silence) की अवस्था में ले जाता है।
855,लिंगाष्टकम,"इसकी लय सांसों को स्थिर करती है, जो गहरे ध्यान के लिए उत्तम है।"
856,शिव मानस पूजा,मानसिक एकाग्रता बढ़ाता है क्योंकि इसमें मन से ही पूजा की जाती है।
857,मधुराष्टकम,मन के क्रोध और कड़वाहट को शांत कर उसे मधुरता से भर देता है।
858,नारायण स्तोत्रम,चिंता (Anxiety) और अशांति को दूर कर हृदय को सुकून देता है।
859,गुरुवाष्टकम,"वैराग्य और शांति का भाव जगाता है, जिससे बाहरी तनाव असर नहीं करता।"
860,दक्षिणमूर्ति स्तोत्रम,"यह 'मौन के देवता' का पाठ है, जो आत्म-ज्ञान और आंतरिक मौन देता है।"
861,राम अष्टकम,मन के भीतर के अनुशासन और मानसिक शक्ति को जागृत करता है।
862,बिलवाष्टकम,एकाग्रता (Focus) बढ़ाने और संकल्प को मजबूत करने के लिए प्रभावी है।
863,कृष्ण अष्टकम,मन को भक्ति के आनंद में डुबोकर नकारात्मकता से दूर ले जाता है।
864,कर दर्शन स्तुति,दिन की शुरुआत में मन को एकाग्र (Focus) करने और शांति के लिए सबसे श्रेष्ठ।
865,श्री राम स्तुति,मन के गहरे तनाव और अशांति को कोमलता से शांत करती है।
866,शिव रुद्राष्टकम स्तुति,ऊर्जा को स्थिर (Grounding) करती है और ध्यान को गहरा बनाती है।
867,नारायण स्तुति,मन में 'शांति' और 'संतुष्टि' का भाव पैदा करने के लिए।
868,शिव मानस स्तुति,यह मन के अंदर की कल्पना शक्ति को शांत और स्थिर करती है।
869,सरस्वती स्तुति,मानसिक स्पष्टता और दिमाग को ठंडा रखने के लिए प्रभावी।
870,विष्णु मंगल स्तुति,शुभ ऊर्जा का संचार करती है जिससे ध्यान भटकना बंद होता है।
871,अपराध क्षमापन स्तुति,मन के बोझ और पछतावे को शांत कर उसे हल्का बनाती है।
872,श्री कृष्ण स्तुति,हृदय में प्रेम और आनंद भरकर मन को शांत करती है।
873,दुर्गा शांति स्तुति,यह सीधे तौर पर शांति की देवी का आह्वान करती है।
874,उपनिषद शांति पाठ,ईशावास्य उपनिषद का यह मंत्र मन को संतोष (Satisfaction) देता है कि सब कुछ पूर्ण है।
875,गीता (अध्याय 2),"जब मन अपनी इच्छाओं को छोड़कर खुद में खुश रहने लगता है, तब असली शांति मिलती है।"
876,गीता (अध्याय 6),ध्यान योग: धीरे-धीरे बुद्धि के द्वारा मन को भगवान में स्थिर करें और कुछ न सोचें।
877,ईशावास्य उपनिषद,"यह श्लोक 'त्याग' के साथ जीवन जीने की कला सिखाता है, जिससे लालच और चिंता मिटती है।"
878,गीता (अध्याय 6),"योग के अभ्यास से जब चित्त शांत हो जाता है, तब मनुष्य अपनी आत्मा में ही आनंद पाता है।"
879,कठोपनिषद शांति,गुरु और शिष्य के बीच शांति और बिना किसी द्वेष (Hatred) के ध्यान करने के लिए।
880,शांति पाठ,यह पूरे ब्रह्मांड और पंचतत्वों को शांत कर मन को स्थिर करने का सबसे बड़ा श्लोक है।
881,मन नियंत्रण (गीता),"ध्यान के समय जब मन इधर-उधर भागे, तब यह श्लोक उसे वापस केंद्र पर लाने की शक्ति देता है।"
882,संतुलन श्लोक,"यह मन को सुख-दुख में एक समान (Neutral) रहना सिखाता है, जिससे गहरी शांति मिलती है।"
883,ध्यान मूलम्,"ध्यान की शुरुआत करने के लिए यह सबसे मुख्य श्लोक है, जो एकाग्रता बढ़ाता है।"
884,अध्यात्म श्लोक,यह मन को नकारात्मकता और अंधेरे से निकालकर प्रकाश की ओर ले जाता है।
885,दुर्गा बीज मंत्र,"यह ""दुर्गा कवच"" की तरह काम करता है और नकारात्मक ऊर्जा को पास नहीं आने देता।"
886,हनुमान बीज मंत्र,तत्काल डर दूर करने और भारी संकट से सुरक्षा के लिए।
887,काली मंत्र,शत्रुओं के प्रभाव को खत्म करने और मानसिक कमजोरी मिटाने के लिए।
888,नृसिंह गायत्री,हर तरफ से सुरक्षा (360-degree protection) प्रदान करने वाला महामंत्र।
889,हनुमान स्तुति मंत्र,मानसिक शक्ति और इंद्रियों पर नियंत्रण पाने के लिए।
890,दुर्गा दुःस्वप्न निवारण,बुरे सपनों और रात के अनजाने डर से सुरक्षा के लिए।
891,नृसिंह बीज मंत्र,किसी भी प्रकार की तंत्र बाधा या बुरी नजर को खत्म करने के लिए।
892,राम रक्षा कवच मंत्र,हर प्रकार की आपदा (Disaster) से बचने का अचूक मंत्र।
893,महामृत्युंजय मंत्र,शारीरिक रोगों और अकाल मृत्यु के भय से सुरक्षा के लिए।
894,सुदर्शन मंत्र,यह सुदर्शन चक्र की शक्ति से आपके चारों ओर सुरक्षा घेरा बनाता है।
895,कार्तिकेय मंत्र,कोर्ट-कचहरी और विवादों में विजय व शक्ति पाने के लिए।
896,बगलामुखी बीज मंत्र,वाद-विवाद में वाणी को शक्तिशाली बनाने और जीत हासिल करने के लिए।
897,गरुड़ शक्ति मंत्र,जहरीले कीड़ों और संक्रमण (Infections) से बचाव के लिए।
898,सर्व सुरक्षा मंत्र,शिव का यह मंत्र ब्रह्मांड की सबसे बड़ी शक्ति और सुरक्षा देता है।
899,हनुमान चालीसा,हनुमान जी
900,दुर्गा चालीसा,माँ दुर्गा
901,शिव चालीसा,भगवान शिव
902,काली चालीसा,माँ महाकाली
903,भैरव चालीसा,भगवान कालभैरव
904,नृसिंह चालीसा,भगवान नृसिंह
905,शनि चालीसा,शनि देव
906,राम चालीसा,भगवान श्री राम
907,विंध्येश्वरी चालीसा,माँ विंध्येश्वरी
908,कार्तिकेय चालीसा,भगवान कार्तिकेय
909,बगलामुखी चालीसा,माँ बगलामुखी
910,बगलामुखी चालीसा,माँ गायत्री
911,गणेश चालीसा,भगवान गणेश
912,सरस्वती चालीसा,माँ सरस्वती
913,लक्ष्मी चालीसा,माँ लक्ष्मी
914,सरस्वती बीज मंत्र,याददाश्त बढ़ाने और ज्ञान की प्राप्ति के लिए सबसे शक्तिशाली बीज मंत्र।
915,गायत्री मंत्र,बुद्धि को शुद्ध करने और सही निर्णय लेने की शक्ति देने वाला महामंत्र।
916,विद्या प्राप्ति मंत्र,पढ़ाई शुरू करने से पहले एकाग्रता (Focus) बढ़ाने के लिए सबसे प्रसिद्ध मंत्र।
917,गणेश विद्या मंत्र,शिक्षा के मार्ग में आने वाली रुकावटों (Obstacles) को दूर करने के लिए।
918,गुरु मंत्र,गुरु की कृपा प्राप्त करने और सही मार्गदर्शन (Guidance) पाने के लिए।
919,हनुमान बुद्धि मंत्र,बुद्धि और बल दोनों के विकास के लिए प्रसिद्ध दोहा/मंत्र।
920,बुध ग्रह मंत्र,तार्किक शक्ति (Logic) और गणितीय बुद्धि को तेज करने के लिए।
921,नवग्रह सरस्वती,सभी दिशाओं से ज्ञान और सफलता प्राप्त करने के लिए।
922,प्रज्ञा वर्धन मंत्र,स्मरण शक्ति (Memory) को असाधारण रूप से तेज़ करने के लिए।
923,सूर्य प्रज्ञा मंत्र,"मानसिक स्पष्टता, ओज और बुद्धि के प्रकाश के लिए।"
924,अगस्त्य रचित सरस्वती स्तोत्र,स्मरण शक्ति बढ़ाने और बुद्धि को कुशाग्र करने हेतु।
925,हयग्रीव स्तोत्र,वेदों के ज्ञान और कठिन विषयों में निपुणता हेतु।
926,शारदा भुजंग प्रयात स्तोत्र,वाणी की मधुरता और साहित्य ज्ञान के लिए।
927,नील सरस्वती स्तोत्र,तर्क शक्ति (Logic) और रचनात्मक लेखन के लिए।
928,विद्या लक्ष्मी स्तोत्र,शिक्षा के माध्यम से करियर में सफलता पाने हेतु।
929,दक्षिणमूर्ति स्तोत्र,"दर्शन, अध्यात्म और आत्मज्ञान की प्राप्ति के लिए।"
930,बृहस्पति स्तोत्र,बुद्धि के विस्तार और उच्च पद की प्राप्ति के लिए।
931,बुध स्तोत्र,गणित और गणनात्मक विषयों में तेजी लाने के लिए।
932,सरस्वती द्वादश नाम स्तोत्र,12 पवित्र नामों के जाप से एकाग्रता बढ़ाने हेतु।
933,मेधा सूक्त स्तोत्र,मेधा (IQ) और समझने की शक्ति को जागृत करने हेतु।
934,गणेश पंचरत्न स्तोत्र,विद्यारंभ और शिक्षा की बाधाएं दूर करने के लिए।
935,सरस्वती वंदना (या कुन्देन्दु..),पढ़ाई शुरू करने से पहले एकाग्रता और शांति के लिए।
936,गणेश स्तुति (गजाननं भूत..),किसी भी नई चीज़ को सीखने की बाधा दूर करने हेतु।
937,गुरु वंदना (गुरुर्ब्रह्मा..),गुरु का आशीर्वाद और सही मार्गदर्शन प्राप्त करने हेतु।
938,शिव मानस स्तुति,मानसिक स्पष्टता और गहरे आत्मज्ञान के लिए।
939,हनुमान बुद्धि स्तुति,"""बुद्धिहीन तनु जानिके.."" बुद्धि और बल के विकास हेतु।"
940,ब्रह्मा स्तुति,सृजनात्मक विचारों और नए आविष्कारों की शक्ति हेतु।
941,विष्णु स्तुति (शान्ताकारं..),मन को शांत रखकर कठिन पढ़ाई में ध्यान लगाने हेतु।
942,राम स्तुति (श्री रामचन्द्र..),"मर्यादा, धैर्य और मानसिक संतुलन की शिक्षा के लिए।"
943,गायत्री स्तुति,बुद्धि को शुद्ध करने और सकारात्मक विचार लाने हेतु।
944,कृष्ण स्तुति (कस्तूरी तिलकम..),चंचल मन को वश में करके एकाग्रता बढ़ाने हेतु।
945,बृहस्पति स्तुति,ज्ञान के विस्तार और गंभीर विषयों की समझ के लिए।
946,गुरु श्लोक,गुरु ही ज्ञान का मार्ग दिखाते हैं और ब्रह्मांड की सर्वोच्च शक्ति हैं।
947,विद्या श्लोक,विद्या से विनय (नम्रता) आती है और विनय से ही योग्यता प्राप्त होती है।
948,चाणक्य नीति,किताबों में रखा ज्ञान और दूसरों के पास गया धन समय पर काम नहीं आता।
949,भगवद गीता,इस संसार में ज्ञान के समान पवित्र करने वाली और कोई वस्तु नहीं है।
950,सुभाषित,"राजा केवल अपने देश में सम्मान पाता है, लेकिन विद्वान पूरी दुनिया में पूजा जाता है।"
951,वैदिक विद्या,मुझे असत्य से सत्य की ओर और अज्ञान के अंधेरे से ज्ञान के प्रकाश की ओर ले चलें।
952,सरस्वती श्लोक,"हे माँ सरस्वती, मैं विद्या आरम्भ करने जा रहा हूँ, मुझे सफलता प्रदान करें।"
953,चाणक्य नीति 2,विद्या कामधेनु गाय के समान है जो हर कठिन समय में शुभ फल देती है।
954,सुभाषित 2,"कार्य मेहनत से पूरे होते हैं, केवल इच्छा करने या सोचने से नहीं।"
955,गीता श्लोक 2,"अपने ज्ञान को कर्म में लगाओ, फल की चिंता में अपनी एकाग्रता मत खोओ।"
956,वैदिक मंत्र,"हम सब साथ मिलकर चलें, साथ मिलकर बोलें और ज्ञान को गहराई से समझें।"
957,महालक्ष्मी बीज मंत्र,धन प्राप्ति और दरिद्रता दूर करने के लिए सबसे शक्तिशाली मंत्र।
958,कुबेर मंत्र,धन के राजा कुबेर का मंत्र जो तिजोरी को हमेशा भरा रखता है।
959,महालक्ष्मी मूल मंत्र,"जीवन में सुख, शांति और व्यापार में वृद्धि के लिए।"
960,लक्ष्मी मंत्र,धन आने के मार्ग में आने वाली बाधाओं (Obstacles) को दूर करने हेतु।
961,ऋण मोचन मंत्र,पुराने कर्जों (Debts) से मुक्ति पाने के लिए विशेष शिव मंत्र।
962,कनकधारा बीज मंत्र,अचानक धन लाभ और समृद्धि के द्वार खोलने के लिए।
963,विष्णु लक्ष्मी मंत्र,घर में बरकत और परिवार में सुख-समृद्धि बनाए रखने के लिए।
964,महालक्ष्मी गायत्री,जीवन में सकारात्मकता और धन के निरंतर प्रवाह के लिए।
965,व्यापार वृद्धि मंत्र,दुकान या कारोबार में ग्राहकों और धन की वृद्धि हेतु।
966,धन प्रदा मंत्र,भौतिक सुख-सुविधाओं और विलासिता (Luxury) की प्राप्ति के लिए।
967,कनकधारा स्तोत्र,दरिद्रता मिटाने और अचानक धन लाभ के लिए सबसे प्रभावशाली।
968,श्री सूक्तम,"जीवन में स्थायी धन, ऐश्वर्य और वैभव लाने के लिए।"
969,महालक्ष्मी अष्टकम,हर तरह की सुख-सुविधा और अष्ट-सिद्धि प्राप्ति के लिए।
970,ऋण मोचन मंगल स्तोत्र,पुराने कर्जों (Loans) से मुक्ति और आर्थिक बोझ कम करने हेतु।
971,अष्टलक्ष्मी स्तोत्र,जीवन के 8 अलग-अलग क्षेत्रों में समृद्धि पाने के लिए।
972,लक्ष्मी हृदय स्तोत्र,व्यापार में बड़ी कामयाबी और अटके हुए धन की प्राप्ति हेतु।
973,गणेश संकटनाशन स्तोत्र,धन आने के मार्ग की हर रुकावट को दूर करने के लिए।
974,अन्नपूर्णा स्तोत्र,घर में कभी भी अन्न और धन की कमी न होने देने के लिए।
975,इन्द्राक्षी स्तोत्र,"राजसी सुख, सम्मान और बड़े ऐश्वर्य की प्राप्ति के लिए।"
976,नारायण सूक्तम,परिवार में बरकत और लक्ष्मी-नारायण की संयुक्त कृपा हेतु।
977,शुभ-लाभ स्तोत्र,घर और दुकान में शुभ लाभ और बरकत बनाए रखने हेतु।
978,लक्ष्मी चालीसा,सुख समृद्धि और स्थायी धन के लिए
979,कुबेर चालीसा,धन के भंडार और आय बढ़ाने के लिए
980,गणेश चालीसा,व्यापार में लाभ और बाधाएं दूर करने हेतु
981,सरस्वती चालीसा,बुद्धि से धन कमाने की शक्ति हेतु
982,महालक्ष्मी चालीसा,विलासिता और लग्जरी जीवन की प्राप्ति हेतु
983,लक्ष्मी जी की आरती,घर में स्थायी सुख और धन वृद्धि के लिए
984,कुबेर जी की आरती,धन के खजाने और आय बढ़ाने के लिए
985,माँ अन्नपूर्णा आरती,अन्न और धन की बरकत बनाए रखने हेतु
986,माँ वैभव लक्ष्मी आरती,विलासिता और सुख-सुविधाओं की प्राप्ति हेतु
987,नमो नमस्तेऽस्तु महामाये श्रीपीठे सुरपूजिते,"हे महामाया, आपको नमस्कार है, आप धन और ऐश्वर्य की देवी हैं"
988,धनं धान्यं पशुं बहुपुत्रलाभं शतसंवत्सरं दीर्घमायुः,"धन, धान्य और सुख-समृद्धि के साथ लंबी आयु प्राप्त हो"
989,यत्र योगेश्वरः कृष्णो यत्र पार्थो धनुर्धरः,"जहाँ ज्ञान और कर्म साथ हैं, वहाँ विजय और वैभव निश्चित है"
990,उद्यमेन हि सिध्यन्ति कार्याणि न मनोरथैः,मेहनत से ही कार्य सिद्ध होते हैं और धन की प्राप्ति होती है
991,यक्षाय कुबेराय वैश्रवणाय धनधान्याधिपतये,धन के स्वामी कुबेर देव हमें समृद्धि और वैभव प्रदान करें
992,कर्मण्येवाधिकारस्ते मा फलेषु कदाचन,"निष्काम कर्म ही श्रेष्ठ है, जिससे स्थायी समृद्धि प्राप्त होती है"
993,सर्वमङ्गलमाङ्गल्ये शिवे सर्वार्थसाधिके,आप सभी मंगल करने वाली और कार्यों को सिद्ध करने वाली हैं
994,आपदामपहर्तारं दातारं सर्वसंपदाम्,सभी विपत्तियों को हरने वाले और सभी संपत्तियां देने वाले
995,क्लीं बीज मंत्र,प्रेम आकर्षण और रिश्तों में खिंचाव बढ़ाने के लिए।
996,कामदेव गायत्री,दांपत्य जीवन में रोमांस और आकर्षण बढ़ाने के लिए।
997,कात्यायनी मंत्र,मनचाहा पति पाने और प्रेम विवाह की बाधाएं दूर करने हेतु।
998,पत्नी प्राप्ति मंत्र,सुंदर और योग्य पत्नी की प्राप्ति के लिए।
999,गौरी-शंकर मंत्र,वैवाहिक सुख और प्रेम संबंधों को मजबूत करने के लिए।
1000,विष्णु-लक्ष्मी मंत्र,"घर में शांति, प्रेम और सुख-समृद्धि बनाए रखने के लिए।"
1001,शिव शक्ति मंत्र,पति-पत्नी के बीच झगड़े खत्म कर एकता लाने के लिए।
1002,रुद्र मंत्र,मन को शांत रखने और रिश्तों में स्थिरता के लिए।
1003,अर्धनारीश्वर मंत्र,रिश्तों में संतुलन और आपसी समझ बढ़ाने के लिए।
1004,माँ सरस्वती मंत्र,रिश्तों में संवाद (Communication) सुधारने और मधुर वाणी के लिए।
1005,राधा कृपा कटाक्ष,प्रेम संबंधों में दैवीय कृपा के लिए
1006,मधुराष्टकम,रिश्तों में कड़वाहट दूर कर मिठास के लिए
1007,कामदेव स्तोत्र,आकर्षण शक्ति और प्रेम बढ़ाने के लिए
1008,अर्धनारीश्वर स्तोत्र,पति-पत्नी में आपसी समझ और समानता
1009,जानकी स्तोत्र,रिश्तों में वफादारी और समर्पण के लिए
1010,पार्वती स्तोत्र,वैवाहिक क्लेश और तनाव दूर करने के लिए
1011,लक्ष्मी नारायण स्तोत्र,घर में सुख-शांति और प्रेम की स्थिरता
1012,कृष्ण अष्टकम,जीवन में आनंद और खुशहाल संबंधों के लिए
1013,उमा महेश्वर स्तोत्र,अटूट प्रेम बंधन और एकता के लिए
1014,अन्नपूर्णा स्तोत्र,परिवार में प्रेम और भरपूर बरकत के लिए
1015,पार्वती स्तुति,प्रेम विवाह में सफलता
1016,राधा स्तुति,सच्चे प्रेम की प्राप्ति
1017,सीता स्तुति,रिश्तों में मर्यादा और प्रेम
1018,कृष्ण स्तुति,आकर्षण और प्रेम हेतु
1019,लक्ष्मी स्तुति,सुखी दांपत्य जीवन
1020,गोपाल स्तुति,रिश्तों में मधुरता
1021,दुर्गा स्तुति,बुरी नज़र से सुरक्षा
1022,नारायण स्तुति,रिश्तों में स्थिरता
1023,सरस्वती स्तुति,बातचीत में मिठास
1024,हनुमान स्तुति,बाधाएं दूर करने हेतु
1025,गणेश स्तुति,नए रिश्ते की शुभ शुरुआत
1026,राधे राधे बरसाने वाली,प्रेम भाव जगाने हेतु
1027,अच्युतम केशवम,समर्पण और प्रेम हेतु
1028,श्यामा आन बसो,अकेलेपन को दूर करना
1029,मीठे रस से भरयो री,रिश्तों में मधुरता हेतु
1030,यशोमती मैया से बोले,निश्छल प्रेम के लिए
1031,सीताराम चरित पावन,आदर्श पारिवारिक जीवन
1032,कन्हैया ले चल पार,संकट में साथी का साथ
1033,श्याम तेरी बंसी,आकर्षण बढ़ाने हेतु
1034,हमें राधा रानी तेरे नाम का सहारा,भावनात्मक मजबूती हेतु
1035,ऐसी लागी लगन,पूर्ण समर्पण के लिए
1036,हरि बिन कोई न तेरा,प्रेम में सच्चाई हेतु
1037,राधा-कृष्ण प्रेम कथा,राधा-कृष्ण प्रेम कथा
1038,शिव-पार्वती विवाह,शिव-पार्वती विवाह
1039,राम-सीता वनवास कथा,राम-सीता वनवास कथा
1040,रुक्मिणी हरण कथा,रुक्मिणी हरण कथा
1041,नल-दमयंती कथा,नल-दमयंती कथा
1042,कामदेव-रति कथा,कामदेव-रति कथा
1043,सत्यभामा-कृष्ण कथा,सत्यभामा-कृष्ण कथा
1044,उषा-अनिरुद्ध कथा,उषा-अनिरुद्ध कथा
1045,सुभद्रा-अर्जुन विवाह,सुभद्रा-अर्जुन विवाह
1046,तुलसी-शालिग्राम,तुलसी-शालिग्राम
1047,हनुमान-राम भक्ति,हनुमान-राम भक्ति
1048,गायत्री मंत्र,मानसिक शांति और खुशी हेतु
1049,महामृत्युंजय,डर दूर करने और आनंद हेतु
1050,हरे कृष्ण महामंत्र,परम आनंद और शुद्ध भक्ति
1051,गणेश मंत्र,तनाव मुक्ति और सुख हेतु
1052,शांति मंत्र,मन की शांति और सुकून हेतु
1053,शिव पंचाक्षर,आत्मिक खुशी और भक्ति हेतु
1054,लक्ष्मी मंत्र,समृद्धि और संतुष्टि हेतु
1055,हनुमान मंत्र,साहस और मन का उत्साह
1056,कृष्ण शरणम,ईश्वर के प्रति पूर्ण समर्पण
1057,नारायण मंत्र,हृदय में भक्ति जगाने हेतु
1058,बुद्ध मंत्र,आंतरिक शांति और ज्ञान
1059,श्री राम स्तुति,परम शांति और दुखों का नाश
1060,शिव स्तुति,भक्ति और आत्मिक शक्ति हेतु
1061,गणेश स्तुति,सुख-समृद्धि और मंगल हेतु
1062,नारायण स्तुति,मन की स्थिरता और सुकून हेतु
1063,सरस्वती स्तुति,बुद्धि और मन की स्पष्टता
1064,हनुमान स्तुति,साहस और भय से मुक्ति हेतु
1065,दुर्गा स्तुति,सुरक्षा और मानसिक प्रसन्नता
1066,कात्यायनी स्तुति,संकल्प और मनोकामना पूर्ति
1067,कृष्ण स्तुति,कृष्ण प्रेम और आनंद हेतु
1068,अच्युतम केशवम,अच्युतम केशवम
1069,राधे राधे बरसाने वाली,राधे राधे बरसाने वाली
1070,ऐसी लागी लगन,ऐसी लागी लगन
1071,श्री रामचंद्र कृपालु,श्री रामचंद्र कृपालु
1072,किशोरी कुछ ऐसा इंतजाम,किशोरी कुछ ऐसा इंतजाम
1073,यशोमती मैया से बोले,यशोमती मैया से बोले
1074,राम नाम के हीरे मोती,राम नाम के हीरे मोती
1075,श्यामा आन बसो,श्यामा आन बसो
1076,मीठे रस से भरयो री,मीठे रस से भरयो री
1077,भर दे रे श्याम झोली,भर दे रे श्याम झोली
1078,ओ पालनहारे,ओ पालनहारे
1079,मेरा आपकी कृपा से,मेरा आपकी कृपा से
1080,छोटी छोटी गईया,छोटी छोटी गईया
1081,शांति श्लोक,सबकी खुशी और कल्याण हेतु
1082,समर्पण श्लोक,ईश्वर के प्रति अटूट प्रेम
1083,गणेश श्लोक,बाधा दूर कर सुख पाने हेतु
1084,शिव श्लोक,दिव्य शांति और भक्ति हेतु
1085,गुरु श्लोक,श्रद्धा और मार्गदर्शन हेतु
1086,सरस्वती श्लोक,ज्ञान और मन की प्रसन्नता
1087,प्रभात श्लोक,दिन की खुशहाल शुरुआत
1088,मंगल श्लोक,हर काम में शुभ और मंगल
1089,भक्ति श्लोक,ईश्वर पर पूर्ण विश्वास हेतु
1090,हनुमान श्लोक,मन की शक्ति और शांति
1091,महामृत्युंजय मंत्र,गंभीर रोगों से मुक्ति और जीवन रक्षा
1092,सूर्य आरोग्य मंत्र,"ऊर्जा, त्वचा रोग और आंखों की रोशनी"
1093,प्राण मुद्रा मंत्र,शरीर में जीवनी शक्ति बढ़ाने हेतु
1094,रोग नाशक मंत्र,मानसिक और शारीरिक व्याधि दूर करने हेतु
1095,हनुमान स्वास्थ्य मंत्र,शारीरिक कष्ट और दर्द से मुक्ति
1096,अश्विनी कुमार मंत्र,शीघ्र स्वस्थ होने और हीलिंग हेतु
1097,दुर्गा आरोग्य मंत्र,सौभाग्य और उत्तम स्वास्थ्य की प्राप्ति
1098,शिव आरोग्य मंत्र,अकाल मृत्यु के भय और रोगों का नाश
1099,गायत्री मंत्र,मानसिक स्वास्थ्य और बुद्धि की शुद्धि
1100,नारायण कवच अंश,शरीर की सुरक्षा और हीलिंग हेतु
1101,आदित्य हृदय स्तोत्र,आदित्य हृदय स्तोत्र
1102,वैद्यनाथ स्तोत्र,वैद्यनाथ स्तोत्र
1103,धन्वंतरि स्तोत्र,धन्वंतरि स्तोत्र
1104,राम रक्षा स्तोत्र,राम रक्षा स्तोत्र
1105,संकट नाशन गणेश स्तोत्र,संकट नाशन गणेश स्तोत्र
1106,मृत्युंजय स्तोत्र,मृत्युंजय स्तोत्र
1107,दुर्गा आपदुद्धारक स्तोत्र,दुर्गा आपदुद्धारक स्तोत्र
1108,हनुमान बाहुक,हनुमान बाहुक
1109,सूर्य मंडल स्तोत्र,सूर्य मंडल स्तोत्र
1110,नारायण कवच,नारायण कवच
1111,शिव आरोग्य स्तुति,रोगों से मुक्ति और आयु वृद्धि
1112,हनुमान स्तुति,शारीरिक शक्ति और दर्द निवारण
1113,सूर्य स्तुति,आंखों की रोशनी और तेज हेतु
1114,दुर्गा स्तुति,नकारात्मक ऊर्जा से स्वास्थ्य रक्षा
1115,राम स्तुति,मानसिक शांति और हीलिंग हेतु
1116,गणेश स्तुति,बाधाओं को दूर कर सुख पाना
1117,नारायण स्तुति,मन की शांति और हीलिंग
1118,विष्णु स्तुति,पूरे शरीर की शुद्धि हेतु
1119,लक्ष्मी आरोग्य स्तुति,शारीरिक और मानसिक संतोष
1120,सरस्वती स्तुति,मानसिक स्पष्टता और हीलिंग
1121,हे दुख भंजन मारुति नंदन,हे दुख भंजन मारुति नंदन
1122,नाम है तेरा तारणहारा,नाम है तेरा तारणहारा
1123,कितना प्यारा है श्रृंगार,कितना प्यारा है श्रृंगार
1124,मेरा आपकी कृपा से,मेरा आपकी कृपा से
1125,अच्युतम केशवम,अच्युतम केशवम
1126,ओ पालनहारे,ओ पालनहारे
1127,राम नाम के हीरे मोती,राम नाम के हीरे मोती
1128,इतनी शक्ति हमें देना दाता,इतनी शक्ति हमें देना दाता
1129,शिव शंकर को जिसने पूजा,शिव शंकर को जिसने पूजा
1130,श्री रामचंद्र कृपालु,श्री रामचंद्र कृपालु
1131,आरोग्य श्लोक,उत्तम स्वास्थ्य और रोगों से मुक्ति हेतु
1132,धन्वंतरि श्लोक,औषधीय शक्ति और हीलिंग हेतु
1133,महामृत्युंजय,अकाल मृत्यु से रक्षा और आरोग्य
1134,हनुमान स्वास्थ्य,हर प्रकार के शारीरिक दर्द और बीमारी का नाश
1135,शांति श्लोक,सबको रोगमुक्त और सुखी रखने हेतु
1136,अश्विनी कुमार,दिव्य चिकित्सकों (अश्विनी कुमार) का आह्वान
1137,रोग निवारण,जटिल और पुराने रोगों के निवारण हेतु
1138,विष्णु हीलिंग,भगवान के नाम से रोगों का इलाज
1139,प्राण श्लोक,शरीर में प्राण ऊर्जा बढ़ाने हेतु
1140,भोजन आरोग्य,शरीर को धर्म का पहला साधन मानकर रक्षा
1141,गणेश मंत्र,कार्य में बाधा दूर करने हेतु
1142,महालक्ष्मी मंत्र,धन और करियर में समृद्धि हेतु
1143,गायत्री मंत्र,निर्णय शक्ति और बुद्धि बढ़ाने हेतु
1144,सरस्वती मंत्र,इंटरव्यू और परीक्षा में सफलता हेतु
1145,हनुमान मंत्र,आत्मविश्वास और जीत हासिल करने हेतु
1146,सूर्य मंत्र,सरकारी नौकरी और पद-प्रतिष्ठा हेतु
1147,विष्णु मंत्र,करियर में स्थिरता और तरक्की हेतु
1148,कार्तिकेय मंत्र,शत्रुओं पर विजय और प्रतियोगिता हेतु
1149,दुर्गा मंत्र,हर क्षेत्र में सफलता और सुरक्षा हेतु
1150,कुबेर मंत्र,व्यापार और धन वृद्धि हेतु
1151,आदित्य हृदय स्तोत्र,आदित्य हृदय स्तोत्र
1152,संकट नाशन गणेश स्तोत्र,संकट नाशन गणेश स्तोत्र
1153,महालक्ष्मी अष्टकम,महालक्ष्मी अष्टकम
1154,राम रक्षा स्तोत्र,राम रक्षा स्तोत्र
1155,श्री सूक्तम,श्री सूक्तम
1156,बजरंग बाण,बजरंग बाण
1157,सरस्वती स्तोत्र,सरस्वती स्तोत्र
1158,नारायण कवच,नारायण कवच
1159,शिव पंचाक्षर स्तोत्र,शिव पंचाक्षर स्तोत्र
1160,हनुमान अष्टक,हनुमान अष्टक
1161,गणेश स्तुति,कार्य की शुरुआत में सफलता हेतु
1162,श्री राम स्तुति,मान-सम्मान और विजय की प्राप्ति
1163,हनुमान स्तुति,साहस और कठिन लक्ष्यों की प्राप्ति
1164,सरस्वती स्तुति,"बुद्धि, इंटरव्यू और ज्ञान में उन्नति"
1165,महालक्ष्मी स्तुति,व्यापार में लाभ और करियर ग्रोथ
1166,आदित्य स्तुति,सरकारी नौकरी और पद-प्रतिष्ठा
1167,शिव स्तुति,स्थिरता और मानसिक शक्ति हेतु
1168,नारायण स्तुति,प्रोफेशनल लाइफ में शांति और सुख
1169,दुर्गा स्तुति,रुकावटों का नाश और जीत हेतु
1170,विष्णु स्तुति,करियर में तरक्की और समृद्धि
1171,श्री हनुमान चालीसा,श्री हनुमान चालीसा
1172,श्री गणेश चालीसा,श्री गणेश चालीसा
1173,श्री लक्ष्मी चालीसा,श्री लक्ष्मी चालीसा
1174,श्री दुर्गा चालीसा,श्री दुर्गा चालीसा
1175,श्री सरस्वती चालीसा,श्री सरस्वती चालीसा
1176,इतनी शक्ति हमें देना दाता,कार्यक्षेत्र में आत्मबल बढ़ाने हेतु
1177,राम नाम के हीरे मोती,मेहनत का फल और मानसिक शांति हेतु
1178,ऐसी लागी लगन,अपने काम (Passion) में डूब जाने हेतु
1179,ओ पालनहारे,मुश्किल प्रोजेक्ट्स में ईश्वर का साथ
1180,मेरा आपकी कृपा से,सफलता का श्रेय और अहंकार से मुक्ति
1181,हमको मन की शक्ति देना,सही निर्णय लेने की क्षमता हेतु
1182,जग में सुंदर हैं दो नाम,दिन की शुरुआत जोश के साथ करने हेतु
1183,अच्युतम केशवम,तनाव कम कर फोकस बढ़ाने हेतु
1184,प्रभु जी तुम चंदन हम पानी,टीम वर्क और अच्छे व्यवहार हेतु
1185,जय हनुमान ज्ञान गुन सागर,इंटरव्यू और मीटिंग में निडर रहने हेतु
1186,कर्म श्लोक,करियर में बिना तनाव मेहनत और सफलता हेतु
1187,विजय श्लोक,हर कार्य और प्रतियोगिता में निश्चित विजय हेतु
1188,गणेश श्लोक,व्यापार या नए काम की बाधाएं दूर करने हेतु
1189,बुद्धि श्लोक,करियर में सही निर्णय और तीव्र बुद्धि हेतु
1190,विद्या श्लोक,"इंटरव्यू, परीक्षा और नई स्किल में सिद्धि हेतु"
1191,संकल्प श्लोक,आलस्य दूर कर मेहनत से लक्ष्य पाने हेतु
1192,शांति-विजय,काम के दबाव में भी मानसिक पूर्णता हेतु
1193,गुरु कृपा,करियर में सही गाइडेंस और मेंटर पाने हेतु
1194,गणेश गायत्री,कार्यों में सफलता और बुद्धि के लिए।
1195,लक्ष्मी बीज मंत्र,अपार धन और समृद्धि की प्राप्ति।
1196,कुबेर मंत्र,धन संचय और व्यापार में वृद्धि।
1197,श्री सूक्तम,घर में माँ लक्ष्मी का स्थायी वास।
1198,वक्रतुण्ड महाकाय,सभी विघ्न-बाधाओं को दूर करने हेतु।
1199,लक्ष्मी गायत्री,सौभाग्य और ऐश्वर्य की प्राप्ति।
1200,सरस्वती मंत्र,"ज्ञान, एकाग्रता और कला में निपुणता।"
1201,गणेश मूल मंत्र,किसी भी नए कार्य के निर्बाध आरम्भ के लिए।
1202,महालक्ष्मी अष्टकम,अष्ट-लक्ष्मी की पूर्ण कृपा पाने के लिए।
1203,विष्णु वंदना,"जीवन में सुख, शांति और मोक्ष के लिए।"
1204,गायत्री मंत्र,आध्यात्मिक जागृति और शुद्ध बुद्धि के लिए।
1205,ओम जय लक्ष्मी माता,"धन, सुख और समृद्धि की प्राप्ति के लिए सबसे मुख्य आरती।"
1206,जय गणेश देवा,किसी भी पूजा की शुरुआत में विघ्न दूर करने के लिए।
1207,ओम जय जगदीश हरे,"घर में शांति, भक्ति और प्रसन्नता के लिए सार्वभौमिक आरती।"
1208,श्री कुबेर आरती,धन के देवता को प्रसन्न करने और तिजोरी भरी रखने के लिए।
1209,महालक्ष्मी अष्टकम,यह माँ लक्ष्मी की सबसे शक्तिशाली स्तुति मानी जाती है।
1210,श्री सूक्तम,वेदों से ली गई माँ लक्ष्मी की सबसे पुरानी और शुद्ध स्तुति।
1211,श्री राम चंद्र कृपालु भजु मन,भगवान राम के अयोध्या आगमन की खुशी में गाई जाने वाली स्तुति।
1212,मैया लक्ष्मी जी की अमृतवाणी,माँ लक्ष्मी की पूरी महिमा और कथा का वर्णन।
1213,जय गणेश जय गणेश देवा,सुख-कर्ता और दुख-हर्ता गणेश जी का सबसे लोकप्रिय भजन।
1214,लक्ष्मी चालीसा,माँ लक्ष्मी को प्रसन्न करने के लिए सरल और सुंदर पाठ।
1215,श्री राम स्तुति,दिवाली के दिन प्रभु राम की महिमा गाने के लिए श्रेष्ठ।
1216,अच्युतम केशवम कृष्ण दामोदरम,विष्णु जी की शांत और मधुर स्तुति।
1217,ठुमक चलत रामचंद्र,राम जी के बाल रूप का सुंदर वर्णन।
1218,महालक्ष्मी कवच,घर और परिवार की सुरक्षा और बरकत के लिए।
1219,विष्णु सहस्रनाम,विष्णु जी के 1000 नाम जो महालक्ष्मी को प्रिय हैं।
1220,मूल मंत्र,मोक्ष प्राप्ति और मन की शांति के लिए।
1221,महामंत्र,कलियुग के पापों से मुक्ति और परम आनंद।
1222,कृष्ण गायत्री,"ज्ञान, बुद्धि और एकाग्रता बढ़ाने के लिए।"
1223,संतान गोपाल मंत्र,योग्य संतान की प्राप्ति के लिए अचूक मंत्र।
1224,कृष्ण बीज मंत्र,आकर्षण शक्ति और अटके हुए काम बनाने के लिए।
1225,क्लेश नाशक मंत्र,जीवन के सभी दुखों और संकटों को दूर करने हेतु।
1226,शरण मंत्र,भय दूर करने और भगवान की सुरक्षा पाने के लिए।
1227,गोविंद मंत्र,"धन, ऐश्वर्य और सुख-सुविधाओं की प्राप्ति।"
1228,मधुराष्टकम,कृष्ण प्रेम में डूबने और भक्ति बढ़ाने के लिए।
1229,अच्युतम केशवम,सुबह-शाम भगवान का ध्यान और स्मरण करने हेतु।
1230,आरती कुंज बिहारी की,यह कृष्ण जी की सबसे प्रसिद्ध और प्रिय आरती है।
1231,जय गणेश देवा,किसी भी पूजा की शुरुआत में सबसे पहले गणेश जी की आरती।
1232,बांके बिहारी की आरती,मथुरा और वृंदावन के बांके बिहारी मंदिर की मुख्य आरती।
1233,ओम जय जगदीश हरे,"कृष्ण जी विष्णु के अवतार हैं, इसलिए यह आरती जरूर होती है।"
1234,मधुराष्टकम (अधरं मधुरं),कृष्ण जी की सुंदरता का सबसे सुंदर वर्णन।
1235,अच्युतम केशवम कृष्ण दामोदरम,बहुत ही शांत और मधुर नाम संकीर्तन।
1236,यशोमती मैया से बोले नंदलाला,कान्हा के बाल रूप और उनकी बातों का वर्णन।
1237,गोविन्द बोलो हरि गोपाल बोलो,सामूहिक रूप से गाने के लिए सबसे सरल कीर्तन।
1238,नंद के आनंद भयो जय कन्हैया लाल की,जन्म के बाद खुशी मनाने के लिए सबसे खास गाना।
1239,छोटी छोटी गईया छोटे छोटे ग्वाल,बच्चों और बड़ों दोनों का पसंदीदा भजन।
1240,मेरे बांके बिहारी लाल,बांके बिहारी जी के प्रति प्रेम व्यक्त करने के लिए।
1241,श्याम तेरी बंसी पुकारे राधा नाम,भगवान के प्रेम और बांसुरी की महिमा।
1242,श्री कृष्ण गोविन्द हरे मुरारी,संकटों को दूर करने वाला सुरीला भजन।
1243,ऐसी लागी लगन मीरा हो गई मगन,भक्ति की पराकाष्ठा को दर्शाने वाला भजन।



English

Track Number,Title (English),Description (English)
1,Panchakshari Mantra,Panchakshari Mantra
2,Mahamrityunjaya Mantra,Mahamrityunjaya Mantra
3,Rudra Mantra,Rudra Mantra
4,Shiva Gayatri Mantra,Shiva Gayatri Mantra
5,Shiva Stuti Mantra,Shiva Stuti Mantra
6,Shiva Tandava Stotram,Shiva Tandava Stotram
7,Shiva Panchakshara Stotram:,Shiva Panchakshara Stotram:
8,Shiva Mahimna Stotram:,Shiva Mahimna Stotram:
9,Vedasara Shiva Stotram,Vedasara Shiva Stotram
10,Shiva Chalisa,Shiva Chalisa
11,Shri Rudrashtakam (Brief Excerpt - composed by Tulsidas),Shri Rudrashtakam (Brief Excerpt - composed by Tulsidas)
12,Shiva Stuti,Shiva Stuti
13,Om Jai Shiva Omkara,Om Jai Shiva Omkara
14,Dhyana Shloka (For Worship),Dhyana Shloka (For Worship)
15,Whoever Worshipped Shiva Shankar,Whoever Worshipped Shiva Shankar
16,Take the Name of Shiva Early Morning,Take the Name of Shiva Early Morning
17,O Shambhu Baba My Bholenath,O Shambhu Baba My Bholenath
18,Let's Go to Shiva Shankar's Temple Devotees,Let's Go to Shiva Shankar's Temple Devotees
19,Bhole Bhandari Fills Everyone's Treasures,Bhole Bhandari Fills Everyone's Treasures
20,Shankar the Stream of Ganges Flows in Your Locks,Shankar the Stream of Ganges Flows in Your Locks
21,Complete Shiva Purana Summary,Complete Shiva Purana Summary
22,How was Lord Shiva Born,How was Lord Shiva Born
23,The Complete Saga of Neelkanth,The Complete Saga of Neelkanth
24,How Nandi Became Shiva's Mount,How Nandi Became Shiva's Mount
25,Why Did Shiva-Parvati Take the Ardhanarishvara Form?,Why Did Shiva-Parvati Take the Ardhanarishvara Form?
26,Why Was the Moon Cursed?,Why Was the Moon Cursed?
27,What Are the Stories of the 12 Jyotirlingas?,What Are the Stories of the 12 Jyotirlingas?
28,Why Did Shiva Cut Off His Own Son Ganesha's Head?,Why Did Shiva Cut Off His Own Son Ganesha's Head?
29,Hanuman Beej Mantra,Hanuman Beej Mantra
30,Hanuman Gayatri Mantra:,Hanuman Gayatri Mantra:
31,Manojavam Marutatulyavegam Mantra:,Manojavam Marutatulyavegam Mantra:
32,Rudravatar Hanuman Mantra (Mool Mantra:),Rudravatar Hanuman Mantra (Mool Mantra:)
33,Anjaneya Mantra,Anjaneya Mantra
34,Main Mantras:,Main Mantras:
35,Raksha Kavach Mantra:,Raksha Kavach Mantra:
36,Maruti Stotra,Maruti Stotra
37,Shri Hanuman Tandava Stotra,Shri Hanuman Tandava Stotra
38,Shri Anjaneya Dwadashanama Stotram,Shri Anjaneya Dwadashanama Stotram
39,Panchamukhi Hanuman Stotra,Panchamukhi Hanuman Stotra
40,Hanuman Chalisa,Hanuman Chalisa
41,Sankatmochan Hanuman Ashtak,Sankatmochan Hanuman Ashtak
42,"Atulitbaladhamam Hemashailabhadeham,","Atulitbaladhamam Hemashailabhadeham,"
43,Perform Aarti of Hanuman Lala,Perform Aarti of Hanuman Lala
44,Buddhirbalam Yasho Dhairyam Nirbhayatvamarogata.,Buddhirbalam Yasho Dhairyam Nirbhayatvamarogata.
45,Hanuman Gayatri,Hanuman Gayatri
46,Markatesha Mahotsaha Sarvashoka Vinashana.,Markatesha Mahotsaha Sarvashoka Vinashana.
47,Karya Siddhi (Success in Work),Karya Siddhi (Success in Work)
48,"Atulitbaladhamam Hemashailabhadeham, Anujavanakrushanum Jnaninamagraganyam. Sakalagunanishanam Vanaranamadhisham, Raghupatipriyabhaktam Vatajatam Namami.","Atulitbaladhamam Hemashailabhadeham, Anujavanakrushanum Jnaninamagraganyam. Sakalagunanishanam Vanaranamadhisham, Raghupatipriyabhaktam Vatajatam Namami."
49,The World Cannot Run Without Shri Ram,The World Cannot Run Without Shri Ram
50,O Destroyer of Sorrow Maruti Nandan,O Destroyer of Sorrow Maruti Nandan
51,Chham Chham Dances Brave Hanuman,Chham Chham Dances Brave Hanuman
52,Your Name is Sankat Mochan (Destroyer of Sorrows),Your Name is Sankat Mochan (Destroyer of Sorrows)
53,Bajrang Bali My Boat Has Sailed,Bajrang Bali My Boat Has Sailed
54,Brave Hanuman Very Powerful,Brave Hanuman Very Powerful
55,Story of Hanuman's Birth,Story of Hanuman's Birth
56,"Understand Hanuman Ji, the God of Power, Devotion, and Wisdom |","Understand Hanuman Ji, the God of Power, Devotion, and Wisdom |"
57,The First Meeting of Lord Shri Ram and Hanuman Ji,The First Meeting of Lord Shri Ram and Hanuman Ji
58,Story of Hanuman's Birth,Story of Hanuman's Birth
59,How Does Hanuman Ji Protect?,How Does Hanuman Ji Protect?
60,When Hanuman Ji Went to Lanka to Find Mother Janaki |,When Hanuman Ji Went to Lanka to Find Mother Janaki |
61,Mool Beej Mantra,Mool Beej Mantra
62,Vakratunda Mahakaya Suryakoti Samaprabha.,Vakratunda Mahakaya Suryakoti Samaprabha.
63,Ganesha Gayatri,Ganesha Gayatri
64,Sankat Nashak Mantra (Mantra to Destroy Sorrows),Sankat Nashak Mantra (Mantra to Destroy Sorrows)
65,Om Lambodaray Namah,Om Lambodaray Namah
66,Ganesha Atharvashirsha:,Ganesha Atharvashirsha:
67,Rinaharta Ganesha Stotra:,Rinaharta Ganesha Stotra:
68,Shri Ganesha Kavach:,Shri Ganesha Kavach:
69,Ganesha Ashtottara Shatanam Stotra:,Ganesha Ashtottara Shatanam Stotra:
70,Mayureswara Stotra:,Mayureswara Stotra:
71,Shri Ganesha Chalisa,Shri Ganesha Chalisa
72,Shri Ganesha Pancharatnam,Shri Ganesha Pancharatnam
73,Shri Ganesha Stuti Composed by Tulsidas,Shri Ganesha Stuti Composed by Tulsidas
74,Siddhivinayak Stuti,Siddhivinayak Stuti
75,Namami Te Gajananm,Namami Te Gajananm
76,Jai Ganesh Jai Ganesh Deva,Jai Ganesh Jai Ganesh Deva
77,Sukhakarta Dukhaharta Varta Vighnachi,Sukhakarta Dukhaharta Varta Vighnachi
78,Shendur Lal Chadhayo Achchha Gajmukh Ko,Shendur Lal Chadhayo Achchha Gajmukh Ko
79,Jai Dev Jai Dev Jai Mangalmurti,Jai Dev Jai Dev Jai Mangalmurti
80,Aarti of Siddhivinayak Ji,Aarti of Siddhivinayak Ji
81,Vakratunda Mahakaya Suryakoti Samaprabha. Nirvighnam Kuru Me Deva Sarvakaryeshu Sarvada.,Vakratunda Mahakaya Suryakoti Samaprabha. Nirvighnam Kuru Me Deva Sarvakaryeshu Sarvada.
82,Gajananm Bhutaganadisevitam Kapitthajambuphalacharubhakshanam. Umasutam Shokavinashakarakam Namami Vighneshwarapadapankajam.,Gajananm Bhutaganadisevitam Kapitthajambuphalacharubhakshanam. Umasutam Shokavinashakarakam Namami Vighneshwarapadapankajam.
83,Agajanana Padmarkam Gajananamaharnisham. Anekadantam Bhaktanam Ekadantamupasmahe.,Agajanana Padmarkam Gajananamaharnisham. Anekadantam Bhaktanam Ekadantamupasmahe.
84,Vighneshwaraya Varadaya Surapriyaya Lambodaraya Sakalaya Jagaddhitaya. Nagananaya Shrutiyajnavibhushitaya Gourisutaya Gananatha Namo Namaste.,Vighneshwaraya Varadaya Surapriyaya Lambodaraya Sakalaya Jagaddhitaya. Nagananaya Shrutiyajnavibhushitaya Gourisutaya Gananatha Namo Namaste.
85,Abhipsitartha Siddhyartham Pujito Yah Surasuraih. Sarvavighnaharastasmai Ganadhipataye Namah.,Abhipsitartha Siddhyartham Pujito Yah Surasuraih. Sarvavighnaharastasmai Ganadhipataye Namah.
86,Come to My House Gajanand Ji Come to My House,Come to My House Gajanand Ji Come to My House
87,Remove the Sorrows Bring Auspiciousness,Remove the Sorrows Bring Auspiciousness
88,Victory to You Ganesha,Victory to You Ganesha
89,O Gauri Nandan Greetings to You,O Gauri Nandan Greetings to You
90,O Gauri Nandan Greetings to You,O Gauri Nandan Greetings to You
91,Ganapati First Bow to You,Ganapati First Bow to You
92,Gajanan Maharaj Please Come,Gajanan Maharaj Please Come
93,Story of Shri Ganesha's Birth,Story of Shri Ganesha's Birth
94,Why Do We Worship Lord Ganesha First?,Why Do We Worship Lord Ganesha First?
95,How Was the Mahabharata Written?,How Was the Mahabharata Written?
96,Dwadashakshar Mantra,Dwadashakshar Mantra
97,Om Namo Narayanaya,Om Namo Narayanaya
98,Shriman Narayan Narayan Hari Hari,Shriman Narayan Narayan Hari Hari
99,Om Vishnave Namah,Om Vishnave Namah
100,Om Hreem Kartaviryajuno Nama Raja Bahu Sahasravan. Yasya Smarena Matrena Hritam Nashtam Cha Labhyate.,Om Hreem Kartaviryajuno Nama Raja Bahu Sahasravan. Yasya Smarena Matrena Hritam Nashtam Cha Labhyate.
101,Om Lakshmipataye Namah,Om Lakshmipataye Namah
102,Vishnu Gayatri,Vishnu Gayatri
103,Shantakaram Bhujagashayanam Padmanabham Suresham,Shantakaram Bhujagashayanam Padmanabham Suresham
104,Om Achyutaya Namah,Om Achyutaya Namah
105,Vishnu Sahasranama Stotram:,Vishnu Sahasranama Stotram:
106,Gajendra Moksha Stotra:,Gajendra Moksha Stotra:
107,Lakshmi Narayan Stotra,Lakshmi Narayan Stotra
108,Vishnu Panjara Stotram,Vishnu Panjara Stotram
109,Narayana Suktam,Narayana Suktam
110,Vishnu Bhujanga Prayata Stotra,Vishnu Bhujanga Prayata Stotra
111,Shri Hari Stotram,Shri Hari Stotram
112,Vishnu Chalisa,Vishnu Chalisa
113,Achyutashtakam,Achyutashtakam
114,Shri Vishnu Stuti,Shri Vishnu Stuti
115,Om Jai Jagdish Hare,Om Jai Jagdish Hare
116,Namostvanantaya,Namostvanantaya
117,Yada Yada Hi Dharmasya,Yada Yada Hi Dharmasya
118,Kayena Vacha,Kayena Vacha
119,Sashankhachakram Sakiritakundalam,Sashankhachakram Sakiritakundalam
120,Tvameva Mata Cha Pita Tvameva,Tvameva Mata Cha Pita Tvameva
121,Achyutam Keshavam Krishna Damodaram,Achyutam Keshavam Krishna Damodaram
122,Shriman Narayan Narayan Hari Hari,Shriman Narayan Narayan Hari Hari
123,Namo Namo Shri Narayan Jai Vaikunth Bihari,Namo Namo Shri Narayan Jai Vaikunth Bihari
124,Master of the Whole World You Are the Only Hope,Master of the Whole World You Are the Only Hope
125,Hari Please Come Once,Hari Please Come Once
126,Satyanarayan Vrat Katha:,Satyanarayan Vrat Katha:
127,Story of Samudra Manthan:,Story of Samudra Manthan:
128,Story of Dashavatar:,Story of Dashavatar:
129,Story of Narasimha Avatar and Prahlad,Story of Narasimha Avatar and Prahlad
130,Story of Vamana Avatar and King Bali,Story of Vamana Avatar and King Bali
131,Story of the Marriage of Lord Vishnu and Mother Lakshmi,Story of the Marriage of Lord Vishnu and Mother Lakshmi
132,Story of Becoming Shaligram,Story of Becoming Shaligram
133,Thursday Vrat Katha,Thursday Vrat Katha
134,Mahalakshmi Beej Mantra,Mahalakshmi Beej Mantra
135,Om Shri Mahalakshmyai Namah,Om Shri Mahalakshmyai Namah
136,Lakshmi Gayatri Mantra,Lakshmi Gayatri Mantra
137,Shri Siddha Lakshmi Mantra,Shri Siddha Lakshmi Mantra
138,Om Dhanaya Namo Namah,Om Dhanaya Namo Namah
139,Sarvabadha Nivaran Mantra (Mantra to Remove All Obstacles),Sarvabadha Nivaran Mantra (Mantra to Remove All Obstacles)
140,Om Hreem Hreem Shri Lakshmi Vasudevaya Namah.,Om Hreem Hreem Shri Lakshmi Vasudevaya Namah.
141,Shri Suktam:,Shri Suktam:
142,Kanakadhara Stotra:,Kanakadhara Stotra:
143,Lakshmi Hridaya Stotra,Lakshmi Hridaya Stotra
144,Mahalakshmi Kavach,Mahalakshmi Kavach
145,Ashtalakshmi Stotra,Ashtalakshmi Stotra
146,Sarvadeva Krita Lakshmi Stotra,Sarvadeva Krita Lakshmi Stotra
147,Shri Lakshmi Chalisa,Shri Lakshmi Chalisa
148,Mahalakshmyashtakam,Mahalakshmyashtakam
149,Maha Lakshmi Stuti,Maha Lakshmi Stuti
150,Mahalakshmi Stavanam,Mahalakshmi Stavanam
151,Om Jai Lakshmi Mata,Om Jai Lakshmi Mata
152,Namastestu Mahamaye Shripithe Surapujite. Shankhachakragadahaste Mahalakshmi Namostu Te,Namastestu Mahamaye Shripithe Surapujite. Shankhachakragadahaste Mahalakshmi Namostu Te
153,Lakshmi Amritwani,Lakshmi Amritwani
154,Come to My House Mother Lakshmi,Come to My House Mother Lakshmi
155,Mother Lakshmi Gives Wealth and Grains,Mother Lakshmi Gives Wealth and Grains
156,Welcome to the House Mother Lakshmi,Welcome to the House Mother Lakshmi
157,Mother Lakshmi is Because of You,Mother Lakshmi is Because of You
158,Hail the Giver of Auspiciousness Profit Wealth and Glory,Hail the Giver of Auspiciousness Profit Wealth and Glory
159,Avatar Story of Lakshmi Ji |,Avatar Story of Lakshmi Ji |
160,Vaibhav Lakshmi Vrat Katha,Vaibhav Lakshmi Vrat Katha
161,Story of Deepavali:,Story of Deepavali:
162,Story of Mother Lakshmi and King Bali,Story of Mother Lakshmi and King Bali
163,Om Sham Shanaishcharaya Namah,Om Sham Shanaishcharaya Namah
164,Shani Beej Mantra,Shani Beej Mantra
165,Om Nilanjanasamabhasam Raviputram Yamagrajam. Chhayamartandasambhutam Tam Namami Shanaishcharam.,Om Nilanjanasamabhasam Raviputram Yamagrajam. Chhayamartandasambhutam Tam Namami Shanaishcharam.
166,Shani Gayatri Mantra),Shani Gayatri Mantra)
167,Shani Vajra Panjara Kavacham,Shani Vajra Panjara Kavacham
168,Dasharatha Krita Shani Stotra,Dasharatha Krita Shani Stotra
169,Mahakal Shani Mrityunjaya Stotra,Mahakal Shani Mrityunjaya Stotra
170,Shani Peedahara Stotra,Shani Peedahara Stotra
171,Shani Chalisa,Shani Chalisa
172,Shri Shani Ashtakam,Shri Shani Ashtakam
173,Shani Stuti,Shani Stuti
174,Shani Vandana:,Shani Vandana:
175,Jai Jai Shri Shanidev Benefactor of Devotees,Jai Jai Shri Shanidev Benefactor of Devotees
176,Aarti of Shri Shani Maharaj,Aarti of Shri Shani Maharaj
177,Suryaputro Dirghadeho Vishalakshah Shivapriyah. Mandacharah Prasannatma Peedam Haratu Me Shanih.,Suryaputro Dirghadeho Vishalakshah Shivapriyah. Mandacharah Prasannatma Peedam Haratu Me Shanih.
178,Shanaishwara Shanaishwara,Shanaishwara Shanaishwara
179,True is Your Court O Shanidev,True is Your Court O Shanidev
180,Shani Ji Help Me Cross Over,Shani Ji Help Me Cross Over
181,Shri Shanidev Amritwani,Shri Shanidev Amritwani
182,At Your Feet O Shani Dev,At Your Feet O Shani Dev
183,Your Spectacle in the World is Amazing O Shanidev,Your Spectacle in the World is Amazing O Shanidev
184,The Great Story of Shanidev's Birth,The Great Story of Shanidev's Birth
185,Story of Shanidev and Hanuman Ji |,Story of Shanidev and Hanuman Ji |
186,Saturday Vrat Katha,Saturday Vrat Katha
187,Om Ramaya Namah,Om Ramaya Namah
188,Om Ram Ramaya Namah,Om Ram Ramaya Namah
189,Shri Ram Jai Ram Jai Jai Ram,Shri Ram Jai Ram Jai Jai Ram
190,Om Shri Ramchandraya Namah,Om Shri Ramchandraya Namah
191,Om Namo Bhagavate Ramchandraya,Om Namo Bhagavate Ramchandraya
192,Ram Rameti Rameti Rame Rame Manorame. Sahasranama Tatsulyam Ramanama Varanane.,Ram Rameti Rameti Rame Rame Manorame. Sahasranama Tatsulyam Ramanama Varanane.
193,Apadamapahartaram Dataram Sarvasampadam. Lokabhiramam Shriramam Bhuyo Bhuyo Namamyaham.,Apadamapahartaram Dataram Sarvasampadam. Lokabhiramam Shriramam Bhuyo Bhuyo Namamyaham.
194,Shri Ram Raksha Stotra:,Shri Ram Raksha Stotra:
195,Aditya Hridaya Stotra:,Aditya Hridaya Stotra:
196,Shri Ram Sahasranama Stotra,Shri Ram Sahasranama Stotra
197,Nama Ramayanam,Nama Ramayanam
198,Ram Hridaya Stotra,Ram Hridaya Stotra
199,Jatayu Krita Shri Ram Stotra,Jatayu Krita Shri Ram Stotra
200,Shri Ram Chalisa,Shri Ram Chalisa
201,Shri Ram Ashtakam,Shri Ram Ashtakam
202,Shri Ramachandra Kripalu Bhaju Mana:,Shri Ramachandra Kripalu Bhaju Mana:
203,Janaki Stuti,Janaki Stuti
204,Aarti of Shri Ramachandra Ji:,Aarti of Shri Ramachandra Ji:
205,Aarti of Mother of the World Sita,Aarti of Mother of the World Sita
206,Aarti of Shri Ramayana Ji,Aarti of Shri Ramayana Ji
207,Aarti of Shri Raghuvar Lala,Aarti of Shri Raghuvar Lala
208,Aarti of Awadh Bihari,Aarti of Awadh Bihari
209,Nilambujashyamalakomalangam Sitasamaropitavamabhagam. Panau Mahasayakacharuchapam Namami Ramam Raghuvanshanatham.,Nilambujashyamalakomalangam Sitasamaropitavamabhagam. Panau Mahasayakacharuchapam Namami Ramam Raghuvanshanatham.
210,Ramaya Ramabhadraya Ramachandraya Vedhase. Raghunathaya Nathaya Sitayah Pataye Namah.,Ramaya Ramabhadraya Ramachandraya Vedhase. Raghunathaya Nathaya Sitayah Pataye Namah.
211,Lokabhiramam Ranarangadhiram Rajivanetram Raghuvanshanatham. Karunyarupam Karunakaram Tam Shriramachandram Sharanam Prapadye.,Lokabhiramam Ranarangadhiram Rajivanetram Raghuvanshanatham. Karunyarupam Karunakaram Tam Shriramachandram Sharanam Prapadye.
212,"Apadamapahartaram Dataram Sarvasampadam. Lokabhiramam Shriramam Bhuyo Bhuyo Namamyaham.","Apadamapahartaram Dataram Sarvasampadam. Lokabhiramam Shriramam Bhuyo Bhuyo Namamyaham."
213,I Have Found the Wealth of the Gem Called Ram,I Have Found the Wealth of the Gem Called Ram
214,Ramachandra Walks With a Sway Anklets Tinkling,Ramachandra Walks With a Sway Anklets Tinkling
215,Shri Ram and Janaki Sit in My Heart,Shri Ram and Janaki Sit in My Heart
216,Raghupati Raghav Raja Ram,Raghupati Raghav Raja Ram
217,Listen to the Story of Ram O Listen to the Story of Ram,Listen to the Story of Ram O Listen to the Story of Ram
218,May the City Be Like Ayodhya,May the City Be Like Ayodhya
219,The Procession of Ram Ji Has Set Out,The Procession of Ram Ji Has Set Out
220,O Mind Chant the Name of Ram Whose Feet Give Happiness,O Mind Chant the Name of Ram Whose Feet Give Happiness
221,The Diamonds and Pearls of the Name of Ram,The Diamonds and Pearls of the Name of Ram
222,Settle Ram in Your Mind,Settle Ram in Your Mind
223,Story of Shri Ram's Birth:,Story of Shri Ram's Birth:
224,How Shri Ram Redeemed Mother Ahalya,How Shri Ram Redeemed Mother Ahalya
225,The Amazing Story of Sita Swayamvar,The Amazing Story of Sita Swayamvar
226,Story of Shriram's Exile,Story of Shriram's Exile
227,Meeting of Bharat and Ram - Story,Meeting of Bharat and Ram - Story
228,Why Did Shriram Kill Bali Secretly?,Why Did Shriram Kill Bali Secretly?
229,Vijayadashami - The Complete Story of the Final Battle between Ram and Ravan |,Vijayadashami - The Complete Story of the Final Battle between Ram and Ravan |
230,Beej Mantra,Beej Mantra
231,Om Vakratundaya Hum,Om Vakratundaya Hum
232,Om Hasti Pishachi Likha Swaha,Om Hasti Pishachi Likha Swaha
233,Om Lambodaray Namah,Om Lambodaray Namah
234,Om Vikataya Namah,Om Vikataya Namah
235,Om Vinayakaya Namah,Om Vinayakaya Namah
236,Om Vighnanashanaya Namah,Om Vighnanashanaya Namah
237,Ganesha Gayatri,Ganesha Gayatri
238,Shri Sankatanashan Ganesha Stotra,Shri Sankatanashan Ganesha Stotra
239,Ganesha Atharvashirsha,Ganesha Atharvashirsha
240,Rinaharta Ganesha Stotra,Rinaharta Ganesha Stotra
241,Ganesha Ashtottara Shatanam Stotra,Ganesha Ashtottara Shatanam Stotra
242,Ganesha Kavach,Ganesha Kavach
243,Mayureswara Stotra,Mayureswara Stotra
244,Ganesha Hridaya Stotra,Ganesha Hridaya Stotra
245,Ganesha Chalisa,Ganesha Chalisa
246,Ganesha Ashtakam,Ganesha Ashtakam
247,Shri Ganesha Pancharatna,Shri Ganesha Pancharatna
248,First I Bow to You,First I Bow to You
249,Gajananm Bhut Ganadi Sevitam,Gajananm Bhut Ganadi Sevitam
250,Shri Ganesha Stuti,Shri Ganesha Stuti
251,Ganesha Vandana,Ganesha Vandana
252,Aarti of Shri Ganesha Ji,Aarti of Shri Ganesha Ji
253,"Sukh Karta Dukhaharta, Varta Vighnachi Nurvi Purvi Prem Krupa Jayachi","Sukh Karta Dukhaharta, Varta Vighnachi Nurvi Purvi Prem Krupa Jayachi"
254,Om Shendur Lal Chadhayo Achchha Gajmukh Ko,Om Shendur Lal Chadhayo Achchha Gajmukh Ko
255,Vakratunda Mahakaya Suryakoti Samaprabha. Nirvighnam Kuru Me Deva Sarvakaryeshu Sarvada.,Vakratunda Mahakaya Suryakoti Samaprabha. Nirvighnam Kuru Me Deva Sarvakaryeshu Sarvada.
256,"Gajananm Bhut Ganadi Sevitam, Kapittha Jambu Phala Charu Bhakshanam. Umasutam Shoka Vinashakarakam, Namami Vighneshwar Pada Pankajam.","Gajananm Bhut Ganadi Sevitam, Kapittha Jambu Phala Charu Bhakshanam. Umasutam Shoka Vinashakarakam, Namami Vighneshwar Pada Pankajam."
257,Agajanana Padmarkam Gajanana Aharnisham. Anekadantam Bhaktanam Ekadanta Upasmahe.,Agajanana Padmarkam Gajanana Aharnisham. Anekadantam Bhaktanam Ekadanta Upasmahe.
258,Sumukhashchaikadantashcha Kapilo Gajakarnakah. Lambodarashcha Vikato Vighnanasho Vinayakah.,Sumukhashchaikadantashcha Kapilo Gajakarnakah. Lambodarashcha Vikato Vighnanasho Vinayakah.
259,Om Shreem Gam Saubhagya Ganapataye Varvarada Sarvajanma Me Vashamanya Swaha,Om Shreem Gam Saubhagya Ganapataye Varvarada Sarvajanma Me Vashamanya Swaha
260,Deva Shri Ganesha,Deva Shri Ganesha
261,Mourya Re Bappa Mourya Re,Mourya Re Bappa Mourya Re
262,Gajanana Shri Ganaraya,Gajanana Shri Ganaraya
263,Listen Ganapati Bappa Mourya,Listen Ganapati Bappa Mourya
264,Ganapati Left for His Village,Ganapati Left for His Village
265,May You Remain as God in the Temple of My Mind,May You Remain as God in the Temple of My Mind
266,Story of Shri Ganesha's Birth,Story of Shri Ganesha's Birth
267,Story of Circumambulating the Earth,Story of Circumambulating the Earth
268,Sankashti Chaturthi Vrat Katha,Sankashti Chaturthi Vrat Katha
269,How Ganesha Shattered Kubera's Pride,How Ganesha Shattered Kubera's Pride
270,Which Curse Did Chandradev Receive from Shri Ganesha Ji?,Which Curse Did Chandradev Receive from Shri Ganesha Ji?
271,Who Wrote the Mahabharata,Who Wrote the Mahabharata
272,Learn How Goddesses Riddhi and Siddhi Were Born and How They Married Shri Ganesha,Learn How Goddesses Riddhi and Siddhi Were Born and How They Married Shri Ganesha
273,The Story of Shri Ganesha's Ekadanta Avatar.,The Story of Shri Ganesha's Ekadanta Avatar.
274,There Was Such a Fierce Battle That Parshuram Ji Broke Ganesha's Tusk,There Was Such a Fierce Battle That Parshuram Ji Broke Ganesha's Tusk
275,Beej Mantra,Beej Mantra
276,Mukti Mantra,Mukti Mantra
277,Mahamantra,Mahamantra
278,Shri Krishnaya Sharanam Mama,Shri Krishnaya Sharanam Mama
279,Om Kleem Krishnaya Namah,Om Kleem Krishnaya Namah
280,Krishna Gayatri,Krishna Gayatri
281,Gokul Nathaya Namah,Gokul Nathaya Namah
282,Govallabhaya Swaha,Govallabhaya Swaha
283,Om Kleem Glaum Kleem Shyamalangaya Namah,Om Kleem Glaum Kleem Shyamalangaya Namah
284,Gopal Sahasranama Stotra,Gopal Sahasranama Stotra
285,Mukunda Mala Stotra,Mukunda Mala Stotra
286,Shri Krishna Ashtottara Shatanam Stotra (108 Names),Shri Krishna Ashtottara Shatanam Stotra (108 Names)
287,Brahma Samhita,Brahma Samhita
288,Narayaneeyam,Narayaneeyam
289,Santan Gopal Stotra,Santan Gopal Stotra
290,Krishna Chalisa,Krishna Chalisa
291,Gopal Chalisa,Gopal Chalisa
292,Krishna Ashtakam,Krishna Ashtakam
293,Bala Mukunda Stuti,Bala Mukunda Stuti
294,Radha-Krishna Yugal Stuti,Radha-Krishna Yugal Stuti
295,Shayan Stuti of Shri Dwarkadhishji,Shayan Stuti of Shri Dwarkadhishji
296,Kunti Stuti,Kunti Stuti
297,Aarti of Kunjbihari,Aarti of Kunjbihari
298,Om Jai Shri Krishna Hare,Om Jai Shri Krishna Hare
299,Let Me Sing the Aarti of Shri Banke Bihari,Let Me Sing the Aarti of Shri Banke Bihari
300,Victory to Dark Kanha Lord Victory to Dark Kanha,Victory to Dark Kanha Lord Victory to Dark Kanha
301,Aarti of Shri Bala Krishna Ji,Aarti of Shri Bala Krishna Ji
302,Aarti of Jugal Kishore,Aarti of Jugal Kishore
303,Jai Jagdish Hare,Jai Jagdish Hare
304,Dwarkadhish Aarti,Dwarkadhish Aarti
305,Vasudevasutam Devam Kamsachanuramardanam. Devakiparamanandam Krishnam Vande Jagadgurum.,Vasudevasutam Devam Kamsachanuramardanam. Devakiparamanandam Krishnam Vande Jagadgurum.
306,Mukam Karoti Vachalam Pangum Langhayate Girim. Yatkrupa Tamaham Vande Paramananda Madhavam.,Mukam Karoti Vachalam Pangum Langhayate Girim. Yatkrupa Tamaham Vande Paramananda Madhavam.
307,Yada Yada Hi Dharmasya Glanirbhavati Bharata. Abhyutthanamadharmasya Tadatmanam Srijamyaham.,Yada Yada Hi Dharmasya Glanirbhavati Bharata. Abhyutthanamadharmasya Tadatmanam Srijamyaham.
308,Karmanyevadhikaraste Ma Phaleshu Kadachana. Ma Karmaphalaheturbhurma Te Sangostvakarmani.,Karmanyevadhikaraste Ma Phaleshu Kadachana. Ma Karmaphalaheturbhurma Te Sangostvakarmani.
309,Sarvadharmanparityajya Mamekam Sharanam Vraja. Aham Tvam Sarvapapebhyo Mokshayishyami Ma Shuchah.,Sarvadharmanparityajya Mamekam Sharanam Vraja. Aham Tvam Sarvapapebhyo Mokshayishyami Ma Shuchah.
310,He Krishna Karuna Sindhu Deena Bandhu Jagat Pate. Gopesha Gopika Kanta Radha Kanta Namostute.,He Krishna Karuna Sindhu Deena Bandhu Jagat Pate. Gopesha Gopika Kanta Radha Kanta Namostute.
311,Achyutam Keshavam Krishna Damodaram,Achyutam Keshavam Krishna Damodaram
312,My Heart Became Crazy for Mohan's Dark Face,My Heart Became Crazy for Mohan's Dark Face
313,Little Little Cows Little Little Cowherds,Little Little Cows Little Little Cowherds
314,Shyam Your Flute Calls Radha's Name,Shyam Your Flute Calls Radha's Name
315,Nandlala Spoke to Mother Yashoda,Nandlala Spoke to Mother Yashoda
316,Kanhaiya Take Me Across to the Other Side,Kanhaiya Take Me Across to the Other Side
317,Joy of Nand Glory to Kanhaiya Lal,Joy of Nand Glory to Kanhaiya Lal
318,You Are Very Late Nandlala,You Are Very Late Nandlala
319,Radharani Seems Filled With Sweet Nectar,Radharani Seems Filled With Sweet Nectar
320,Story of Shri Krishna's Birth:,Story of Shri Krishna's Birth:
321,Subduing Kaliya Serpent,Subduing Kaliya Serpent
322,Story of Govardhan Ji,Story of Govardhan Ji
323,Play of Stealing Butter,Play of Stealing Butter
324,Shrikrishna Killed Kamsa,Shrikrishna Killed Kamsa
325,Character of Sudama,Character of Sudama
326,Disrobing of Draupadi A Painful True Story,Disrobing of Draupadi A Painful True Story
327,Story of Slaying Narakasura...,Story of Slaying Narakasura...
328,Beej Mantra,Beej Mantra
329,Navarna Mantra,Navarna Mantra
330,Sarvamangala Mangalye Shive Sarvartha Sadhike. Sharanye Tryambake Gauri Narayani Namostute.,Sarvamangala Mangalye Shive Sarvartha Sadhike. Sharanye Tryambake Gauri Narayani Namostute.
331,Om Hreem Dum Durgayai Namah,Om Hreem Dum Durgayai Namah
332,Ya Devi Sarvabhuteshu Shakti-Rupena Samsthita. Namastasyai Namastasyai Namastasyai Namo Namah.,Ya Devi Sarvabhuteshu Shakti-Rupena Samsthita. Namastasyai Namastasyai Namastasyai Namo Namah.
333,For Attaining Good Fortune,For Attaining Good Fortune
334,Sharanagata Deenarta Paritrana Parayane. Sarvasyartihare Devi Narayani Namostute.,Sharanagata Deenarta Paritrana Parayane. Sarvasyartihare Devi Narayani Namostute.
335,Om Jayanti Mangala Kali Bhadrakali Kapalini. Durga Kshama Shiva Dhatri Swaha Swadha Namostute.,Om Jayanti Mangala Kali Bhadrakali Kapalini. Durga Kshama Shiva Dhatri Swaha Swadha Namostute.
336,Srishtisthitivinashanam Shaktibhute Sanatani. Gunashraye Gunamaye Narayani Namostute.,Srishtisthitivinashanam Shaktibhute Sanatani. Gunashraye Gunamaye Narayani Namostute.
337,Durga Gayatri,Durga Gayatri
338,Durga Saptashati:,Durga Saptashati:
339,Shri Argala Stotram,Shri Argala Stotram
340,Keelaka Stotram,Keelaka Stotram
341,Siddha Kunjika Stotra:,Siddha Kunjika Stotra:
342,Devi Atharvashirsha,Devi Atharvashirsha
343,Durga Ashtottara Shatanam Stotra (108 Names),Durga Ashtottara Shatanam Stotra (108 Names)
344,Mahishasuramardini Stotra,Mahishasuramardini Stotra
345,Devyaparadhakshamapana Stotra,Devyaparadhakshamapana Stotra
346,Durga Kavach,Durga Kavach
347,Shri Durga Chalisa,Shri Durga Chalisa
348,Shri Durga Ashtakam,Shri Durga Ashtakam
349,Bhavani Ashtakam,Bhavani Ashtakam
350,Durga Forgiveness Prayer:,Durga Forgiveness Prayer:
351,Devi Stuti:,Devi Stuti:
352,Devi Stuti Composed by Brahma,Devi Stuti Composed by Brahma
353,Shailputri Stuti (First Stuti of Navadurga),Shailputri Stuti (First Stuti of Navadurga)
354,Siddhidatri Stuti,Siddhidatri Stuti
355,"Jai Ambe Gauri, Maiya Jai Shyama Gauri (Most Famous)","Jai Ambe Gauri, Maiya Jai Shyama Gauri (Most Famous)"
356,"Ambe You Are Jagadambe Kali, Hail Durga With the Skull-Bowl","Ambe You Are Jagadambe Kali, Hail Durga With the Skull-Bowl"
357,Jai Saraswati Mata,Jai Saraswati Mata
358,Aarti of Mother Vindhyeshwari,Aarti of Mother Vindhyeshwari
359,Aarti of Sheetala Mata,Aarti of Sheetala Mata
360,Jai Vaishnav Mata Aarti,Jai Vaishnav Mata Aarti
361,Aarti of Mata Chamunda Devi Ji,Aarti of Mata Chamunda Devi Ji
362,Dawn Has Broken The Day Has Risen My Ambe,Dawn Has Broken The Day Has Risen My Ambe
363,Sarvamangalamangalye Shive Sarvarthasadhike. Sharanye Tryambake Gauri Narayani Namostu Te.,Sarvamangalamangalye Shive Sarvarthasadhike. Sharanye Tryambake Gauri Narayani Namostu Te.
364,Ya Devi Sarvabhuteshu Shaktirupena Samsthita. Namastasyai Namastasyai Namastasyai Namo Namah.,Ya Devi Sarvabhuteshu Shaktirupena Samsthita. Namastasyai Namastasyai Namastasyai Namo Namah.
365,Jayanti Mangala Kali Bhadrakali Kapalini. Durga Kshama Shiva Dhatri Swaha Swadha Namostu Te.,Jayanti Mangala Kali Bhadrakali Kapalini. Durga Kshama Shiva Dhatri Swaha Swadha Namostu Te.
366,Dehi Saubhagyamarogyam Dehi Me Paramam Sukham. Rupam Dehi Jayam Dehi Yasho Dehi Dvisho Jahi.,Dehi Saubhagyamarogyam Dehi Me Paramam Sukham. Rupam Dehi Jayam Dehi Yasho Dehi Dvisho Jahi.
367,Sharanagatadeenartaparitranaparayane. Sarvasyartihare Devi Narayani Namostu Te.,Sharanagatadeenartaparitranaparayane. Sarvasyartihare Devi Narayani Namostu Te.
368,You Have Called Me O Rider of the Lion,You Have Called Me O Rider of the Lion
369,The Call Has Come Mother Has Called,The Call Has Come Mother Has Called
370,I Came Walking Barefoot O Mother,I Came Walking Barefoot O Mother
371,You Have Sent the Call O Rider of the Lion,You Have Sent the Call O Rider of the Lion
372,Mother's Robe is Colorful,Mother's Robe is Colorful
373,Brought My Mind to the Temple of Queen Mother,Brought My Mind to the Temple of Queen Mother
374,Beautifully Decorated is Your Court Bhavani,Beautifully Decorated is Your Court Bhavani
375,Mother Victory to You,Mother Victory to You
376,Red Red Chunari,Red Red Chunari
377,Story of Slaying Mahishasura:,Story of Slaying Mahishasura:
378,Story of Slaying Shumbha-Nishumbha,Story of Slaying Shumbha-Nishumbha
379,Story of Slaying Madhu-Kaitabha,Story of Slaying Madhu-Kaitabha
380,Story of Mother Sati and 51 Shaktipeeths,Story of Mother Sati and 51 Shaktipeeths
381,Story of 9 Forms of Navadurga:,Story of 9 Forms of Navadurga:
382,Story of Vaishno Devi:,Story of Vaishno Devi:
383,Story of Slaying Raktabija:,Story of Slaying Raktabija:
384,Mother Parvati's Severe Penance and Marriage to Shiva,Mother Parvati's Severe Penance and Marriage to Shiva
385,Radha-Krishna Love Story,Radha-Krishna Love Story
386,Shiva-Parvati Marriage,Shiva-Parvati Marriage
387,Rama-Sita Exile Story,Rama-Sita Exile Story
388,Story of Rukmini's Abduction,Story of Rukmini's Abduction
389,Nala-Damayanti Story,Nala-Damayanti Story
390,Kamadeva-Rati Story,Kamadeva-Rati Story
391,Satyabhama-Krishna Story,Satyabhama-Krishna Story
392,Usha-Aniruddha Story,Usha-Aniruddha Story
393,Subhadra-Arjuna Marriage,Subhadra-Arjuna Marriage
394,Tulsi-Shaligram,Tulsi-Shaligram
395,Hanuman-Rama Devotion,Hanuman-Rama Devotion
396,Achyutam Keshavam,Achyutam Keshavam
397,Radhe Radhe from Barsana,Radhe Radhe from Barsana
398,Such Devotion Took Hold,Such Devotion Took Hold
399,Shri Ramachandra Kripalu,Shri Ramachandra Kripalu
400,Kishori Make Such an Arrangement,Kishori Make Such an Arrangement
401,Nandlala Spoke to Mother Yashoda,Nandlala Spoke to Mother Yashoda
402,Diamonds and Pearls of the Name of Rama,Diamonds and Pearls of the Name of Rama
403,Shyama Come Settle In,Shyama Come Settle In
404,Filled With Sweet Nectar,Filled With Sweet Nectar
405,Fill My Bag O Shyam,Fill My Bag O Shyam
406,O Caretaker,O Caretaker
407,By Your Grace,By Your Grace
408,Little Little Cows,Little Little Cows
409,Aditya Hridaya Stotra,Aditya Hridaya Stotra
410,Vaidyanatha Stotra,Vaidyanatha Stotra
411,Dhanvantari Stotra,Dhanvantari Stotra
412,Rama Raksha Stotra,Rama Raksha Stotra
413,Sankata Nashana Ganesha Stotra,Sankata Nashana Ganesha Stotra
414,Mrityunjaya Stotra,Mrityunjaya Stotra
415,Durga Apaduddharaka Stotra,Durga Apaduddharaka Stotra
416,Hanuman Bahuk,Hanuman Bahuk
417,Surya Mandala Stotra,Surya Mandala Stotra
418,Narayana Kavach,Narayana Kavach
419,O Destroyer of Sorrows Maruti Nandan,O Destroyer of Sorrows Maruti Nandan
420,Your Name is the Savior,Your Name is the Savior
421,How Lovely is the Adornment,How Lovely is the Adornment
422,By Your Grace,By Your Grace
423,Achyutam Keshavam,Achyutam Keshavam
424,O Caretaker,O Caretaker
425,Diamonds and Pearls of the Name of Rama,Diamonds and Pearls of the Name of Rama
426,Give Us So Much Strength O Giver,Give Us So Much Strength O Giver
427,Whoever Worshipped Shiva Shankar,Whoever Worshipped Shiva Shankar
428,Shri Ramachandra Kripalu,Shri Ramachandra Kripalu
429,Aditya Hridaya Stotra,Aditya Hridaya Stotra
430,Sankata Nashana Ganesha Stotra,Sankata Nashana Ganesha Stotra
431,Mahalakshmi Ashtakam,Mahalakshmi Ashtakam
432,Rama Raksha Stotra,Rama Raksha Stotra
433,Shri Suktam,Shri Suktam
434,Bajrang Baan,Bajrang Baan
435,Saraswati Stotra,Saraswati Stotra
436,Narayana Kavach,Narayana Kavach
437,Shiva Panchakshara Stotra,Shiva Panchakshara Stotra
438,Hanuman Ashtak,Hanuman Ashtak
439,Shri Hanuman Chalisa,Shri Hanuman Chalisa
440,Shri Ganesha Chalisa,Shri Ganesha Chalisa
441,Shri Lakshmi Chalisa,Shri Lakshmi Chalisa
442,Shri Durga Chalisa,Shri Durga Chalisa
443,Shri Saraswati Chalisa,Shri Saraswati Chalisa
444,Panchakshari Mantra,Chanting the 'Om Namah Shivaya' mantra after morning bath (especially at sunrise) or at sunset is considered best. Chanting this mantra on Mondays is particularly fruitful but with purity and devotion it can be done at any time.
445,Mahamrityunjaya Mantra,Listening to or chanting the Mahamrityunjaya Mantra (Om Tryambakam Yajamahe) during Brahma Muhurta (4 to 6 AM) is considered best. It can be heard at any time on Mondays on Shivratri or during times of illness fear and mental unrest. This mantra is extremely powerful for providing life health and positive energy.
446,Rudra Mantra,Listening to the Shiva Rudra Mantra or Shri Rudram is considered highly fruitful. It is especially best to listen to it during Pradosh Kaal (at sunset).
447,Shiva Gayatri Mantra,Listening to and chanting the Shiva Gayatri Mantra is considered extremely beneficial. The best time to listen to it is considered morning and evening which is for starting the day with morning peace and positive energy or for removing the day's fatigue and negativity in the evening.
448,Shiva Stuti Mantra,Monday Pradosh Kaal morning and evening the month of Sawan Shivratri and Mahashivratri Soma Pradosh Vrat: at the end of worship: for peace of mind
449,Shiva Tandava Stotram (Brief Excerpt - composed by Ravana) [1],Reciting the Shiva Tandava Stotram on Mondays during Pradosh Kaal (at sunset) or in the morning after bathing is considered best. This stotram is a symbol of Lord Shiva's fierce energy so it should be sung or read especially to increase self-confidence willpower and to remove financial obstacles
450,Shiva Panchakshara Stotram:,It can be read daily in the morning after bathing during Shiva worship or anytime during the month of Sawan. This stotram is highly effective in removing Kaal Sarp Dosh and obtaining the grace of Lord Shiva.
451,Shiva Mahimna Stotram:,Daily during morning or evening worship
452,Vedasara Shiva Stotram,Daily in the morning after bathing or on Mondays and Pradosh Vrat days
453,Shiva Chalisa,Doing it in the morning (Brahma Muhurta: 4 to 6 AM) or evening (Pradosh Kaal) is considered best and most fruitful. Besides daily it should be specifically recited on Mondays Sawan month Pradosh Tithi and Shivratri.
454,Shri Rudrashtakam (Brief Excerpt - composed by Tulsidas),Reciting 'Namamishamishan' (Shiva Rudrashtakam) daily in the morning or evening after bathing is best. Especially on Mondays Pradosh Vrat Shravan month and Mahashivratri its recitation is considered highly beneficial and fulfills desires.
455,Shiva Stuti,Done during morning (Brahma Muhurta) or evening worship. This stuti sings the glory of Mahadev's peaceful form so it can be heard for mental peace and happiness daily or on special days like Mahashivratri/Sawan.
456,Om Jai Shiva Omkara,It is specially sung on Mondays during the month of Sawan on Mahashivratri and in daily worship.
457,Dhyana Shloka (For Worship),After Aarti Daily Prayer
458,Whoever Worshipped Shiva Shankar,Whoever Worshipped Shiva Shankar
459,Take the Name of Shiva Early Morning,Take the Name of Shiva Early Morning
460,O Shambhu Baba My Bholenath,O Shambhu Baba My Bholenath
461,Let's Go to Shiva Shankar's Temple Devotees,Let's Go to Shiva Shankar's Temple Devotees
462,Bhole Bhandari Fills Everyone's Treasures,Bhole Bhandari Fills Everyone's Treasures
463,Shankar the Stream of Ganges Flows in Your Locks,Shankar the Stream of Ganges Flows in Your Locks
464,Complete Shiva Purana Summary,Complete Shiva Purana Summary
465,How was Lord Shiva Born,How was Lord Shiva Born
466,The Complete Saga of Neelkanth,The Complete Saga of Neelkanth
467,How Nandi Became Shiva's Mount,How Nandi Became Shiva's Mount
468,Why Did Shiva-Parvati Take the Ardhanarishvara Form?,Why Did Shiva-Parvati Take the Ardhanarishvara Form?
469,Why Was the Moon Cursed?,Why Was the Moon Cursed?
470,What Are the Stories of the 12 Jyotirlingas?,What Are the Stories of the 12 Jyotirlingas?
471,Why Did Shiva Cut Off His Own Son Ganesha's Head?,Why Did Shiva Cut Off His Own Son Ganesha's Head?
472,Hanuman Beej Mantra,Morning Brahma Muhurta (4:00 AM - 6:00 AM) is best. It is considered more effective on Tuesdays and Saturdays. You can also listen/chant it with a calm mind during worship after morning bath or before sleeping at night.
473,Hanuman Gayatri Mantra:,Tuesday and Saturday morning at sunrise
474,Manojavam Marutatulyavegam Mantra:,Tuesday or Saturday morning (Brahma Muhurta)
475,Rudravatar Hanuman Mantra (Mool Mantra:),In fear and stress for destruction of enemies and protection for freedom from disease
476,Anjaneya Mantra,Heard or chanted to gain strength protection and courage.
477,Main Mantras:,Heard or chanted continuously (regularly) to get freedom from suffering fear physical ailments and negative energy.
478,Raksha Kavach Mantra:,Can be heard or chanted daily for protection power and freedom from fear
479,Maruti Stotra,Maruti Stotra
480,Shri Hanuman Tandava Stotra,Considered extremely effective for victory over enemies increasing physical-mental strength and removing doshas of planets like Mars and Rahu
481,Shri Anjaneya Dwadashanama Stotram,Shri Anjaneya Dwadashanama Stotram
482,Panchamukhi Hanuman Stotra,Protection from negativity and black magic: freedom from planetary defects:
483,Hanuman Chalisa,Doing it in the morning (Brahma Muhurta: 4-6 AM) or evening (around sunset/8 PM) is considered best especially on Tuesdays and Saturdays. It is heard or read for mental peace freedom from fear removing crises increasing self-confidence and reducing negative energy (Saturn/Mars defects).
484,Sankatmochan Hanuman Ashtak,Sankatmochan Hanuman Ashtak
485,"Atulitbaladhamam Hemashailabhadeham,","Atulitbaladhamam Hemashailabhadeham,"
486,Perform Aarti of Hanuman Lala,Perform Aarti of Hanuman Lala
487,Buddhirbalam Yasho Dhairyam Nirbhayatvamarogata.,For mental and physical strength
488,Hanuman Gayatri,For protection strength and courage
489,Markatesha Mahotsaha Sarvashoka Vinashana.,Mantra for wealth attainment and protection from enemies
490,Karya Siddhi,Karya Siddhi
491,"Atulitbaladhamam Hemashailabhadeham, Anujavanakrushanum Jnaninamagraganyam. Sakalagunanishanam Vanaranamadhisham, Raghupatipriyabhaktam Vatajatam Namami.",For brilliance and power
492,The World Cannot Run Without Shri Ram,The World Cannot Run Without Shri Ram
493,O Destroyer of Sorrow Maruti Nandan,O Destroyer of Sorrow Maruti Nandan
494,Chham Chham Dances Brave Hanuman,Chham Chham Dances Brave Hanuman
495,Your Name is Sankat Mochan,Your Name is Sankat Mochan
496,Bajrang Bali My Boat Has Sailed,Bajrang Bali My Boat Has Sailed
497,Brave Hanuman Very Powerful,Brave Hanuman Very Powerful
498,Story of Hanuman's Birth,Story of Hanuman's Birth
499,"Understand Hanuman Ji, the God of Power, Devotion, and Wisdom |","Understand Hanuman Ji, the God of Power, Devotion, and Wisdom |"
500,The First Meeting of Lord Shri Ram and Hanuman Ji,The First Meeting of Lord Shri Ram and Hanuman Ji
501,Story of Hanuman's Birth,Story of Hanuman's Birth
502,How Does Hanuman Ji Protect?,How Does Hanuman Ji Protect?
503,When Hanuman Ji Went to Lanka to Find Mother Janaki |,When Hanuman Ji Went to Lanka to Find Mother Janaki |
504,Mool Beej Mantra,Mool Beej Mantra
505,Vakratunda Mahakaya Suryakoti Samaprabha.,Vakratunda Mahakaya Suryakoti Samaprabha.
506,Ganesha Gayatri,Ganesha Gayatri
507,Sankat Nashak Mantra,Sankat Nashak Mantra
508,Om Lambodaray Namah,Om Lambodaray Namah
509,Ganesha Atharvashirsha:,Ganesha Atharvashirsha:
510,Rinaharta Ganesha Stotra:,To get freedom from debt and financial constraints.
511,Shri Ganesha Kavach:,Shri Ganesha Kavach:
512,Ganesha Ashtottara Shatanam Stotra:,Ganesha Ashtottara Shatanam Stotra:
513,Mayureswara Stotra:,Mayureswara Stotra:
514,Shri Ganesha Chalisa,Shri Ganesha Chalisa
515,Shri Ganesha Pancharatnam,Shri Ganesha Pancharatnam
516,Shri Ganesha Stuti Composed by Tulsidas,Shri Ganesha Stuti Composed by Tulsidas
517,Siddhivinayak Stuti,Siddhivinayak Stuti
518,Namami Te Gajananm,Namami Te Gajananm
519,Jai Ganesh Jai Ganesh Deva,Jai Ganesh Jai Ganesh Deva
520,Sukhakarta Dukhaharta Varta Vighnachi,Sukhakarta Dukhaharta Varta Vighnachi
521,Shendur Lal Chadhayo Achchha Gajmukh Ko,Shendur Lal Chadhayo Achchha Gajmukh Ko
522,Jai Dev Jai Dev Jai Mangalmurti,Jai Dev Jai Dev Jai Mangalmurti
523,Aarti of Siddhivinayak Ji,Aarti of Siddhivinayak Ji
524,Vakratunda Mahakaya Suryakoti Samaprabha. Nirvighnam Kuru Me Deva Sarvakaryeshu Sarvada.,Vakratunda Mahakaya Suryakoti Samaprabha. Nirvighnam Kuru Me Deva Sarvakaryeshu Sarvada.
525,Gajananm Bhutaganadisevitam Kapitthajambuphalacharubhakshanam. Umasutam Shokavinashakarakam Namami Vighneshwarapadapankajam.,Gajananm Bhutaganadisevitam Kapitthajambuphalacharubhakshanam. Umasutam Shokavinashakarakam Namami Vighneshwarapadapankajam.
526,Agajanana Padmarkam Gajananamaharnisham. Anekadantam Bhaktanam Ekadantamupasmahe.,Agajanana Padmarkam Gajananamaharnisham. Anekadantam Bhaktanam Ekadantamupasmahe.
527,Vighneshwaraya Varadaya Surapriyaya Lambodaraya Sakalaya Jagaddhitaya. Nagananaya Shrutiyajnavibhushitaya Gourisutaya Gananatha Namo Namaste.,Vighneshwaraya Varadaya Surapriyaya Lambodaraya Sakalaya Jagaddhitaya. Nagananaya Shrutiyajnavibhushitaya Gourisutaya Gananatha Namo Namaste.
528,Abhipsitartha Siddhyartham Pujito Yah Surasuraih. Sarvavighnaharastasmai Ganadhipataye Namah.,Abhipsitartha Siddhyartham Pujito Yah Surasuraih. Sarvavighnaharastasmai Ganadhipataye Namah.
529,Come to My House Gajanand Ji Come to My House,Come to My House Gajanand Ji Come to My House
530,Remove the Sorrows Bring Auspiciousness,Remove the Sorrows Bring Auspiciousness
531,Victory to You Ganesha,Victory to You Ganesha
532,O Gauri Nandan Greetings to You,O Gauri Nandan Greetings to You
533,O Gauri Nandan Greetings to You,O Gauri Nandan Greetings to You
534,Ganapati First Bow to You,Ganapati First Bow to You
535,Gajanan Maharaj Please Come,Gajanan Maharaj Please Come
536,Story of Shri Ganesha's Birth,Story of Shri Ganesha's Birth
537,Why Do We Worship Lord Ganesha First,Why Do We Worship Lord Ganesha First
538,How Was the Mahabharata Written?,How Was the Mahabharata Written?
539,Dwadashakshar Mantra,Dwadashakshar Mantra
540,Om Namo Narayanaya,Om Namo Narayanaya
541,Shriman Narayan Narayan Hari Hari,Shriman Narayan Narayan Hari Hari
542,Om Vishnave Namah,Om Vishnave Namah
543,Om Hreem Kartaviryajuno Nama Raja Bahu Sahasravan. Yasya Smarena Matrena Hritam Nashtam Cha Labhyate.,Om Hreem Kartaviryajuno Nama Raja Bahu Sahasravan. Yasya Smarena Matrena Hritam Nashtam Cha Labhyate.
544,Om Lakshmipataye Namah,Om Lakshmipataye Namah
545,Vishnu Gayatri,Vishnu Gayatri
546,Shantakaram Bhujagashayanam Padmanabham Suresham,Shantakaram Bhujagashayanam Padmanabham Suresham
547,Om Achyutaya Namah,Om Achyutaya Namah
548,Vishnu Sahasranama Stotram:,Vishnu Sahasranama Stotram:
549,Gajendra Moksha Stotra:,Gajendra Moksha Stotra:
550,Lakshmi Narayan Stotra,Lakshmi Narayan Stotra
551,Vishnu Panjara Stotram,Vishnu Panjara Stotram
552,Narayana Suktam,Narayana Suktam
553,Vishnu Bhujanga Prayata Stotra,Vishnu Bhujanga Prayata Stotra
554,Shri Hari Stotram,Shri Hari Stotram
555,Vishnu Chalisa,Vishnu Chalisa
556,Achyutashtakam,Achyutashtakam
557,Shri Vishnu Stuti,Shri Vishnu Stuti
558,Om Jai Jagdish Hare,Om Jai Jagdish Hare
559,Namostvanantaya,Namostvanantaya
560,Yada Yada Hi Dharmasya,Yada Yada Hi Dharmasya
561,Kayena Vacha,Kayena Vacha
562,Sashankhachakram Sakiritakundalam,Sashankhachakram Sakiritakundalam
563,Tvameva Mata Cha Pita Tvameva,Tvameva Mata Cha Pita Tvameva
564,Achyutam Keshavam Krishna Damodaram,Achyutam Keshavam Krishna Damodaram
565,Shriman Narayan Narayan Hari Hari,Shriman Narayan Narayan Hari Hari
566,Namo Namo Shri Narayan Jai Vaikunth Bihari,Namo Namo Shri Narayan Jai Vaikunth Bihari
567,Master of the Whole World You Are the Only Hope,Master of the Whole World You Are the Only Hope
568,Hari Please Come Once,Hari Please Come Once
569,Satyanarayan Vrat Katha:,Satyanarayan Vrat Katha:
570,Story of Samudra Manthan:,Story of Samudra Manthan:
571,Story of Dashavatar:,Story of Dashavatar:
572,Story of Narasimha Avatar and Prahlad,Story of Narasimha Avatar and Prahlad
573,Story of Vamana Avatar and King Bali,Story of Vamana Avatar and King Bali
574,Story of the Marriage of Lord Vishnu and Mother Lakshmi,Story of the Marriage of Lord Vishnu and Mother Lakshmi
575,Story of Becoming Shaligram,Story of Becoming Shaligram
576,Thursday Vrat Katha,Thursday Vrat Katha
577,Mahalakshmi Beej Mantra,Mahalakshmi Beej Mantra
578,Om Shri Mahalakshmyai Namah,Om Shri Mahalakshmyai Namah
579,Lakshmi Gayatri Mantra,Lakshmi Gayatri Mantra
580,Shri Siddha Lakshmi Mantra,Shri Siddha Lakshmi Mantra
581,Om Dhanaya Namo Namah,Om Dhanaya Namo Namah
582,Sarvabadha Nivaran Mantra,Sarvabadha Nivaran Mantra
583,Om Hreem Hreem Shri Lakshmi Vasudevaya Namah.,Om Hreem Hreem Shri Lakshmi Vasudevaya Namah.
584,Shri Suktam:,Shri Suktam:
585,Kanakadhara Stotra:,Kanakadhara Stotra:
586,Lakshmi Hridaya Stotra,Lakshmi Hridaya Stotra
587,Mahalakshmi Kavach,Mahalakshmi Kavach
588,Ashtalakshmi Stotra,Ashtalakshmi Stotra
589,Sarvadeva Krita Lakshmi Stotra,Sarvadeva Krita Lakshmi Stotra
590,Shri Lakshmi Chalisa,Shri Lakshmi Chalisa
591,Mahalakshmyashtakam,Mahalakshmyashtakam
592,Maha Lakshmi Stuti,Maha Lakshmi Stuti
593,Mahalakshmi Stavanam,Mahalakshmi Stavanam
594,Om Jai Lakshmi Mata,Om Jai Lakshmi Mata
595,Namastestu Mahamaye Shripithe Surapujite. Shankhachakragadahaste Mahalakshmi Namostu Te,Namastestu Mahamaye Shripithe Surapujite. Shankhachakragadahaste Mahalakshmi Namostu Te
596,Lakshmi Amritwani,Lakshmi Amritwani
597,Come to My House Mother Lakshmi,Come to My House Mother Lakshmi
598,Mother Lakshmi Gives Wealth and Grains,Mother Lakshmi Gives Wealth and Grains
599,Welcome to the House Mother Lakshmi,Welcome to the House Mother Lakshmi
600,Mother Lakshmi is Because of You,Mother Lakshmi is Because of You
601,Hail the Giver of Auspiciousness Profit Wealth and Glory,Hail the Giver of Auspiciousness Profit Wealth and Glory
602,Avatar Story of Lakshmi Ji |,Avatar Story of Lakshmi Ji |
603,Vaibhav Lakshmi Vrat Katha,Vaibhav Lakshmi Vrat Katha
604,Story of Deepavali:,Story of Deepavali:
605,Story of Mother Lakshmi and King Bali,Story of Mother Lakshmi and King Bali
606,Om Sham Shanaishcharaya Namah,Om Sham Shanaishcharaya Namah
607,Shani Beej Mantra,Shani Beej Mantra
608,Om Nilanjanasamabhasam Raviputram Yamagrajam. Chhayamartandasambhutam Tam Namami Shanaishcharam.,Om Nilanjanasamabhasam Raviputram Yamagrajam. Chhayamartandasambhutam Tam Namami Shanaishcharam.
609,Shani Gayatri Mantra),Shani Gayatri Mantra)
610,Shani Vajra Panjara Kavacham,Shani Vajra Panjara Kavacham
611,Dasharatha Krita Shani Stotra,Dasharatha Krita Shani Stotra
612,Mahakal Shani Mrityunjaya Stotra,Mahakal Shani Mrityunjaya Stotra
613,Shani Peedahara Stotra,Shani Peedahara Stotra
614,Shani Chalisa,Shani Chalisa
615,Shri Shani Ashtakam,Shri Shani Ashtakam
616,Shani Stuti,Shani Stuti
617,Shani Vandana:,Shani Vandana:
618,Jai Jai Shri Shanidev Benefactor of Devotees,Jai Jai Shri Shanidev Benefactor of Devotees
619,Aarti of Shri Shani Maharaj,Aarti of Shri Shani Maharaj
620,Suryaputro Dirghadeho Vishalakshah Shivapriyah. Mandacharah Prasannatma Peedam Haratu Me Shanih.,Suryaputro Dirghadeho Vishalakshah Shivapriyah. Mandacharah Prasannatma Peedam Haratu Me Shanih.
621,Shanaishwara Shanaishwara,Shanaishwara Shanaishwara
622,True is Your Court O Shanidev,True is Your Court O Shanidev
623,Shani Ji Help Me Cross Over,Shani Ji Help Me Cross Over
624,Shri Shanidev Amritwani,Shri Shanidev Amritwani
625,At Your Feet O Shani Dev,At Your Feet O Shani Dev
626,Your Spectacle in the World is Amazing O Shanidev,Your Spectacle in the World is Amazing O Shanidev
627,The Great Story of Shanidev's Birth,The Great Story of Shanidev's Birth
628,Story of Shanidev and Hanuman Ji |,Story of Shanidev and Hanuman Ji |
629,Saturday Vrat Katha,Saturday Vrat Katha
630,Om Ramaya Namah,Om Ramaya Namah
631,Om Ram Ramaya Namah,Om Ram Ramaya Namah
632,Shri Ram Jai Ram Jai Jai Ram,Shri Ram Jai Ram Jai Jai Ram
633,Om Shri Ramchandraya Namah,Om Shri Ramchandraya Namah
634,Om Namo Bhagavate Ramchandraya,Om Namo Bhagavate Ramchandraya
635,Ram Rameti Rameti Rame Rame Manorame. Sahasranama Tatsulyam Ramanama Varanane.,Ram Rameti Rameti Rame Rame Manorame. Sahasranama Tatsulyam Ramanama Varanane.
636,Apadamapahartaram Dataram Sarvasampadam. Lokabhiramam Shriramam Bhuyo Bhuyo Namamyaham.,Apadamapahartaram Dataram Sarvasampadam. Lokabhiramam Shriramam Bhuyo Bhuyo Namamyaham.
637,Shri Ram Raksha Stotra:,Shri Ram Raksha Stotra:
638,Aditya Hridaya Stotra:,Aditya Hridaya Stotra:
639,Shri Ram Sahasranama Stotra,Shri Ram Sahasranama Stotra
640,Nama Ramayanam,Nama Ramayanam
641,Ram Hridaya Stotra,Ram Hridaya Stotra
642,Jatayu Krita Shri Ram Stotra,Jatayu Krita Shri Ram Stotra
643,Shri Ram Chalisa,Shri Ram Chalisa
644,Shri Ram Ashtakam,Shri Ram Ashtakam
645,Shri Ramachandra Kripalu Bhaju Mana:,Shri Ramachandra Kripalu Bhaju Mana:
646,Janaki Stuti,Janaki Stuti
647,Aarti of Shri Ramachandra Ji:,Aarti of Shri Ramachandra Ji:
648,Aarti of Mother of the World Sita,Aarti of Mother of the World Sita
649,Aarti of Shri Ramayana Ji,Aarti of Shri Ramayana Ji
650,Aarti of Shri Raghuvar Lala,Aarti of Shri Raghuvar Lala
651,Aarti of Awadh Bihari,Aarti of Awadh Bihari
652,Nilambujashyamalakomalangam Sitasamaropitavamabhagam. Panau Mahasayakacharuchapam Namami Ramam Raghuvanshanatham.,Nilambujashyamalakomalangam Sitasamaropitavamabhagam. Panau Mahasayakacharuchapam Namami Ramam Raghuvanshanatham.
653,Ramaya Ramabhadraya Ramachandraya Vedhase. Raghunathaya Nathaya Sitayah Pataye Namah.,Ramaya Ramabhadraya Ramachandraya Vedhase. Raghunathaya Nathaya Sitayah Pataye Namah.
654,Lokabhiramam Ranarangadhiram Rajivanetram Raghuvanshanatham. Karunyarupam Karunakaram Tam Shriramachandram Sharanam Prapadye.,Lokabhiramam Ranarangadhiram Rajivanetram Raghuvanshanatham. Karunyarupam Karunakaram Tam Shriramachandram Sharanam Prapadye.
655,"Apadamapahartaram Dataram Sarvasampadam.
Lokabhiramam Shriramam Bhuyo Bhuyo Namamyaham.","Apadamapahartaram Dataram Sarvasampadam.
Lokabhiramam Shriramam Bhuyo Bhuyo Namamyaham."
656,I Have Found the Wealth of the Gem Called Ram,I Have Found the Wealth of the Gem Called Ram
657,Ramachandra Walks With a Sway Anklets Tinkling,Ramachandra Walks With a Sway Anklets Tinkling
658,Shri Ram and Janaki Sit in My Heart,Shri Ram and Janaki Sit in My Heart
659,Raghupati Raghav Raja Ram,Raghupati Raghav Raja Ram
660,Listen to the Story of Ram O Listen to the Story of Ram,Listen to the Story of Ram O Listen to the Story of Ram
661,May the City Be Like Ayodhya,May the City Be Like Ayodhya
662,The Procession of Ram Ji Has Set Out,The Procession of Ram Ji Has Set Out
663,O Mind Chant the Name of Ram Whose Feet Give Happiness,O Mind Chant the Name of Ram Whose Feet Give Happiness
664,The Diamonds and Pearls of the Name of Ram,The Diamonds and Pearls of the Name of Ram
665,Settle Ram in Your Mind,Settle Ram in Your Mind
666,Story of Shri Ram's Birth:,Story of Shri Ram's Birth:
667,How Shri Ram Redeemed Mother Ahalya,How Shri Ram Redeemed Mother Ahalya
668,The Amazing Story of Sita Swayamvar,The Amazing Story of Sita Swayamvar
669,Story of Shriram's Exile,Story of Shriram's Exile
670,Meeting of Bharat and Ram - Story,Meeting of Bharat and Ram - Story
671,Why Did Shriram Kill Bali Secretly?,Why Did Shriram Kill Bali Secretly?
672,Vijayadashami - The Complete Story of the Final Battle between Ram and Ravan |,Vijayadashami - The Complete Story of the Final Battle between Ram and Ravan |
673,Beej Mantra,Beej Mantra
674,Om Vakratundaya Hum,Om Vakratundaya Hum
675,Om Hasti Pishachi Likha Swaha,Om Hasti Pishachi Likha Swaha
676,Om Lambodaray Namah,Om Lambodaray Namah
677,Om Vikataya Namah,Om Vikataya Namah
678,Om Vinayakaya Namah,Om Vinayakaya Namah
679,Om Vighnanashanaya Namah,Om Vighnanashanaya Namah
680,Ganesha Gayatri,Ganesha Gayatri
681,Shri Sankatanashan Ganesha Stotra,Shri Sankatanashan Ganesha Stotra
682,Ganesha Atharvashirsha,Ganesha Atharvashirsha
683,Rinaharta Ganesha Stotra,Rinaharta Ganesha Stotra
684,Ganesha Ashtottara Shatanam Stotra,Ganesha Ashtottara Shatanam Stotra
685,Ganesha Kavach,Ganesha Kavach
686,Mayureswara Stotra,Mayureswara Stotra
687,Ganesha Hridaya Stotra,Ganesha Hridaya Stotra
688,Ganesha Chalisa,Ganesha Chalisa
689,Ganesha Ashtakam,Ganesha Ashtakam
690,Shri Ganesha Pancharatna,Shri Ganesha Pancharatna
691,First I Bow to You,First I Bow to You
692,Gajananm Bhut Ganadi Sevitam,Gajananm Bhut Ganadi Sevitam
693,Shri Ganesha Stuti,Shri Ganesha Stuti
694,Ganesha Vandana,Ganesha Vandana
695,Aarti of Shri Ganesha Ji,Aarti of Shri Ganesha Ji
696,"Sukh Karta Dukhaharta, Varta Vighnachi Nurvi Purvi Prem Krupa Jayachi","Sukh Karta Dukhaharta, Varta Vighnachi Nurvi Purvi Prem Krupa Jayachi"
697,Om Shendur Lal Chadhayo Achchha Gajmukh Ko,Om Shendur Lal Chadhayo Achchha Gajmukh Ko
698,Vakratunda Mahakaya Suryakoti Samaprabha. Nirvighnam Kuru Me Deva Sarvakaryeshu Sarvada.,Vakratunda Mahakaya Suryakoti Samaprabha. Nirvighnam Kuru Me Deva Sarvakaryeshu Sarvada.
699,"Gajananm Bhut Ganadi Sevitam, Kapittha Jambu Phala Charu Bhakshanam. Umasutam Shoka Vinashakarakam, Namami Vighneshwar Pada Pankajam.","Gajananm Bhut Ganadi Sevitam, Kapittha Jambu Phala Charu Bhakshanam. Umasutam Shoka Vinashakarakam, Namami Vighneshwar Pada Pankajam."
700,Agajanana Padmarkam Gajanana Aharnisham. Anekadantam Bhaktanam Ekadanta Upasmahe.,Agajanana Padmarkam Gajanana Aharnisham. Anekadantam Bhaktanam Ekadanta Upasmahe.
701,Sumukhashchaikadantashcha Kapilo Gajakarnakah. Lambodarashcha Vikato Vighnanasho Vinayakah.,Sumukhashchaikadantashcha Kapilo Gajakarnakah. Lambodarashcha Vikato Vighnanasho Vinayakah.
702,Om Shreem Gam Saubhagya Ganapataye Varvarada Sarvajanma Me Vashamanya Swaha,Om Shreem Gam Saubhagya Ganapataye Varvarada Sarvajanma Me Vashamanya Swaha
703,Deva Shri Ganesha,Deva Shri Ganesha
704,Mourya Re Bappa Mourya Re,Mourya Re Bappa Mourya Re
705,Gajanana Shri Ganaraya,Gajanana Shri Ganaraya
706,Listen Ganapati Bappa Mourya,Listen Ganapati Bappa Mourya
707,Ganapati Left for His Village,Ganapati Left for His Village
708,May You Remain as God in the Temple of My Mind,May You Remain as God in the Temple of My Mind
709,Story of Shri Ganesha's Birth,Story of Shri Ganesha's Birth
710,Story of Circumambulating the Earth,Story of Circumambulating the Earth
711,Sankashti Chaturthi Vrat Katha,Sankashti Chaturthi Vrat Katha
712,How Ganesha Shattered Kubera's Pride,How Ganesha Shattered Kubera's Pride
713,Which Curse Did Chandradev Receive from Shri Ganesha Ji?,Which Curse Did Chandradev Receive from Shri Ganesha Ji?
714,Who Wrote the Mahabharata,Who Wrote the Mahabharata
715,Learn How Goddesses Riddhi and Siddhi Were Born and How They Married Shri Ganesha,Learn How Goddesses Riddhi and Siddhi Were Born and How They Married Shri Ganesha
716,The Story of Shri Ganesha's Ekadanta Avatar.,The Story of Shri Ganesha's Ekadanta Avatar.
717,There Was Such a Fierce Battle That Parshuram Ji Broke Ganesha's Tusk,There Was Such a Fierce Battle That Parshuram Ji Broke Ganesha's Tusk
718,Beej Mantra,Beej Mantra
719,Mukti Mantra,Mukti Mantra
720,Mahamantra,Mahamantra
721,Shri Krishnaya Sharanam Mama,Shri Krishnaya Sharanam Mama
722,Om Kleem Krishnaya Namah,Om Kleem Krishnaya Namah
723,Krishna Gayatri,Krishna Gayatri
724,Gokul Nathaya Namah,Gokul Nathaya Namah
725,Govallabhaya Swaha,Govallabhaya Swaha
726,Om Kleem Glaum Kleem Shyamalangaya Namah,Om Kleem Glaum Kleem Shyamalangaya Namah
727,Gopal Sahasranama Stotra,Gopal Sahasranama Stotra
728,Mukunda Mala Stotra,Mukunda Mala Stotra
729,Shri Krishna Ashtottara Shatanam Stotra (108 Names),Shri Krishna Ashtottara Shatanam Stotra (108 Names)
730,Brahma Samhita,Brahma Samhita
731,Narayaneeyam,Narayaneeyam
732,Santan Gopal Stotra,Santan Gopal Stotra
733,Krishna Chalisa,Krishna Chalisa
734,Gopal Chalisa,Gopal Chalisa
735,Krishna Ashtakam,Krishna Ashtakam
736,Bala Mukunda Stuti,Bala Mukunda Stuti
737,Radha-Krishna Yugal Stuti,Radha-Krishna Yugal Stuti
738,Shayan Stuti of Shri Dwarkadhishji,Shayan Stuti of Shri Dwarkadhishji
739,Kunti Stuti,Kunti Stuti
740,Aarti of Kunjbihari,Aarti of Kunjbihari
741,Om Jai Shri Krishna Hare,Om Jai Shri Krishna Hare
742,Let Me Sing the Aarti of Shri Banke Bihari,Let Me Sing the Aarti of Shri Banke Bihari
743,Victory to Dark Kanha Lord Victory to Dark Kanha,Victory to Dark Kanha Lord Victory to Dark Kanha
744,Aarti of Shri Bala Krishna Ji,Aarti of Shri Bala Krishna Ji
745,Aarti of Jugal Kishore,Aarti of Jugal Kishore
746,Jai Jagdish Hare,Jai Jagdish Hare
747,Dwarkadhish Aarti,Dwarkadhish Aarti
748,Vasudevasutam Devam Kamsachanuramardanam. Devakiparamanandam Krishnam Vande Jagadgurum.,Vasudevasutam Devam Kamsachanuramardanam. Devakiparamanandam Krishnam Vande Jagadgurum.
749,Mukam Karoti Vachalam Pangum Langhayate Girim. Yatkrupa Tamaham Vande Paramananda Madhavam.,Mukam Karoti Vachalam Pangum Langhayate Girim. Yatkrupa Tamaham Vande Paramananda Madhavam.
750,Yada Yada Hi Dharmasya Glanirbhavati Bharata. Abhyutthanamadharmasya Tadatmanam Srijamyaham.,Yada Yada Hi Dharmasya Glanirbhavati Bharata. Abhyutthanamadharmasya Tadatmanam Srijamyaham.
751,Karmanyevadhikaraste Ma Phaleshu Kadachana. Ma Karmaphalaheturbhurma Te Sangostvakarmani.,Karmanyevadhikaraste Ma Phaleshu Kadachana. Ma Karmaphalaheturbhurma Te Sangostvakarmani.
752,Sarvadharmanparityajya Mamekam Sharanam Vraja. Aham Tvam Sarvapapebhyo Mokshayishyami Ma Shuchah.,Sarvadharmanparityajya Mamekam Sharanam Vraja. Aham Tvam Sarvapapebhyo Mokshayishyami Ma Shuchah.
753,He Krishna Karuna Sindhu Deena Bandhu Jagat Pate. Gopesha Gopika Kanta Radha Kanta Namostute.,He Krishna Karuna Sindhu Deena Bandhu Jagat Pate. Gopesha Gopika Kanta Radha Kanta Namostute.
754,Achyutam Keshavam Krishna Damodaram,Achyutam Keshavam Krishna Damodaram
755,My Heart Became Crazy for Mohan's Dark Face,My Heart Became Crazy for Mohan's Dark Face
756,Little Little Cows Little Little Cowherds,Little Little Cows Little Little Cowherds
757,Shyam Your Flute Calls Radha's Name,Shyam Your Flute Calls Radha's Name
758,Nandlala Spoke to Mother Yashoda,Nandlala Spoke to Mother Yashoda
759,Kanhaiya Take Me Across to the Other Side,Kanhaiya Take Me Across to the Other Side
760,Joy of Nand Glory to Kanhaiya Lal,Joy of Nand Glory to Kanhaiya Lal
761,You Are Very Late Nandlala,You Are Very Late Nandlala
762,Radharani Seems Filled With Sweet Nectar,Radharani Seems Filled With Sweet Nectar
763,Story of Shri Krishna's Birth:,Story of Shri Krishna's Birth:
764,Subduing Kaliya Serpent,Subduing Kaliya Serpent
765,Story of Govardhan Ji,Story of Govardhan Ji
766,Play of Stealing Butter,Play of Stealing Butter
767,Shrikrishna Killed Kamsa,Shrikrishna Killed Kamsa
768,Character of Sudama,Character of Sudama
769,Disrobing of Draupadi A Painful True Story,Disrobing of Draupadi A Painful True Story
770,Story of Slaying Narakasura...,Story of Slaying Narakasura...
771,Beej Mantra,Beej Mantra
772,Navarna Mantra,Navarna Mantra
773,Sarvamangala Mangalye Shive Sarvartha Sadhike. Sharanye Tryambake Gauri Narayani Namostute.,Sarvamangala Mangalye Shive Sarvartha Sadhike. Sharanye Tryambake Gauri Narayani Namostute.
774,Om Hreem Dum Durgayai Namah,Om Hreem Dum Durgayai Namah
775,Ya Devi Sarvabhuteshu Shakti-Rupena Samsthita. Namastasyai Namastasyai Namastasyai Namo Namah.,Ya Devi Sarvabhuteshu Shakti-Rupena Samsthita. Namastasyai Namastasyai Namastasyai Namo Namah.
776,For Attaining Good Fortune,For Attaining Good Fortune
777,Sharanagata Deenarta Paritrana Parayane. Sarvasyartihare Devi Narayani Namostute.,Sharanagata Deenarta Paritrana Parayane. Sarvasyartihare Devi Narayani Namostute.
778,Om Jayanti Mangala Kali Bhadrakali Kapalini. Durga Kshama Shiva Dhatri Swaha Swadha Namostute.,Om Jayanti Mangala Kali Bhadrakali Kapalini. Durga Kshama Shiva Dhatri Swaha Swadha Namostute.
779,Srishtisthitivinashanam Shaktibhute Sanatani. Gunashraye Gunamaye Narayani Namostute.,Srishtisthitivinashanam Shaktibhute Sanatani. Gunashraye Gunamaye Narayani Namostute.
780,Durga Gayatri,Durga Gayatri
781,Durga Saptashati:,Durga Saptashati:
782,Shri Argala Stotram,Shri Argala Stotram
783,Keelaka Stotram,Keelaka Stotram
784,Siddha Kunjika Stotra:,Siddha Kunjika Stotra:
785,Devi Atharvashirsha,Devi Atharvashirsha
786,Durga Ashtottara Shatanam Stotra (108 Names),Durga Ashtottara Shatanam Stotra (108 Names)
787,Mahishasuramardini Stotra,Mahishasuramardini Stotra
788,Devyaparadhakshamapana Stotra,Devyaparadhakshamapana Stotra
789,Durga Kavach,Durga Kavach
790,Shri Durga Chalisa,Shri Durga Chalisa
791,Shri Durga Ashtakam,Shri Durga Ashtakam
792,Bhavani Ashtakam,Bhavani Ashtakam
793,Durga Forgiveness Prayer:,Durga Forgiveness Prayer:
794,Devi Stuti:,Devi Stuti:
795,Devi Stuti Composed by Brahma,Devi Stuti Composed by Brahma
796,Shailputri Stuti (First Stuti of Navadurga),Shailputri Stuti (First Stuti of Navadurga)
797,Siddhidatri Stuti,Siddhidatri Stuti
798,"Jai Ambe Gauri, Maiya Jai Shyama Gauri (Most Famous)","Jai Ambe Gauri, Maiya Jai Shyama Gauri (Most Famous)"
799,"Ambe You Are Jagadambe Kali, Hail Durga With the Skull-Bowl","Ambe You Are Jagadambe Kali, Hail Durga With the Skull-Bowl"
800,Jai Saraswati Mata,Jai Saraswati Mata
801,Aarti of Mother Vindhyeshwari,Aarti of Mother Vindhyeshwari
802,Aarti of Sheetala Mata,Aarti of Sheetala Mata
803,Jai Vaishnav Mata Aarti,Jai Vaishnav Mata Aarti
804,Aarti of Mata Chamunda Devi Ji,Aarti of Mata Chamunda Devi Ji
805,Dawn Has Broken The Day Has Risen My Ambe,Dawn Has Broken The Day Has Risen My Ambe
806,Sarvamangalamangalye Shive Sarvarthasadhike. Sharanye Tryambake Gauri Narayani Namostu Te.,Sarvamangalamangalye Shive Sarvarthasadhike. Sharanye Tryambake Gauri Narayani Namostu Te.
807,Ya Devi Sarvabhuteshu Shaktirupena Samsthita. Namastasyai Namastasyai Namastasyai Namo Namah.,Ya Devi Sarvabhuteshu Shaktirupena Samsthita. Namastasyai Namastasyai Namastasyai Namo Namah.
808,Jayanti Mangala Kali Bhadrakali Kapalini. Durga Kshama Shiva Dhatri Swaha Swadha Namostu Te.,Jayanti Mangala Kali Bhadrakali Kapalini. Durga Kshama Shiva Dhatri Swaha Swadha Namostu Te.
809,Dehi Saubhagyamarogyam Dehi Me Paramam Sukham. Rupam Dehi Jayam Dehi Yasho Dehi Dvisho Jahi.,Dehi Saubhagyamarogyam Dehi Me Paramam Sukham. Rupam Dehi Jayam Dehi Yasho Dehi Dvisho Jahi.
810,Sharanagatadeenartaparitranaparayane. Sarvasyartihare Devi Narayani Namostu Te.,Sharanagatadeenartaparitranaparayane. Sarvasyartihare Devi Narayani Namostu Te.
811,You Have Called Me O Rider of the Lion,You Have Called Me O Rider of the Lion
812,The Call Has Come Mother Has Called,The Call Has Come Mother Has Called
813,I Came Walking Barefoot O Mother,I Came Walking Barefoot O Mother
814,You Have Sent the Call O Rider of the Lion,You Have Sent the Call O Rider of the Lion
815,Mother's Robe is Colorful,Mother's Robe is Colorful
816,Brought My Mind to the Temple of Queen Mother,Brought My Mind to the Temple of Queen Mother
817,Beautifully Decorated is Your Court Bhavani,Beautifully Decorated is Your Court Bhavani
818,Mother Victory to You,Mother Victory to You
819,Red Red Chunari,Red Red Chunari
820,Story of Slaying Mahishasura:,Story of Slaying Mahishasura:
821,Story of Slaying Shumbha-Nishumbha,Story of Slaying Shumbha-Nishumbha
822,Story of Slaying Madhu-Kaitabha,Story of Slaying Madhu-Kaitabha
823,Story of Mother Sati and 51 Shaktipeeths,Story of Mother Sati and 51 Shaktipeeths
824,Story of 9 Forms of Navadurga:,Story of 9 Forms of Navadurga:
825,Story of Vaishno Devi:,Story of Vaishno Devi:
826,Story of Slaying Raktabija:,Story of Slaying Raktabija:
827,Mother Parvati's Severe Penance and Marriage to Shiva,Mother Parvati's Severe Penance and Marriage to Shiva
828,Om Chanting,Om
829,Gayatri Mantra,Om Bhur Bhuva Svah Tat Savitur Varenyam Bhargo Devasya Dheemahi Dhiyo Yo Nah Prachodayat
830,Shanti Mantra,Saha Navavatu. Saha Nau Bhunaktu. Saha Veeryam Karavavahai. Tejasvi Navadheetamastu Ma Vidvishavahai.
831,Mahamrityunjaya Mantra,Om Tryambakam Yajamahe Sugandhim Pushtivardhanam. Urvarukamiva Bandhananmrityormuksheeya Maamritat.
832,Shiva Mantra,Om Namah Shivaya
833,Mahamantra,Hare Krishna Hare Krishna Krishna Krishna Hare Hare. Hare Rama Hare Rama Rama Rama Hare Hare.
834,Ganesha Mantra,Om Gam Ganapataye Namah
835,Sarvesham Shanti,Om Sarvesham Svastirbhavatu Om Sarvesham Shantirbhavatu
836,Buddha Mantra,Buddham Sharanam Gacchami
837,Loka Samasta,Lokah Samastah Sukhino Bhavantu
838,Saraswati Mantra,Om Aim Saraswatyai Namah
839,Hanuman Mantra,Sankat Kate Mite Sab Peera Jo Sumirai Hanumat Balbeera
840,Asato Ma,Om Asato Ma Sadgamaya. Tamaso Ma Jyotirgamaya. Mrityorma Amritam Gamaya. Om Shanti Shanti Shanti.
841,Guru Mantra,Gurur Brahma Gurur Vishnu Gurur Devo Maheshwarah
842,Nirvana Shatakam,Chidanandarupah Shivoham Shivoham
843,Mahalakshmi Beej Mantra,Om Shreem Hreem Shreem Kamale Kamalalaye Praseed Praseed Om Shreem Hreem Shreem Mahalakshmyai Namah.
844,So-Ham Mantra,So-Ham
845,Durga Mantra,Om Dum Durgayai Namah
846,Ra Ma Da Sa,Ra Ma Da Sa Sa Say So Hung
847,Aham Brahmasmi,Aham Brahmasmi
848,Rama Mantra,Shri Ram Jai Ram Jai Jai Ram
849,Krishna Sharanam,Shri Krishna Sharanam Mama
850,Narayana Mantra,Om Namo Narayanaya
851,Tvameva Mata Cha Pita Tvameva,Tvameva Mata Cha Pita Tvameva Tvameva Bandhushcha Sakha Tvameva. Tvameva Vidya Dravinam Tvameva Tvameva Sarvam Mama Deva Deva.
852,Achyutam Keshavam,Achyutam Keshavam Krishna Damodaram
853,Ganesha Beej,Om Gam Ganapataye Namah
854,Nirvana Shatakam,Frees the mind from thoughts and takes it to a state of Silence.
855,Lingashtakam,Its rhythm stabilizes the breath which is excellent for deep meditation.
856,Shiva Manas Puja,Increases mental concentration as the worship is done with the mind.
857,Madhurashtakam,Calms the anger and bitterness of the mind and fills it with sweetness.
858,Narayana Stotram,Removes anxiety and restlessness and gives peace to the heart.
859,Guruvashtakam,Awakens the feeling of detachment and peace so that external stress does not affect.
860,Dakshinamurti Stotram,This is the recitation of the 'God of Silence' which gives self-knowledge and inner silence.
861,Rama Ashtakam,Awakens inner discipline and mental strength.
862,Bilvashtakam,Effective for increasing focus and strengthening resolve.
863,Krishna Ashtakam,Immerses the mind in the joy of devotion and takes it away from negativity.
864,Kar Darshan Stuti,The best for focusing the mind and finding peace at the beginning of the day.
865,Shri Ram Stuti,Gently calms deep stress and restlessness of the mind.
866,Shiva Rudrashtakam Stuti,Stabilizes energy (Grounding) and deepens meditation.
867,Narayana Stuti,To create a feeling of 'peace' and 'satisfaction' in the mind.
868,Shiva Manas Stuti,It calms and stabilizes the imagination power within the mind.
869,Saraswati Stuti,Effective for mental clarity and keeping the mind cool.
870,Vishnu Mangal Stuti,Infuses auspicious energy which stops the mind from wandering.
871,Aparadha Kshamapana Stuti,Calms the burden and regret of the mind and makes it light.
872,Shri Krishna Stuti,Fills the heart with love and joy and calms the mind.
873,Durga Shanti Stuti,It directly invokes the Goddess of Peace.
874,Upanishad Shanti Path,This mantra of Ishavasya Upanishad gives satisfaction to the mind that everything is complete.
875,Gita (Chapter 2),When the mind lets go of its desires and starts being happy in itself then true peace is found.
876,Gita (Chapter 6),Dhyana Yoga: Gradually steady the mind in God through intellect and think of nothing else.
877,Ishavasya Upanishad,This verse teaches the art of living with 'renunciation' which removes greed and anxiety.
878,Gita (Chapter 6),When the mind is calmed by the practice of yoga then a person finds joy in his own soul.
879,Kathopanishad Shanti,For peace between guru and disciple and for meditating without any hatred.
880,Shanti Path,This is the greatest verse to calm the whole universe and the five elements and steady the mind.
881,Mind Control (Gita),During meditation when the mind wanders here and there this verse gives the power to bring it back to the center.
882,Balance Verse,This teaches the mind to remain neutral in happiness and sorrow which brings deep peace.
883,Dhyana Moolam,This is the main verse to start meditation which increases concentration.
884,Spiritual Verse,It takes the mind out of negativity and darkness towards the light.
885,Durga Beej Mantra,It acts like 'Durga Kavach' and does not let negative energy come near.
886,Hanuman Beej Mantra,For immediate removal of fear and protection from heavy crises.
887,Kali Mantra,To destroy the influence of enemies and eradicate mental weakness.
888,Nrisimha Gayatri,A great mantra providing 360-degree protection from all sides.
889,Hanuman Stuti Mantra,To gain mental strength and control over the senses.
890,Durga Duhsvapna Nivarana,For protection from bad dreams and unknown fears of the night.
891,Nrisimha Beej Mantra,To destroy any kind of tantric obstacle or evil eye.
892,Rama Raksha Kavach Mantra,The infallible mantra to avoid any kind of disaster.
893,Mahamrityunjaya Mantra,For protection from physical diseases and the fear of untimely death.
894,Sudarshana Mantra,It creates a protective shield around you with the power of the Sudarshana Chakra.
895,Kartikeya Mantra,To gain victory and power in courts and disputes.
896,Bagalamukhi Beej Mantra,To make speech powerful in debates and to achieve victory.
897,Garuda Shakti Mantra,For protection from poisonous insects and infections.
898,Sarva Suraksha Mantra,This mantra of Shiva gives the universe's greatest power and protection.
899,Hanuman Chalisa,Hanuman Ji
900,Durga Chalisa,Maa Durga
901,Shiva Chalisa,Lord Shiva
902,Kali Chalisa,Maa Mahakali
903,Bhairav Chalisa,Lord Kaalbhairav
904,Nrisimha Chalisa,Lord Nrisimha
905,Shani Chalisa,Shani Dev
906,Rama Chalisa,Lord Shri Ram
907,Vindhyeshwari Chalisa,Maa Vindhyeshwari
908,Kartikeya Chalisa,Lord Kartikeya
909,Bagalamukhi Chalisa,Maa Bagalamukhi
910,Bagalamukhi Chalisa,Maa Gayatri (Note: Original text had Bagalamukhi but description Gayatri. Kept literal translation.)
911,Ganesha Chalisa,Lord Ganesha
912,Saraswati Chalisa,Maa Saraswati
913,Lakshmi Chalisa,Maa Lakshmi
914,Saraswati Beej Mantra,The most powerful beej mantra for enhancing memory and attaining knowledge.
915,Gayatri Mantra,The great mantra that purifies the intellect and gives the power to make the right decisions.
916,Vidya Prapti Mantra,The most famous mantra to increase focus before starting studies.
917,Ganesha Vidya Mantra,To remove obstacles in the path of education.
918,Guru Mantra,To attain the guru's grace and receive the right guidance.
919,Hanuman Buddhi Mantra,The famous doha/mantra for the development of both wisdom and strength.
920,Budh Graha Mantra,To sharpen logical reasoning and mathematical intelligence.
921,Navagraha Saraswati,To achieve knowledge and success from all directions.
922,Pragya Vardhan Mantra,To exceptionally sharpen memory power.
923,Surya Pragya Mantra,For mental clarity vigor and the light of wisdom.
924,Saraswati Stotra Composed by Agastya,For increasing memory power and sharpening the intellect.
925,Hayagriva Stotra,For knowledge of the Vedas and mastery in difficult subjects.
926,Sharada Bhujanga Prayata Stotra,For sweetness of speech and literary knowledge.
927,Neela Saraswati Stotra,For logic and creative writing.
928,Vidya Lakshmi Stotra,For achieving success in career through education.
929,Dakshinamurti Stotra,For the attainment of philosophy spirituality and self-knowledge.
930,Brihaspati Stotra,For the expansion of wisdom and attainment of high positions.
931,Budh Stotra,To bring speed in mathematics and calculative subjects.
932,Saraswati Dwadash Nam Stotra,For increasing concentration by chanting 12 holy names.
933,Medha Sukta Stotra,For awakening IQ and understanding power.
934,Ganesha Pancharatna Stotra,For starting education and removing educational obstacles.
935,Saraswati Vandana (Ya Kundendu..),For concentration and peace before starting studies.
936,Ganesha Stuti (Gajananm Bhut..),To remove obstacles in learning any new thing.
937,Guru Vandana (Gurur Brahma..),To receive the guru's blessing and right guidance.
938,Shiva Manas Stuti,For mental clarity and deep self-knowledge.
939,Hanuman Buddhi Stuti,Knowing this body to be without intelligence.. for the development of wisdom and strength.
940,Brahma Stuti,For the power of creative ideas and new inventions.
941,Vishnu Stuti (Shantakaram..),For keeping the mind calm to focus on difficult studies.
942,Rama Stuti (Shri Ramachandra..),For the teachings of decorum patience and mental balance.
943,Gayatri Stuti,For purifying the intellect and bringing positive thoughts.
944,Krishna Stuti (Kasturi Tilakam..),For increasing concentration by controlling the restless mind.
945,Brihaspati Stuti,For the expansion of knowledge and understanding of serious subjects.
946,Guru Shloka,The guru shows the path of knowledge and is the supreme power of the universe.
947,Vidya Shloka,Knowledge brings humility and humility leads to competence.
948,Chanakya Niti,Knowledge kept in books and wealth gone to others are of no use in times of need.
949,Bhagavad Gita,There is nothing as purifying as knowledge in this world.
950,Subhashita,A king is respected only in his own country but a scholar is worshiped all over the world.
951,Vedic Vidya,Lead me from untruth to truth and from the darkness of ignorance to the light of knowledge.
952,Saraswati Shloka,O Mother Saraswati I am going to start my studies please grant me success.
953,Chanakya Niti 2,Knowledge is like the Kamadhenu cow which gives auspicious results in every difficult time.
954,Subhashita 2,Tasks are completed by hard work not just by wishing or thinking.
955,Gita Shloka 2,Apply your knowledge to your actions do not lose your concentration in the worry of the fruit.
956,Vedic Mantra,Let us walk together let us speak together and let us understand knowledge deeply.
957,Mahalakshmi Beej Mantra,The most powerful mantra for attaining wealth and removing poverty.
958,Kubera Mantra,The mantra of Kubera the king of wealth which keeps the safe always full.
959,Mahalakshmi Mool Mantra,For happiness peace and growth in business in life.
960,Lakshmi Mantra,To remove obstacles in the path of incoming wealth.
961,Rina Mochana Mantra,Special Shiva mantra to get rid of old debts.
962,Kanakadhara Beej Mantra,To open the doors to sudden financial gain and prosperity.
963,Vishnu Lakshmi Mantra,To maintain prosperity in the house and happiness and wealth in the family.
964,Mahalakshmi Gayatri,For positivity and a continuous flow of wealth in life.
965,Vyapar Vriddhi Mantra,For an increase in customers and wealth in a shop or business.
966,Dhana Prada Mantra,For the attainment of material comforts and luxury.
967,Kanakadhara Stotra,The most effective for eradicating poverty and for sudden financial gains.
968,Shri Suktam,To bring permanent wealth opulence and glory in life.
969,Mahalakshmi Ashtakam,For the attainment of all kinds of comforts and the eight-fold supernatural powers (Ashta-Siddhi).
970,Rina Mochana Mangala Stotra,To get rid of old loans and reduce financial burden.
971,Ashtalakshmi Stotra,To achieve prosperity in 8 different areas of life.
972,Lakshmi Hridaya Stotra,For great success in business and recovery of stuck money.
973,Ganesha Sankatanashana Stotra,To remove every obstacle in the path of incoming wealth.
974,Annapurna Stotra,To ensure there is never a shortage of food and wealth in the house.
975,Indrakshi Stotra,For the attainment of royal comfort respect and great opulence.
976,Narayana Suktam,For prosperity in the family and the joint grace of Lakshmi-Narayana.
977,Shubh-Labh Stotra,To maintain auspicious profit and prosperity in the house and shop.
978,Lakshmi Chalisa,For happiness prosperity and permanent wealth
979,Kubera Chalisa,For treasures of wealth and increasing income
980,Ganesha Chalisa,For profit in business and removing obstacles
981,Saraswati Chalisa,For the power to earn wealth through intellect
982,Mahalakshmi Chalisa,For the attainment of luxury and a luxurious life
983,Aarti of Lakshmi Ji,For permanent happiness and wealth increase in the house
984,Aarti of Kubera Ji,For treasures of wealth and increasing income
985,Maa Annapurna Aarti,To maintain the abundance of food and wealth
986,Maa Vaibhav Lakshmi Aarti,For the attainment of luxury and comforts
987,Namo Namastestu Mahamaye Shripithe Surapujite,O Mahamaya greetings to you you are the Goddess of wealth and opulence
988,Dhanam Dhanyam Pashum Bahuputralabham Shatasamvatsaram DirghamAyuh,May there be attainment of wealth grains and happiness and prosperity along with a long life
989,Yatra Yogeshwarah Krishno Yatra Partho Dhanurdharah,Where there is knowledge and action together victory and glory are certain there
990,Udyamena Hi Sidhyanti Karyani Na Manorathaih,Tasks are accomplished by hard work and wealth is attained
991,Yakshaya Kuberaya Vaishravanaya Dhanadhanyadhipataye,May Kubera Dev the lord of wealth grant us prosperity and glory
992,Karmanyevadhikaraste Ma Phaleshu Kadachana,Selfless action alone is the best which leads to permanent prosperity
993,Sarvamangalamangalye Shive Sarvarthasadhike,You are the doer of all auspiciousness and the accomplisher of tasks
994,Apadamapahartaram Dataram Sarvasampadam,The remover of all disasters and the giver of all wealth
995,Kleem Beej Mantra,For love attraction and increasing the pull in relationships.
996,Kamadeva Gayatri,For increasing romance and attraction in married life.
997,Katyayani Mantra,For getting the desired husband and removing obstacles in love marriage.
998,Patni Prapti Mantra,For the attainment of a beautiful and worthy wife.
999,Gauri-Shankar Mantra,For marital happiness and strengthening love relationships.
1000,Vishnu-Lakshmi Mantra,To maintain peace love and happiness-prosperity in the house.
1001,Shiva Shakti Mantra,To end quarrels between husband and wife and bring unity.
1002,Rudra Mantra,To keep the mind calm and for stability in relationships.
1003,Ardhanarishvara Mantra,For balance and increasing mutual understanding in relationships.
1004,Maa Saraswati Mantra,For improving communication in relationships and for sweet speech.
1005,Radha Kripa Kataksha,For divine grace in love relationships
1006,Madhurashtakam,For removing bitterness and bringing sweetness in relationships
1007,Kamadeva Stotra,For increasing power of attraction and love
1008,Ardhanarishvara Stotra,Mutual understanding and equality between husband and wife
1009,Janaki Stotra,For loyalty and dedication in relationships
1010,Parvati Stotra,For removing marital discord and tension
1011,Lakshmi Narayan Stotra,Stability of happiness peace and love in the house
1012,Krishna Ashtakam,For joy and happy relationships in life
1013,Uma Maheshwara Stotra,For an unbreakable bond of love and unity
1014,Annapurna Stotra,For love and abundant prosperity in the family
1015,Parvati Stuti,Success in love marriage
1016,Radha Stuti,Attainment of true love
1017,Sita Stuti,Decorum and love in relationships
1018,Krishna Stuti,For attraction and love
1019,Lakshmi Stuti,Happy married life
1020,Gopal Stuti,Sweetness in relationships
1021,Durga Stuti,Protection from evil eye
1022,Narayana Stuti,Stability in relationships
1023,Saraswati Stuti,Sweetness in conversation
1024,Hanuman Stuti,To remove obstacles
1025,Ganesha Stuti,Auspicious beginning of a new relationship
1026,Radhe Radhe from Barsana,To awaken the feeling of love
1027,Achyutam Keshavam,For dedication and love
1028,Shyama Come Settle In,To remove loneliness
1029,Filled With Sweet Nectar,For sweetness in relationships
1030,Nandlala Spoke to Mother Yashoda,For innocent love
1031,Sitaram Charit Pavan,Ideal family life
1032,Kanhaiya Take Me Across,Support of a companion in crisis
1033,Shyam Your Flute,For increasing attraction
1034,We Only Have the Support of Your Name Radha Rani,For emotional strength
1035,Such Devotion Took Hold,For complete surrender
1036,No One is Yours Except Hari,For truth in love
1037,Radha-Krishna Love Story,Radha-Krishna Love Story
1038,Shiva-Parvati Marriage,Shiva-Parvati Marriage
1039,Rama-Sita Exile Story,Rama-Sita Exile Story
1040,Story of Rukmini's Abduction,Story of Rukmini's Abduction
1041,Nala-Damayanti Story,Nala-Damayanti Story
1042,Kamadeva-Rati Story,Kamadeva-Rati Story
1043,Satyabhama-Krishna Story,Satyabhama-Krishna Story
1044,Usha-Aniruddha Story,Usha-Aniruddha Story
1045,Subhadra-Arjuna Marriage,Subhadra-Arjuna Marriage
1046,Tulsi-Shaligram,Tulsi-Shaligram
1047,Hanuman-Rama Devotion,Hanuman-Rama Devotion
1048,Gayatri Mantra,For mental peace and happiness
1049,Mahamrityunjaya,For removing fear and for joy
1050,Hare Krishna Mahamantra,Supreme bliss and pure devotion
1051,Ganesha Mantra,Freedom from stress and for happiness
1052,Shanti Mantra,For peace of mind and solace
1053,Shiva Panchakshara,For spiritual happiness and devotion
1054,Lakshmi Mantra,For prosperity and satisfaction
1055,Hanuman Mantra,Courage and enthusiasm of the mind
1056,Krishna Sharanam,Complete surrender to God
1057,Narayana Mantra,To awaken devotion in the heart
1058,Buddha Mantra,Inner peace and knowledge
1059,Shri Ram Stuti,Supreme peace and destruction of sorrows
1060,Shiva Stuti,For devotion and spiritual power
1061,Ganesha Stuti,For happiness prosperity and auspiciousness
1062,Narayana Stuti,For stability of mind and solace
1063,Saraswati Stuti,Wisdom and clarity of mind
1064,Hanuman Stuti,For courage and freedom from fear
1065,Durga Stuti,Protection and mental happiness
1066,Katyayani Stuti,Resolve and fulfillment of desires
1067,Krishna Stuti,For love of Krishna and joy
1068,Achyutam Keshavam,Achyutam Keshavam
1069,Radhe Radhe from Barsana,Radhe Radhe from Barsana
1070,Such Devotion Took Hold,Such Devotion Took Hold
1071,Shri Ramachandra Kripalu,Shri Ramachandra Kripalu
1072,Kishori Make Such an Arrangement,Kishori Make Such an Arrangement
1073,Nandlala Spoke to Mother Yashoda,Nandlala Spoke to Mother Yashoda
1074,Diamonds and Pearls of the Name of Rama,Diamonds and Pearls of the Name of Rama
1075,Shyama Come Settle In,Shyama Come Settle In
1076,Filled With Sweet Nectar,Filled With Sweet Nectar
1077,Fill My Bag O Shyam,Fill My Bag O Shyam
1078,O Caretaker,O Caretaker
1079,By Your Grace,By Your Grace
1080,Little Little Cows,Little Little Cows
1081,Shanti Shloka,For everyone's happiness and welfare
1082,Samarpan Shloka,Unbreakable love for God
1083,Ganesha Shloka,For finding happiness by removing obstacles
1084,Shiva Shloka,For divine peace and devotion
1085,Guru Shloka,For reverence and guidance
1086,Saraswati Shloka,Knowledge and happiness of mind
1087,Prabhat Shloka,Happy beginning of the day
1088,Mangal Shloka,Auspiciousness in every task
1089,Bhakti Shloka,For complete faith in God
1090,Hanuman Shloka,Power and peace of mind
1091,Mahamrityunjaya Mantra,Freedom from serious diseases and life protection
1092,Surya Arogya Mantra,Energy skin diseases and eyesight
1093,Prana Mudra Mantra,To increase vital energy in the body
1094,Roga Nashaka Mantra,To remove mental and physical ailments
1095,Hanuman Swasthya Mantra,Freedom from physical pain and suffering
1096,Ashwini Kumar Mantra,For quick recovery and healing
1097,Durga Arogya Mantra,Attainment of good fortune and excellent health
1098,Shiva Arogya Mantra,Destruction of fear of untimely death and diseases
1099,Gayatri Mantra,Mental health and purification of intellect
1100,Narayana Kavach Excerpt,For body protection and healing
1101,Aditya Hridaya Stotra,Aditya Hridaya Stotra
1102,Vaidyanatha Stotra,Vaidyanatha Stotra
1103,Dhanvantari Stotra,Dhanvantari Stotra
1104,Rama Raksha Stotra,Rama Raksha Stotra
1105,Sankata Nashana Ganesha Stotra,Sankata Nashana Ganesha Stotra
1106,Mrityunjaya Stotra,Mrityunjaya Stotra
1107,Durga Apaduddharaka Stotra,Durga Apaduddharaka Stotra
1108,Hanuman Bahuk,Hanuman Bahuk
1109,Surya Mandala Stotra,Surya Mandala Stotra
1110,Narayana Kavach,Narayana Kavach
1111,Shiva Arogya Stuti,Freedom from diseases and increase in lifespan
1112,Hanuman Stuti,Physical strength and pain relief
1113,Surya Stuti,For eyesight and brilliance
1114,Durga Stuti,Health protection from negative energy
1115,Rama Stuti,For mental peace and healing
1116,Ganesha Stuti,To find happiness by removing obstacles
1117,Narayana Stuti,Peace of mind and healing
1118,Vishnu Stuti,For purification of the whole body
1119,Lakshmi Arogya Stuti,Physical and mental satisfaction
1120,Saraswati Stuti,Mental clarity and healing
1121,O Destroyer of Sorrows Maruti Nandan,O Destroyer of Sorrows Maruti Nandan
1122,Your Name is the Savior,Your Name is the Savior
1123,How Lovely is the Adornment,How Lovely is the Adornment
1124,By Your Grace,By Your Grace
1125,Achyutam Keshavam,Achyutam Keshavam
1126,O Caretaker,O Caretaker
1127,Diamonds and Pearls of the Name of Rama,Diamonds and Pearls of the Name of Rama
1128,Give Us So Much Strength O Giver,Give Us So Much Strength O Giver
1129,Whoever Worshipped Shiva Shankar,Whoever Worshipped Shiva Shankar
1130,Shri Ramachandra Kripalu,Shri Ramachandra Kripalu
1131,Arogya Shloka,For excellent health and freedom from diseases
1132,Dhanvantari Shloka,For medicinal power and healing
1133,Mahamrityunjaya,Protection from untimely death and health
1134,Hanuman Swasthya,Destruction of all kinds of physical pain and illness
1135,Shanti Shloka,To keep everyone disease-free and happy
1136,Ashwini Kumar,Invocation of the divine physicians (Ashwini Kumars)
1137,Roga Nivarana,For the cure of complex and chronic diseases
1138,Vishnu Healing,Curing diseases by the name of God
1139,Prana Shloka,To increase prana energy in the body
1140,Bhojana Arogya,Protection of the body considering it as the primary means of dharma
1141,Ganesha Mantra,To remove obstacles in work
1142,Mahalakshmi Mantra,For prosperity in wealth and career
1143,Gayatri Mantra,To increase decision-making power and intellect
1144,Saraswati Mantra,For success in interviews and exams
1145,Hanuman Mantra,To achieve self-confidence and victory
1146,Surya Mantra,For government jobs and prestige
1147,Vishnu Mantra,For stability and progress in career
1148,Kartikeya Mantra,For victory over enemies and in competition
1149,Durga Mantra,For success and protection in every field
1150,Kubera Mantra,For growth in business and wealth
1151,Aditya Hridaya Stotra,Aditya Hridaya Stotra
1152,Sankata Nashana Ganesha Stotra,Sankata Nashana Ganesha Stotra
1153,Mahalakshmi Ashtakam,Mahalakshmi Ashtakam
1154,Rama Raksha Stotra,Rama Raksha Stotra
1155,Shri Suktam,Shri Suktam
1156,Bajrang Baan,Bajrang Baan
1157,Saraswati Stotra,Saraswati Stotra
1158,Narayana Kavach,Narayana Kavach
1159,Shiva Panchakshara Stotra,Shiva Panchakshara Stotra
1160,Hanuman Ashtak,Hanuman Ashtak
1161,Ganesha Stuti,For success at the beginning of work
1162,Shri Ram Stuti,Attainment of honor and victory
1163,Hanuman Stuti,Courage and achievement of difficult goals
1164,Saraswati Stuti,Progress in intellect interviews and knowledge
1165,Mahalakshmi Stuti,Profit in business and career growth
1166,Aditya Stuti,Government job and prestige
1167,Shiva Stuti,For stability and mental strength
1168,Narayana Stuti,Peace and happiness in professional life
1169,Durga Stuti,Destruction of obstacles and for victory
1170,Vishnu Stuti,Progress and prosperity in career
1171,Shri Hanuman Chalisa,Shri Hanuman Chalisa
1172,Shri Ganesha Chalisa,Shri Ganesha Chalisa
1173,Shri Lakshmi Chalisa,Shri Lakshmi Chalisa
1174,Shri Durga Chalisa,Shri Durga Chalisa
1175,Shri Saraswati Chalisa,Shri Saraswati Chalisa
1176,Give Us So Much Strength O Giver,To increase self-confidence in the workplace
1177,Diamonds and Pearls of the Name of Rama,For the fruit of hard work and mental peace
1178,Such Devotion Took Hold,To get deeply involved in one's work (Passion)
1179,O Caretaker,God's support in difficult projects
1180,By Your Grace,Credit for success and freedom from ego
1181,Give Us Strength of Mind,For the ability to make the right decisions
1182,There Are Two Beautiful Names in the World,To start the day with enthusiasm
1183,Achyutam Keshavam,To reduce stress and increase focus
1184,Lord You Are Sandalwood We Are Water,For teamwork and good behavior
1185,Victory to Hanuman Ocean of Knowledge and Virtues,To remain fearless in interviews and meetings
1186,Karma Shloka,For hard work and success without stress in career
1187,Vijaya Shloka,For definite victory in every task and competition
1188,Ganesha Shloka,To remove obstacles in business or new work
1189,Buddhi Shloka,For the right decisions and sharp intellect in career
1190,Vidya Shloka,For mastery in interviews exams and new skills
1191,Sankalpa Shloka,To overcome laziness and achieve goals through hard work
1192,Shanti-Vijaya,For mental completeness even under work pressure
1193,Guru Kripa,To get the right guidance and mentor in career
1194,Ganesha Gayatri,For success in tasks and for intellect.
1195,Lakshmi Beej Mantra,Attainment of immense wealth and prosperity.
1196,Kubera Mantra,Wealth accumulation and growth in business.
1197,Shri Suktam,Permanent residence of Mother Lakshmi in the house.
1198,Vakratunda Mahakaya,To remove all obstacles and hurdles.
1199,Lakshmi Gayatri,Attainment of good fortune and opulence.
1200,Saraswati Mantra,Knowledge concentration and mastery in arts.
1201,Ganesha Mool Mantra,For the uninterrupted beginning of any new task.
1202,Mahalakshmi Ashtakam,To attain the full grace of Ashta-Lakshmi.
1203,Vishnu Vandana,For happiness peace and salvation in life.
1204,Gayatri Mantra,For spiritual awakening and pure intellect.
1205,Om Jai Lakshmi Mata,The main Aarti for attaining wealth happiness and prosperity.
1206,Jai Ganesh Deva,To remove obstacles at the beginning of any worship.
1207,Om Jai Jagdish Hare,A universal Aarti for peace devotion and happiness in the house.
1208,Shri Kubera Aarti,To please the God of wealth and keep the safe full.
1209,Mahalakshmi Ashtakam,This is considered the most powerful stuti of Mother Lakshmi.
1210,Shri Suktam,The oldest and purest stuti of Mother Lakshmi taken from the Vedas.
1211,Shri Ram Chandra Kripalu Bhaju Mana,The stuti sung in joy of Lord Rama's arrival in Ayodhya.
1212,Maiya Lakshmi Ji Ki Amritwani,A description of the complete glory and story of Mother Lakshmi.
1213,Jai Ganesh Jai Ganesh Deva,The most popular bhajan of Ganesha the creator of happiness and destroyer of sorrows.
1214,Lakshmi Chalisa,A simple and beautiful text to please Mother Lakshmi.
1215,Shri Ram Stuti,Excellent for singing the glory of Lord Ram on the day of Diwali.
1216,Achyutam Keshavam Krishna Damodaram,A peaceful and sweet stuti of Lord Vishnu.
1217,Thumak Chalat Ramachandra,A beautiful description of the child form of Ram Ji.
1218,Mahalakshmi Kavach,For the protection and prosperity of the house and family.
1219,Vishnu Sahasranama,The 1000 names of Vishnu Ji which are dear to Mahalakshmi.
1220,Mool Mantra,For attaining salvation and peace of mind.
1221,Mahamantra,Freedom from the sins of Kali Yuga and supreme bliss.
1222,Krishna Gayatri,For increasing knowledge intellect and concentration.
1223,Santana Gopal Mantra,An infallible mantra for attaining a worthy child.
1224,Krishna Beej Mantra,For the power of attraction and completing stuck tasks.
1225,Klesha Nashaka Mantra,To remove all the sorrows and crises of life.
1226,Sharan Mantra,To remove fear and seek God's protection.
1227,Govinda Mantra,Attainment of wealth opulence and comforts.
1228,Madhurashtakam,To immerse in the love of Krishna and increase devotion.
1229,Achyutam Keshavam,To meditate and remember God morning and evening.
1230,Aarti Kunj Bihari Ki,This is the most famous and beloved Aarti of Krishna Ji.
1231,Jai Ganesh Deva,The Aarti of Ganesha Ji is done first at the beginning of any worship.
1232,Banke Bihari Ki Aarti,The main Aarti of the Banke Bihari temple in Mathura and Vrindavan.
1233,Om Jai Jagdish Hare,Krishna Ji is an avatar of Vishnu hence this Aarti is definitely performed.
1234,Madhurashtakam (Adharam Madhuram),The most beautiful description of Krishna Ji's beauty.
1235,Achyutam Keshavam Krishna Damodaram,A very peaceful and sweet chanting of names.
1236,Yashomati Maiya Se Bole Nandlala,A description of Kanha's child form and his talks.
1237,Govind Bolo Hari Gopal Bolo,The simplest kirtan to sing collectively.
1238,Nand Ke Anand Bhayo Jai Kanhaiya Lal Ki,The most special song to celebrate happiness after birth.
1239,Chhoti Chhoti Gaiya Chhote Chhote Gwal,A favorite bhajan of both children and adults.
1240,Mere Banke Bihari Lal,To express love for Banke Bihari Ji.
1241,Shyam Teri Bansi Pukare Radha Naam,The love of God and the glory of the flute.
1242,Shri Krishna Govind Hare Murari,A melodious bhajan that removes crises.
1243,Aisi Lagi Lagan Meera Ho Gayi Magan,A bhajan showing the climax of devotion.

Track Number,Title (Transliterated),Description (Transliterated)
1,Panchakshari Mantra,Panchakshari Mantra
2,Mahamrityunjay Mantra,Mahamrityunjay Mantra
3,Rudra Mantra,Rudra Mantra
4,Shiv Gayatri Mantra,Shiv Gayatri Mantra
5,Shiv Stuti Mantra,Shiv Stuti Mantra
6,Shiv Tandav Stotram,Shiv Tandav Stotram
7,Shiv Panchakshar Stotram:,Shiv Panchakshar Stotram:
8,Shiv Mahimn Stotra:,Shiv Mahimn Stotra:
9,Vedasar Shiv Stotram,Vedasar Shiv Stotram
10,Shiv Chalisa,Shiv Chalisa
11,Shri Rudrashtakam (Sankshipt Ansh - Tulsidas Rachit),Shri Rudrashtakam (Sankshipt Ansh - Tulsidas Rachit)
12,Shiv Stuti,Shiv Stuti
13,Om Jai Shiv Omkara,Om Jai Shiv Omkara
14,Dhyan Shlok (Puja Hetu),Dhyan Shlok (Puja Hetu)
15,Shiv Shankar Ko Jisne Puja,Shiv Shankar Ko Jisne Puja
16,Subah Subah Le Shiv Ka Naam,Subah Subah Le Shiv Ka Naam
17,He Shambhu Baba Mere Bhole Nath,He Shambhu Baba Mere Bhole Nath
18,Chalo Shiv Shankar Ke Mandir Mein Bhakto,Chalo Shiv Shankar Ke Mandir Mein Bhakto
19,Bhole Bhandari Sabke Hi Bhandar Bhare,Bhole Bhandari Sabke Hi Bhandar Bhare
20,Shankar Teri Jata Mein Behti Hai Gangdhara,Shankar Teri Jata Mein Behti Hai Gangdhara
21,Sampurn Shiv Puran Saar,Sampurn Shiv Puran Saar
22,Shiv Ji Ka Janm Kaise Hua,Shiv Ji Ka Janm Kaise Hua
23,Sampurn Gatha Neelkanth Ki,Sampurn Gatha Neelkanth Ki
24,Nandi Kaise Bane Shivji Ke Sawari,Nandi Kaise Bane Shivji Ke Sawari
25,Aakhir Kyon Shiv-Parvati Ne Liya Tha Ardhanarishwar Roop?,Aakhir Kyon Shiv-Parvati Ne Liya Tha Ardhanarishwar Roop?
26,Kyon Mila Tha Chandrama Ko Shrap?,Kyon Mila Tha Chandrama Ko Shrap?
27,12 Jyotirling Ki Kathayein Kya Hai?,12 Jyotirling Ki Kathayein Kya Hai?
28,Shiv Ne Apne Hi Putra Ganesh Ka Sir Kyon Kata?,Shiv Ne Apne Hi Putra Ganesh Ka Sir Kyon Kata?
29,Hanuman Beej Mantra,Hanuman Beej Mantra
30,Hanuman Gayatri Mantra:,Hanuman Gayatri Mantra:
31,Manojavam Marutatulyavegam Mantra:,Manojavam Marutatulyavegam Mantra:
32,Rudravatar Hanuman Mantra (Mool Mantra:),Rudravatar Hanuman Mantra (Mool Mantra:)
33,Anjaneya Mantra,Anjaneya Mantra
34,Pramukh Mantra:,Pramukh Mantra:
35,Raksha Kavach Mantra:,Raksha Kavach Mantra:
36,Maruti Stotra,Maruti Stotra
37,Shri Hanuman Tandav Stotra,Shri Hanuman Tandav Stotra
38,Shri Anjaneya Dwadashnam Stotram,Shri Anjaneya Dwadashnam Stotram
39,Panchmukhi Hanuman Stotra,Panchmukhi Hanuman Stotra
40,Hanuman Chalisa,Hanuman Chalisa
41,Sankatmochan Hanuman Ashtak,Sankatmochan Hanuman Ashtak
42,"Atulitbaladhamam Hemashailabhadeham,","Atulitbaladhamam Hemashailabhadeham,"
43,Aarti Keeje Hanuman Lala Ki,Aarti Keeje Hanuman Lala Ki
44,Buddhirbalam Yasho Dhairyam Nirbhayatvamarogata.,Buddhirbalam Yasho Dhairyam Nirbhayatvamarogata.
45,Hanuman Gayatri,Hanuman Gayatri
46,Markatesh Mahotsah Sarvashok Vinashan.,Markatesh Mahotsah Sarvashok Vinashan.
47,Karya Siddhi,Karya Siddhi
48,"Atulitbaladhamam Hemashailabhadeham, Anujavanakrushanum Jnaninamagraganyam. Sakalagunanishanam Vanaranamadhisham, Raghupatipriyabhaktam Vatajatam Namami.","Atulitbaladhamam Hemashailabhadeham, Anujavanakrushanum Jnaninamagraganyam. Sakalagunanishanam Vanaranamadhisham, Raghupatipriyabhaktam Vatajatam Namami."
49,Duniya Chale Na Shri Ram Ke Bina,Duniya Chale Na Shri Ram Ke Bina
50,He Dukh Bhanjan Maruti Nandan,He Dukh Bhanjan Maruti Nandan
51,Chham Chham Nache Veer Hanuman,Chham Chham Nache Veer Hanuman
52,Sankat Mochan Naam Tiharo,Sankat Mochan Naam Tiharo
53,Bajrang Bali Meri Naav Chali,Bajrang Bali Meri Naav Chali
54,Veer Hanumana Ati Balwana,Veer Hanumana Ati Balwana
55,Hanuman Janm Katha,Hanuman Janm Katha
56,"Shakti, Bhakti Aur Buddhi Ke Dev Hanuman Ji Ko Samjhiye |","Shakti, Bhakti Aur Buddhi Ke Dev Hanuman Ji Ko Samjhiye |"
57,Bhagwan Shri Ram Aur Hanuman Ji Ka Pratham Milap,Bhagwan Shri Ram Aur Hanuman Ji Ka Pratham Milap
58,Hanuman Janm Katha,Hanuman Janm Katha
59,Hanuman Ji Raksha Kaise Karte Hain?,Hanuman Ji Raksha Kaise Karte Hain?
60,Jab Hanuman Ji Chale Lanka Mata Janki Ko Khojne |,Jab Hanuman Ji Chale Lanka Mata Janki Ko Khojne |
61,Mool Beej Mantra,Mool Beej Mantra
62,Vakratunda Mahakaya Suryakoti Samaprabha.,Vakratunda Mahakaya Suryakoti Samaprabha.
63,Ganesh Gayatri,Ganesh Gayatri
64,Sankat Nashak Mantra,Sankat Nashak Mantra
65,Om Lambodaray Namah,Om Lambodaray Namah
66,Ganesh Atharvashirsha:,Ganesh Atharvashirsha:
67,Rinaharta Ganesh Stotra:,Rinaharta Ganesh Stotra:
68,Shri Ganesh Kavach:,Shri Ganesh Kavach:
69,Ganesh Ashtottara Shatanam Stotra:,Ganesh Ashtottara Shatanam Stotra:
70,Mayureshwar Stotra:,Mayureshwar Stotra:
71,Shri Ganesh Chalisa,Shri Ganesh Chalisa
72,Shri Ganeshpancharatnam,Shri Ganeshpancharatnam
73,Tulsidas Krit Shri Ganesh Stuti,Tulsidas Krit Shri Ganesh Stuti
74,Siddhivinayak Stuti,Siddhivinayak Stuti
75,Namami Te Gajananm,Namami Te Gajananm
76,Jai Ganesh Jai Ganesh Deva,Jai Ganesh Jai Ganesh Deva
77,Sukhakarta Dukhaharta Varta Vighnachi,Sukhakarta Dukhaharta Varta Vighnachi
78,Shendur Lal Chadhayo Achchha Gajmukh Ko,Shendur Lal Chadhayo Achchha Gajmukh Ko
79,Jai Dev Jai Dev Jai Mangalmurti,Jai Dev Jai Dev Jai Mangalmurti
80,Aarti Siddhivinayak Ji Ki,Aarti Siddhivinayak Ji Ki
81,Vakratunda Mahakaya Suryakoti Samaprabha. Nirvighnam Kuru Me Dev Sarvakaryeshu Sarvada.,Vakratunda Mahakaya Suryakoti Samaprabha. Nirvighnam Kuru Me Dev Sarvakaryeshu Sarvada.
82,Gajananm Bhutaganadisevitam Kapitthajambuphalacharubhakshanam. Umasutam Shokavinashakarakam Namami Vighneshwarapadapankajam.,Gajananm Bhutaganadisevitam Kapitthajambuphalacharubhakshanam. Umasutam Shokavinashakarakam Namami Vighneshwarapadapankajam.
83,Agajanan Padmarkam Gajananamaharnisham. Anekadantam Bhaktanam Ekadantamupasmahe.,Agajanan Padmarkam Gajananamaharnisham. Anekadantam Bhaktanam Ekadantamupasmahe.
84,Vighneshwaraya Varadaya Surapriyaya Lambodaraya Sakalaya Jagaddhitaya. Nagananaya Shrutiyajnavibhushitaya Gourisutaya Gananatha Namo Namaste.,Vighneshwaraya Varadaya Surapriyaya Lambodaraya Sakalaya Jagaddhitaya. Nagananaya Shrutiyajnavibhushitaya Gourisutaya Gananatha Namo Namaste.
85,Abhipsitarth Siddhyartham Pujito Yah Surasuraih. Sarvavighnaharastasmai Ganadhipataye Namah.,Abhipsitarth Siddhyartham Pujito Yah Surasuraih. Sarvavighnaharastasmai Ganadhipataye Namah.
86,Ghar Mein Padharo Gajanand Ji Mere Ghar Mein Padharo,Ghar Mein Padharo Gajanand Ji Mere Ghar Mein Padharo
87,Sankat Har Lo Mangal Kar Do,Sankat Har Lo Mangal Kar Do
88,Teri Jai Ho Ganesh,Teri Jai Ho Ganesh
89,He Gauri Nandan Tumko Vandan,He Gauri Nandan Tumko Vandan
90,He Gauri Nandan Tumko Vandan,He Gauri Nandan Tumko Vandan
91,Ganpati Pehla Tumhe Pranam Hai,Ganpati Pehla Tumhe Pranam Hai
92,Gajanan Maharaj Padharo,Gajanan Maharaj Padharo
93,Shri Ganesh Janm Katha,Shri Ganesh Janm Katha
94,Sabse Pehle Ganesh Bhagwan Ki Puja Kyon Karte Hai,Sabse Pehle Ganesh Bhagwan Ki Puja Kyon Karte Hai
95,Mahabharat Kaise Likhi Gayi?,Mahabharat Kaise Likhi Gayi?
96,Dwadashakshar Mantra,Dwadashakshar Mantra
97,Om Namo Narayanaya,Om Namo Narayanaya
98,Shriman Narayan Narayan Hari Hari,Shriman Narayan Narayan Hari Hari
99,Om Vishnave Namah,Om Vishnave Namah
100,Om Hreem Kartaviryajuno Naam Raja Bahu Sahasravan. Yasya Smarena Matrena Hritam Nashtam Cha Labhyate.,Om Hreem Kartaviryajuno Naam Raja Bahu Sahasravan. Yasya Smarena Matrena Hritam Nashtam Cha Labhyate.
101,Om Lakshmipataye Namah,Om Lakshmipataye Namah
102,Vishnu Gayatri,Vishnu Gayatri
103,Shantakaram Bhujagashayanam Padmanabham Suresham,Shantakaram Bhujagashayanam Padmanabham Suresham
104,Om Achyutaya Namah,Om Achyutaya Namah
105,Vishnu Sahasranama Stotram:,Vishnu Sahasranama Stotram:
106,Gajendra Moksha Stotra:,Gajendra Moksha Stotra:
107,Lakshmi Narayan Stotra,Lakshmi Narayan Stotra
108,Vishnu Panjar Stotram,Vishnu Panjar Stotram
109,Narayan Suktam,Narayan Suktam
110,Vishnu Bhujang Prayat Stotra,Vishnu Bhujang Prayat Stotra
111,Shri Hari Stotram,Shri Hari Stotram
112,Vishnu Chalisa,Vishnu Chalisa
113,Achyutashtakam,Achyutashtakam
114,Shri Vishnu Stuti,Shri Vishnu Stuti
115,Om Jai Jagdish Hare,Om Jai Jagdish Hare
116,Namostvanantaya,Namostvanantaya
117,Yada Yada Hi Dharmasya,Yada Yada Hi Dharmasya
118,Kayena Vacha,Kayena Vacha
119,Sashankhachakram Sakiritakundalam,Sashankhachakram Sakiritakundalam
120,Tvameva Mata Cha Pita Tvameva,Tvameva Mata Cha Pita Tvameva
121,Achyutam Keshavam Krishna Damodaram,Achyutam Keshavam Krishna Damodaram
122,Shriman Narayan Narayan Hari Hari,Shriman Narayan Narayan Hari Hari
123,Namo Namo Shri Narayan Jai Vaikunth Bihari,Namo Namo Shri Narayan Jai Vaikunth Bihari
124,Sare Jahan Ke Malik Tera Hi Aasra Hai,Sare Jahan Ke Malik Tera Hi Aasra Hai
125,Hari Aa Jao Ek Baar,Hari Aa Jao Ek Baar
126,Satyanarayan Vrat Katha:,Satyanarayan Vrat Katha:
127,Samudra Manthan Ki Katha:,Samudra Manthan Ki Katha:
128,Dashavatar Katha:,Dashavatar Katha:
129,Narsingh Avatar Aur Prahlad Ki Katha,Narsingh Avatar Aur Prahlad Ki Katha
130,Vaman Avatar Aur Raja Bali Ki Katha,Vaman Avatar Aur Raja Bali Ki Katha
131,Vishnu Ji Aur Mata Lakshmi Ke Vivah Ki Katha,Vishnu Ji Aur Mata Lakshmi Ke Vivah Ki Katha
132,Shaligram Banne Ki Katha,Shaligram Banne Ki Katha
133,Guruvar Vrat Katha,Guruvar Vrat Katha
134,Mahalakshmi Beej Mantra,Mahalakshmi Beej Mantra
135,Om Shri Mahalakshmyai Namah,Om Shri Mahalakshmyai Namah
136,Lakshmi Gayatri Mantra,Lakshmi Gayatri Mantra
137,Shri Siddha Lakshmi Mantra,Shri Siddha Lakshmi Mantra
138,Om Dhanaya Namo Namah,Om Dhanaya Namo Namah
139,Sarvabadha Nivaran Mantra,Sarvabadha Nivaran Mantra
140,Om Hreem Hreem Shri Lakshmi Vasudevaya Namah.,Om Hreem Hreem Shri Lakshmi Vasudevaya Namah.
141,Shri Suktam:,Shri Suktam:
142,Kanakadhara Stotra:,Kanakadhara Stotra:
143,Lakshmi Hridaya Stotra,Lakshmi Hridaya Stotra
144,Mahalakshmi Kavach,Mahalakshmi Kavach
145,Ashtalakshmi Stotra,Ashtalakshmi Stotra
146,Sarvadeva Krit Lakshmi Stotra,Sarvadeva Krit Lakshmi Stotra
147,Shri Lakshmi Chalisa,Shri Lakshmi Chalisa
148,Mahalakshmyashtakam,Mahalakshmyashtakam
149,Maha Lakshmi Stuti,Maha Lakshmi Stuti
150,Mahalakshmi Stavanam,Mahalakshmi Stavanam
151,Om Jai Lakshmi Mata,Om Jai Lakshmi Mata
152,Namastestu Mahamaye Shripithe Surapujite. Shankhachakragadahaste Mahalakshmi Namostu Te,Namastestu Mahamaye Shripithe Surapujite. Shankhachakragadahaste Mahalakshmi Namostu Te
153,Lakshmi Amritwani,Lakshmi Amritwani
154,Mere Ghar Aao Maa Lakshmi,Mere Ghar Aao Maa Lakshmi
155,Maiya Lakshmi Deti Dhan Dhan Hai,Maiya Lakshmi Deti Dhan Dhan Hai
156,Ghar Mein Padharo Lakshmi Maiya,Ghar Mein Padharo Lakshmi Maiya
157,Lakshmi Maiya Hai Tumse,Lakshmi Maiya Hai Tumse
158,Shubh Labh Dhan Vaibhav Data Jai,Shubh Labh Dhan Vaibhav Data Jai
159,Lakshmi Ji Ki Avatar Katha |,Lakshmi Ji Ki Avatar Katha |
160,Vaibhav Lakshmi Vrat Katha,Vaibhav Lakshmi Vrat Katha
161,Deepawali Ki Katha:,Deepawali Ki Katha:
162,Maa Lakshmi Aur Raja Bali Ki Katha,Maa Lakshmi Aur Raja Bali Ki Katha
163,Om Sham Shanaishcharaya Namah,Om Sham Shanaishcharaya Namah
164,Shani Beej Mantra,Shani Beej Mantra
165,Om Nilanjanasamabhasam Raviputram Yamagrajam. Chhayamartandasambhutam Tam Namami Shanaishcharam.,Om Nilanjanasamabhasam Raviputram Yamagrajam. Chhayamartandasambhutam Tam Namami Shanaishcharam.
166,Shani Gayatri Mantra),Shani Gayatri Mantra)
167,Shani Vajra Panjar Kavacham,Shani Vajra Panjar Kavacham
168,Dashrathkrit Shani Stotra,Dashrathkrit Shani Stotra
169,Mahakal Shani Mrityunjaya Stotra,Mahakal Shani Mrityunjaya Stotra
170,Shani Peedahar Stotra,Shani Peedahar Stotra
171,Shani Chalisa,Shani Chalisa
172,Shri Shani Ashtakam,Shri Shani Ashtakam
173,Shani Stuti,Shani Stuti
174,Shani Vandana:,Shani Vandana:
175,Jai Jai Shri Shanidev Bhaktan Hitkari,Jai Jai Shri Shanidev Bhaktan Hitkari
176,Aarti Shri Shani Maharaj Ki,Aarti Shri Shani Maharaj Ki
177,Suryaputro Dirghadeho Vishalakshah Shivapriyah. Mandacharah Prasannatma Peedam Haratu Me Shanih.,Suryaputro Dirghadeho Vishalakshah Shivapriyah. Mandacharah Prasannatma Peedam Haratu Me Shanih.
178,Shanaishwara Shanaishwara,Shanaishwara Shanaishwara
179,Sachcha Shanidev Tera Darbar,Sachcha Shanidev Tera Darbar
180,Shani Ji Kardo Beda Paar,Shani Ji Kardo Beda Paar
181,Shri Shanidev Amritwani,Shri Shanidev Amritwani
182,Shani Dev Tumhare Charno Mein,Shani Dev Tumhare Charno Mein
183,Shanidev Tera Jag Mein Ajab Nazara Hai,Shanidev Tera Jag Mein Ajab Nazara Hai
184,Shanidev Ke Janm Ki Mahan Katha,Shanidev Ke Janm Ki Mahan Katha
185,Shanidev Aur Hanuman Ji Ki Katha |,Shanidev Aur Hanuman Ji Ki Katha |
186,Shanivar Vrat Katha,Shanivar Vrat Katha
187,Om Ramaya Namah,Om Ramaya Namah
188,Om Ram Ramaya Namah,Om Ram Ramaya Namah
189,Shri Ram Jai Ram Jai Jai Ram,Shri Ram Jai Ram Jai Jai Ram
190,Om Shri Ramchandraya Namah,Om Shri Ramchandraya Namah
191,Om Namo Bhagavate Ramchandraya,Om Namo Bhagavate Ramchandraya
192,Ram Rameti Rameti Rame Rame Manorame. Sahasranama Tatsulyam Ramanama Varanane.,Ram Rameti Rameti Rame Rame Manorame. Sahasranama Tatsulyam Ramanama Varanane.
193,Apadamapahartaram Dataram Sarvasampadam. Lokabhiramam Shriramam Bhuyo Bhuyo Namamyaham.,Apadamapahartaram Dataram Sarvasampadam. Lokabhiramam Shriramam Bhuyo Bhuyo Namamyaham.
194,Shri Ram Raksha Stotra:,Shri Ram Raksha Stotra:
195,Aditya Hridaya Stotra:,Aditya Hridaya Stotra:
196,Shri Ram Sahasranama Stotra,Shri Ram Sahasranama Stotra
197,Nama Ramayanam,Nama Ramayanam
198,Ram Hridaya Stotra,Ram Hridaya Stotra
199,Jatayu Krit Shri Ram Stotra,Jatayu Krit Shri Ram Stotra
200,Shri Ram Chalisa,Shri Ram Chalisa
201,Shri Ram Ashtakam,Shri Ram Ashtakam
202,Shri Ramachandra Kripalu Bhaju Man:,Shri Ramachandra Kripalu Bhaju Man:
203,Janki Stuti,Janki Stuti
204,Shri Ramachandra Ji Ki Aarti:,Shri Ramachandra Ji Ki Aarti:
205,Jag Janani Sita Mata Ki Aarti,Jag Janani Sita Mata Ki Aarti
206,Aarti Shri Ramayan Ji Ki,Aarti Shri Ramayan Ji Ki
207,Aarti Shri Raghuvar Lala Ki,Aarti Shri Raghuvar Lala Ki
208,Aarti Avadh Bihari Ki,Aarti Avadh Bihari Ki
209,Nilambujashyamalakomalangam Sitasamaropitavamabhagam. Panau Mahasayakacharuchapam Namami Ramam Raghuvanshanatham.,Nilambujashyamalakomalangam Sitasamaropitavamabhagam. Panau Mahasayakacharuchapam Namami Ramam Raghuvanshanatham.
210,Ramaya Ramabhadraya Ramachandraya Vedhase. Raghunathaya Nathaya Sitayah Pataye Namah.,Ramaya Ramabhadraya Ramachandraya Vedhase. Raghunathaya Nathaya Sitayah Pataye Namah.
211,Lokabhiramam Ranarangadhiram Rajivanetram Raghuvanshanatham. Karunyarupam Karunakaram Tam Shriramachandram Sharanam Prapadye.,Lokabhiramam Ranarangadhiram Rajivanetram Raghuvanshanatham. Karunyarupam Karunakaram Tam Shriramachandram Sharanam Prapadye.
212,"Apadamapahartaram Dataram Sarvasampadam.
Lokabhiramam Shriramam Bhuyo Bhuyo Namamyaham.","Apadamapahartaram Dataram Sarvasampadam.
Lokabhiramam Shriramam Bhuyo Bhuyo Namamyaham."
213,Payo Ji Maine Ram Ratan Dhan Payo,Payo Ji Maine Ram Ratan Dhan Payo
214,Thumak Chalat Ramchandra Bajat Painjaniya,Thumak Chalat Ramchandra Bajat Painjaniya
215,Shri Ram Janki Baithe Hain Mere Seene Mein,Shri Ram Janki Baithe Hain Mere Seene Mein
216,Raghupati Raghav Raja Ram,Raghupati Raghav Raja Ram
217,Ram Kahani Suno Re Ram Kahani,Ram Kahani Suno Re Ram Kahani
218,Nagari Ho Ayodhya Si,Nagari Ho Ayodhya Si
219,Ram Ji Ki Nikli Sawari,Ram Ji Ki Nikli Sawari
220,Bhajman Ram Charan Sukhdayi,Bhajman Ram Charan Sukhdayi
221,Ram Naam Ke Heere Moti,Ram Naam Ke Heere Moti
222,Man Mein Ram Basa Le,Man Mein Ram Basa Le
223,Shri Ram Janm Katha:,Shri Ram Janm Katha:
224,Shri Ram Ne Kaise Kiya Maa Ahalya Ka Uddhar,Shri Ram Ne Kaise Kiya Maa Ahalya Ka Uddhar
225,Sita Swayamvar Ki Adbhut Katha,Sita Swayamvar Ki Adbhut Katha
226,Shriram Vanvas Ki Katha,Shriram Vanvas Ki Katha
227,Bharat Ram Milap - Katha,Bharat Ram Milap - Katha
228,Shriram Ne Bali Ko Chhupkar Kyon Mara?,Shriram Ne Bali Ko Chhupkar Kyon Mara?
229,Vijayadashami - Ram Ravan Antim Yudh Ki Sampurn Katha |,Vijayadashami - Ram Ravan Antim Yudh Ki Sampurn Katha |
230,Beej Mantra,Beej Mantra
231,Om Vakratundaya Hum,Om Vakratundaya Hum
232,Om Hasti Pishachi Likha Swaha,Om Hasti Pishachi Likha Swaha
233,Om Lambodaray Namah,Om Lambodaray Namah
234,Om Vikataya Namah,Om Vikataya Namah
235,Om Vinayakaya Namah,Om Vinayakaya Namah
236,Om Vighnanashanaya Namah,Om Vighnanashanaya Namah
237,Ganesh Gayatri,Ganesh Gayatri
238,Shri Sankatnashan Ganesh Stotra,Shri Sankatnashan Ganesh Stotra
239,Ganesh Atharvashirsha,Ganesh Atharvashirsha
240,Rinaharta Ganesh Stotra,Rinaharta Ganesh Stotra
241,Ganesh Ashtottara Shatanam Stotra,Ganesh Ashtottara Shatanam Stotra
242,Ganesh Kavach,Ganesh Kavach
243,Mayureshwar Stotra,Mayureshwar Stotra
244,Ganesh Hridaya Stotra,Ganesh Hridaya Stotra
245,Ganesh Chalisa,Ganesh Chalisa
246,Ganesh Ashtakam,Ganesh Ashtakam
247,Shri Ganesh Pancharatna,Shri Ganesh Pancharatna
248,Pratham Tula Vandito,Pratham Tula Vandito
249,Gajananm Bhut Ganadi Sevitam,Gajananm Bhut Ganadi Sevitam
250,Shri Ganesh Stuti,Shri Ganesh Stuti
251,Ganesh Vandana,Ganesh Vandana
252,Shri Ganesh Ji Ki Aarti,Shri Ganesh Ji Ki Aarti
253,"Sukh Karta Dukhaharta, Varta Vighnachi Nurvi Purvi Prem Krupa Jayachi","Sukh Karta Dukhaharta, Varta Vighnachi Nurvi Purvi Prem Krupa Jayachi"
254,Om Shendur Lal Chadhayo Achchha Gajmukh Ko,Om Shendur Lal Chadhayo Achchha Gajmukh Ko
255,Vakratunda Mahakaya Suryakoti Samaprabha. Nirvighnam Kuru Me Dev Sarvakaryeshu Sarvada.,Vakratunda Mahakaya Suryakoti Samaprabha. Nirvighnam Kuru Me Dev Sarvakaryeshu Sarvada.
256,"Gajananm Bhut Ganadi Sevitam, Kapittha Jambu Phala Charu Bhakshanam. Umasutam Shoka Vinashakarakam, Namami Vighneshwar Pada Pankajam.","Gajananm Bhut Ganadi Sevitam, Kapittha Jambu Phala Charu Bhakshanam. Umasutam Shoka Vinashakarakam, Namami Vighneshwar Pada Pankajam."
257,Agajanan Padmarkam Gajanan Aharnisham. Anekadantam Bhaktanam Ekadanta Upasmahe.,Agajanan Padmarkam Gajanan Aharnisham. Anekadantam Bhaktanam Ekadanta Upasmahe.
258,Sumukhashchaikadantashcha Kapilo Gajakarnakah. Lambodarashcha Vikato Vighnanasho Vinayakah.,Sumukhashchaikadantashcha Kapilo Gajakarnakah. Lambodarashcha Vikato Vighnanasho Vinayakah.
259,Om Shreem Gam Saubhagya Ganapataye Varvarada Sarvajanma Me Vashamanya Swaha,Om Shreem Gam Saubhagya Ganapataye Varvarada Sarvajanma Me Vashamanya Swaha
260,Deva Shri Ganesha,Deva Shri Ganesha
261,Maurya Re Bappa Maurya Re,Maurya Re Bappa Maurya Re
262,Gajanana Shri Ganaraya,Gajanana Shri Ganaraya
263,Suno Ganpati Bappa Maurya,Suno Ganpati Bappa Maurya
264,Ganpati Apne Gaon Chale,Ganpati Apne Gaon Chale
265,Mere Man Mandir Mein Tum Bhagwan Rahe,Mere Man Mandir Mein Tum Bhagwan Rahe
266,Shri Ganesh Janm Katha,Shri Ganesh Janm Katha
267,Prithvi Parikrama Katha,Prithvi Parikrama Katha
268,Sankashti Chaturthi Vrat Katha,Sankashti Chaturthi Vrat Katha
269,Ganesh Ji Ne Kuber Ka Ghamand Kaise Toda,Ganesh Ji Ne Kuber Ka Ghamand Kaise Toda
270,Kaunsa Shrap Mila Chandradev Ko Shri Ganesh Ji Dwara?,Kaunsa Shrap Mila Chandradev Ko Shri Ganesh Ji Dwara?
271,Mahabharat Ka Lekhan Kisne Kiya Tha,Mahabharat Ka Lekhan Kisne Kiya Tha
272,"Janiye Kaise Janm Hua Devi Riddhi-Siddhi Ka, Kaise Hua Shri Ganesh Se Vivah","Janiye Kaise Janm Hua Devi Riddhi-Siddhi Ka, Kaise Hua Shri Ganesh Se Vivah"
273,Shri Ganesh Ke Ekdant Avatar Ki Kahani.,Shri Ganesh Ke Ekdant Avatar Ki Kahani.
274,Hua Itna Bhayankar Yudh Ke Parshuram Ji Ganesh Ji Ka Daant Tod Diya,Hua Itna Bhayankar Yudh Ke Parshuram Ji Ganesh Ji Ka Daant Tod Diya
275,Beej Mantra,Beej Mantra
276,Mukti Mantra,Mukti Mantra
277,Mahamantra,Mahamantra
278,Shri Krishnaya Sharanam Mama,Shri Krishnaya Sharanam Mama
279,Om Kleem Krishnaya Namah,Om Kleem Krishnaya Namah
280,Krishna Gayatri,Krishna Gayatri
281,Gokul Nathaya Namah,Gokul Nathaya Namah
282,Govallabhaya Swaha,Govallabhaya Swaha
283,Om Kleem Glaum Kleem Shyamalangaya Namah,Om Kleem Glaum Kleem Shyamalangaya Namah
284,Gopal Sahasranama Stotra,Gopal Sahasranama Stotra
285,Mukunda Mala Stotra,Mukunda Mala Stotra
286,Shri Krishna Ashtottara Shatanam Stotra (108 Naam),Shri Krishna Ashtottara Shatanam Stotra (108 Naam)
287,Brahma Samhita,Brahma Samhita
288,Narayaneeyam,Narayaneeyam
289,Santan Gopal Stotra,Santan Gopal Stotra
290,Krishna Chalisa,Krishna Chalisa
291,Gopal Chalisa,Gopal Chalisa
292,Krishna Ashtakam,Krishna Ashtakam
293,Bal Mukunda Stuti,Bal Mukunda Stuti
294,Radha-Krishna Yugal Stuti,Radha-Krishna Yugal Stuti
295,Shri Dwarkadhish Ji Ki Shayan Stuti,Shri Dwarkadhish Ji Ki Shayan Stuti
296,Kunti Stuti,Kunti Stuti
297,Aarti Kunjbihari Ki,Aarti Kunjbihari Ki
298,Om Jai Shri Krishna Hare,Om Jai Shri Krishna Hare
299,Aarti Shri Banke Bihari Teri Aarti Gaun,Aarti Shri Banke Bihari Teri Aarti Gaun
300,"Jai Kanha Kala, Prabhu Jai Kanha Kala","Jai Kanha Kala, Prabhu Jai Kanha Kala"
301,Aarti Shri Bal Krishna Ji Ki,Aarti Shri Bal Krishna Ji Ki
302,Aarti Jugal Kishore Ki,Aarti Jugal Kishore Ki
303,Jai Jagdish Hare,Jai Jagdish Hare
304,Dwarkadhish Aarti,Dwarkadhish Aarti
305,Vasudevasutam Devam Kamsachanuramardanam. Devakiparamanandam Krishnam Vande Jagadgurum.,Vasudevasutam Devam Kamsachanuramardanam. Devakiparamanandam Krishnam Vande Jagadgurum.
306,Mukam Karoti Vachalam Pangum Langhayate Girim. Yatkrupa Tamaham Vande Paramananda Madhavam.,Mukam Karoti Vachalam Pangum Langhayate Girim. Yatkrupa Tamaham Vande Paramananda Madhavam.
307,Yada Yada Hi Dharmasya Glanirbhavati Bharata. Abhyutthanamadharmasya Tadatmanam Srijamyaham.,Yada Yada Hi Dharmasya Glanirbhavati Bharata. Abhyutthanamadharmasya Tadatmanam Srijamyaham.
308,Karmanyevadhikaraste Ma Phaleshu Kadachana. Ma Karmaphalaheturbhurma Te Sangostvakarmani.,Karmanyevadhikaraste Ma Phaleshu Kadachana. Ma Karmaphalaheturbhurma Te Sangostvakarmani.
309,Sarvadharmanparityajya Mamekam Sharanam Vraja. Aham Tvam Sarvapapebhyo Mokshayishyami Ma Shuchah.,Sarvadharmanparityajya Mamekam Sharanam Vraja. Aham Tvam Sarvapapebhyo Mokshayishyami Ma Shuchah.
310,He Krishna Karuna Sindhu Deen Bandhu Jagat Pate. Gopesha Gopika Kanta Radha Kanta Namostute.,He Krishna Karuna Sindhu Deen Bandhu Jagat Pate. Gopesha Gopika Kanta Radha Kanta Namostute.
311,Achyutam Keshavam Krishna Damodaram,Achyutam Keshavam Krishna Damodaram
312,Sanwali Surat Pe Mohan Dil Deewana Ho Gaya,Sanwali Surat Pe Mohan Dil Deewana Ho Gaya
313,Chhoti Chhoti Gaiya Chhote Chhote Gwal,Chhoti Chhoti Gaiya Chhote Chhote Gwal
314,Shyam Teri Bansi Pukare Radha Naam,Shyam Teri Bansi Pukare Radha Naam
315,Yashomati Maiya Se Bole Nandlala,Yashomati Maiya Se Bole Nandlala
316,Kanhaiya Le Chal Parli Paar,Kanhaiya Le Chal Parli Paar
317,Nand Ke Anand Bhayo Jai Kanhaiya Lal Ki,Nand Ke Anand Bhayo Jai Kanhaiya Lal Ki
318,Badi Der Bhai Nandlala,Badi Der Bhai Nandlala
319,Meethe Ras Se Bharyodi Radharani Lage,Meethe Ras Se Bharyodi Radharani Lage
320,Shri Krishna Janm Katha:,Shri Krishna Janm Katha:
321,Kaliya Naag Mardan,Kaliya Naag Mardan
322,Govardhan Ji Katha,Govardhan Ji Katha
323,Makhan Chori Leela,Makhan Chori Leela
324,Shrikrishna Ne Kiya Kans Ka Vadh,Shrikrishna Ne Kiya Kans Ka Vadh
325,Sudama Charitra,Sudama Charitra
326,Draupadi Cheer Haran Ek Dardnak Satya Kahani,Draupadi Cheer Haran Ek Dardnak Satya Kahani
327,Narkasur Vadh Katha...,Narkasur Vadh Katha...
328,Beej Mantra,Beej Mantra
329,Navarna Mantra,Navarna Mantra
330,Sarvamangala Mangalye Shive Sarvartha Sadhike. Sharanye Tryambake Gauri Narayani Namostute.,Sarvamangala Mangalye Shive Sarvartha Sadhike. Sharanye Tryambake Gauri Narayani Namostute.
331,Om Hreem Dum Durgayai Namah,Om Hreem Dum Durgayai Namah
332,Ya Devi Sarvabhuteshu Shakti-Rupena Samsthita. Namastasyai Namastasyai Namastasyai Namo Namah.,Ya Devi Sarvabhuteshu Shakti-Rupena Samsthita. Namastasyai Namastasyai Namastasyai Namo Namah.
333,Saubhagya Prapti Hetu,Saubhagya Prapti Hetu
334,Sharanagata Deenarta Paritrana Parayane. Sarvasyartihare Devi Narayani Namostute.,Sharanagata Deenarta Paritrana Parayane. Sarvasyartihare Devi Narayani Namostute.
335,Om Jayanti Mangala Kali Bhadrakali Kapalini. Durga Kshama Shiva Dhatri Swaha Swadha Namostute.,Om Jayanti Mangala Kali Bhadrakali Kapalini. Durga Kshama Shiva Dhatri Swaha Swadha Namostute.
336,Srishtisthitivinashanam Shaktibhute Sanatani. Gunashraye Gunamaye Narayani Namostute.,Srishtisthitivinashanam Shaktibhute Sanatani. Gunashraye Gunamaye Narayani Namostute.
337,Durga Gayatri,Durga Gayatri
338,Durga Saptashati:,Durga Saptashati:
339,Shri Argala Stotram,Shri Argala Stotram
340,Keelak Stotram,Keelak Stotram
341,Siddha Kunjika Stotra:,Siddha Kunjika Stotra:
342,Devi Atharvashirsha,Devi Atharvashirsha
343,Durga Ashtottara Shatanam Stotra (108 Naam),Durga Ashtottara Shatanam Stotra (108 Naam)
344,Mahishasuramardini Stotra,Mahishasuramardini Stotra
345,Devyaparadhakshamapan Stotra,Devyaparadhakshamapan Stotra
346,Durga Kavach,Durga Kavach
347,Shri Durga Chalisa,Shri Durga Chalisa
348,Shri Durga Ashtakam,Shri Durga Ashtakam
349,Bhavani Ashtakam,Bhavani Ashtakam
350,Durga Kshama Prarthana:,Durga Kshama Prarthana:
351,Devi Stuti:,Devi Stuti:
352,Brahmakrit Devi Stuti,Brahmakrit Devi Stuti
353,Shailputri Stuti (Navdurga Ki Pratham Stuti),Shailputri Stuti (Navdurga Ki Pratham Stuti)
354,Siddhidatri Stuti,Siddhidatri Stuti
355,"Jai Ambe Gauri, Maiya Jai Shyama Gauri (Sabse Prasidh)","Jai Ambe Gauri, Maiya Jai Shyama Gauri (Sabse Prasidh)"
356,"Ambe Tu Hai Jagdambe Kali, Jai Durge Khappar Wali","Ambe Tu Hai Jagdambe Kali, Jai Durge Khappar Wali"
357,Jai Saraswati Mata,Jai Saraswati Mata
358,Aarti Vindhyeshwari Mata Ki,Aarti Vindhyeshwari Mata Ki
359,Aarti Sheetla Mata Ki,Aarti Sheetla Mata Ki
360,Jai Vaishnav Mata Aarti,Jai Vaishnav Mata Aarti
361,Mata Chamunda Devi Ji Ki Aarti,Mata Chamunda Devi Ji Ki Aarti
362,Bhor Bhai Din Chadh Gaya Meri Ambe,Bhor Bhai Din Chadh Gaya Meri Ambe
363,Sarvamangalamangalye Shive Sarvarthasadhike. Sharanye Tryambake Gauri Narayani Namostu Te.,Sarvamangalamangalye Shive Sarvarthasadhike. Sharanye Tryambake Gauri Narayani Namostu Te.
364,Ya Devi Sarvabhuteshu Shaktirupena Samsthita. Namastasyai Namastasyai Namastasyai Namo Namah.,Ya Devi Sarvabhuteshu Shaktirupena Samsthita. Namastasyai Namastasyai Namastasyai Namo Namah.
365,Jayanti Mangala Kali Bhadrakali Kapalini. Durga Kshama Shiva Dhatri Swaha Swadha Namostu Te.,Jayanti Mangala Kali Bhadrakali Kapalini. Durga Kshama Shiva Dhatri Swaha Swadha Namostu Te.
366,Dehi Saubhagyamarogyam Dehi Me Paramam Sukham. Rupam Dehi Jayam Dehi Yasho Dehi Dvisho Jahi.,Dehi Saubhagyamarogyam Dehi Me Paramam Sukham. Rupam Dehi Jayam Dehi Yasho Dehi Dvisho Jahi.
367,Sharanagatadeenartaparitranaparayane. Sarvasyartihare Devi Narayani Namostu Te.,Sharanagatadeenartaparitranaparayane. Sarvasyartihare Devi Narayani Namostu Te.
368,Tune Mujhe Bulaya Sherawaliye,Tune Mujhe Bulaya Sherawaliye
369,"Chalo Bulawa Aaya Hai, Mata Ne Bulaya Hai","Chalo Bulawa Aaya Hai, Mata Ne Bulaya Hai"
370,Nange Nange Paon Chala Aa Gaya Ri Maiya,Nange Nange Paon Chala Aa Gaya Ri Maiya
371,Bheja Hai Bulawa Tune Sherawaliye,Bheja Hai Bulawa Tune Sherawaliye
372,Maiya Ka Chola Hai Rangla,Maiya Ka Chola Hai Rangla
373,Man Leke Aaya Mata Rani Ke Bhavan Mein,Man Leke Aaya Mata Rani Ke Bhavan Mein
374,Pyara Saja Hai Tera Dwar Bhawani,Pyara Saja Hai Tera Dwar Bhawani
375,Maiya Teri Jai Jaikar,Maiya Teri Jai Jaikar
376,Lali Lali Lal Chunariya,Lali Lali Lal Chunariya
377,Mahishasur Vadh Ki Katha:,Mahishasur Vadh Ki Katha:
378,Shumbh-Nishumbh Vadh Ki Katha,Shumbh-Nishumbh Vadh Ki Katha
379,Madhu-Kaitabh Vadh Ki Katha,Madhu-Kaitabh Vadh Ki Katha
380,Mata Sati Aur 51 Shaktipeeth Ki Katha,Mata Sati Aur 51 Shaktipeeth Ki Katha
381,Navdurga Ke 9 Rupon Ki Katha:,Navdurga Ke 9 Rupon Ki Katha:
382,Vaishno Devi Ki Katha:,Vaishno Devi Ki Katha:
383,Raktabeej Vadh Ki Katha:,Raktabeej Vadh Ki Katha:
384,Mata Parvati Ka Kathin Tap Aur Shiv Se Vivah,Mata Parvati Ka Kathin Tap Aur Shiv Se Vivah
385,Radha-Krishna Prem Katha,Radha-Krishna Prem Katha
386,Shiv-Parvati Vivah,Shiv-Parvati Vivah
387,Ram-Sita Vanvas Katha,Ram-Sita Vanvas Katha
388,Rukmini Haran Katha,Rukmini Haran Katha
389,Nal-Damayanti Katha,Nal-Damayanti Katha
390,Kamdev-Rati Katha,Kamdev-Rati Katha
391,Satyabhama-Krishna Katha,Satyabhama-Krishna Katha
392,Usha-Aniruddh Katha,Usha-Aniruddh Katha
393,Subhadra-Arjun Vivah,Subhadra-Arjun Vivah
394,Tulsi-Shaligram,Tulsi-Shaligram
395,Hanuman-Ram Bhakti,Hanuman-Ram Bhakti
396,Achyutam Keshavam,Achyutam Keshavam
397,Radhe Radhe Barsane Wali,Radhe Radhe Barsane Wali
398,Aisi Lagi Lagan,Aisi Lagi Lagan
399,Shri Ramchandra Kripalu,Shri Ramchandra Kripalu
400,Kishori Kuch Aisa Intazam,Kishori Kuch Aisa Intazam
401,Yashomati Maiya Se Bole,Yashomati Maiya Se Bole
402,Ram Naam Ke Heere Moti,Ram Naam Ke Heere Moti
403,Shyama Aan Baso,Shyama Aan Baso
404,Meethe Ras Se Bharyo Ri,Meethe Ras Se Bharyo Ri
405,Bhar De Re Shyam Jholi,Bhar De Re Shyam Jholi
406,O Palanhare,O Palanhare
407,Mera Aapki Kripa Se,Mera Aapki Kripa Se
408,Chhoti Chhoti Gaiya,Chhoti Chhoti Gaiya
409,Aditya Hridaya Stotra,Aditya Hridaya Stotra
410,Vaidyanath Stotra,Vaidyanath Stotra
411,Dhanvantari Stotra,Dhanvantari Stotra
412,Ram Raksha Stotra,Ram Raksha Stotra
413,Sankat Nashan Ganesh Stotra,Sankat Nashan Ganesh Stotra
414,Mrityunjaya Stotra,Mrityunjaya Stotra
415,Durga Apaduddharak Stotra,Durga Apaduddharak Stotra
416,Hanuman Bahuk,Hanuman Bahuk
417,Surya Mandal Stotra,Surya Mandal Stotra
418,Narayan Kavach,Narayan Kavach
419,He Dukh Bhanjan Maruti Nandan,He Dukh Bhanjan Maruti Nandan
420,Naam Hai Tera Taranhara,Naam Hai Tera Taranhara
421,Kitna Pyara Hai Shringar,Kitna Pyara Hai Shringar
422,Mera Aapki Kripa Se,Mera Aapki Kripa Se
423,Achyutam Keshavam,Achyutam Keshavam
424,O Palanhare,O Palanhare
425,Ram Naam Ke Heere Moti,Ram Naam Ke Heere Moti
426,Itni Shakti Humein Dena Data,Itni Shakti Humein Dena Data
427,Shiv Shankar Ko Jisne Puja,Shiv Shankar Ko Jisne Puja
428,Shri Ramchandra Kripalu,Shri Ramchandra Kripalu
429,Aditya Hridaya Stotra,Aditya Hridaya Stotra
430,Sankat Nashan Ganesh Stotra,Sankat Nashan Ganesh Stotra
431,Mahalakshmi Ashtakam,Mahalakshmi Ashtakam
432,Ram Raksha Stotra,Ram Raksha Stotra
433,Shri Suktam,Shri Suktam
434,Bajrang Baan,Bajrang Baan
435,Saraswati Stotra,Saraswati Stotra
436,Narayan Kavach,Narayan Kavach
437,Shiv Panchakshar Stotra,Shiv Panchakshar Stotra
438,Hanuman Ashtak,Hanuman Ashtak
439,Shri Hanuman Chalisa,Shri Hanuman Chalisa
440,Shri Ganesh Chalisa,Shri Ganesh Chalisa
441,Shri Lakshmi Chalisa,Shri Lakshmi Chalisa
442,Shri Durga Chalisa,Shri Durga Chalisa
443,Shri Saraswati Chalisa,Shri Saraswati Chalisa
444,Panchakshari Mantra,Panchakshari Mantra Jap Ke Liye
445,Mahamrityunjay Mantra,Mahamrityunjay Mantra
446,Rudra Mantra,Rudra Mantra Shravan
447,Shiv Gayatri Mantra,Shiv Gayatri Mantra
448,Shiv Stuti Mantra,Shiv Stuti Mantra
449,Shiv Tandav Stotram (Sankshipt Ansh - Ravan Rachit),Shiv Tandav Stotram
450,Shiv Panchakshar Stotram:,Shiv Panchakshar Stotram:
451,Shiv Mahimn Stotra:,Shiv Mahimn Stotra:
452,Vedasar Shiv Stotram,Vedasar Shiv Stotram
453,Shiv Chalisa,Shiv Chalisa Path
454,Shri Rudrashtakam (Sankshipt Ansh - Tulsidas Rachit),Shri Rudrashtakam
455,Shiv Stuti,Shiv Stuti
456,Om Jai Shiv Omkara,Aarti Om Jai Shiv Omkara
457,Dhyan Shlok (Puja Hetu),Dhyan Shlok
458,Shiv Shankar Ko Jisne Puja,Shiv Shankar Ko Jisne Puja
459,Subah Subah Le Shiv Ka Naam,Subah Subah Le Shiv Ka Naam
460,He Shambhu Baba Mere Bhole Nath,He Shambhu Baba Mere Bhole Nath
461,Chalo Shiv Shankar Ke Mandir Mein Bhakto,Chalo Shiv Shankar Ke Mandir Mein Bhakto
462,Bhole Bhandari Sabke Hi Bhandar Bhare,Bhole Bhandari Sabke Hi Bhandar Bhare
463,Shankar Teri Jata Mein Behti Hai Gangdhara,Shankar Teri Jata Mein Behti Hai Gangdhara
464,Sampurn Shiv Puran Saar,Sampurn Shiv Puran Saar
465,Shiv Ji Ka Janm Kaise Hua,Shiv Ji Ka Janm Kaise Hua
466,Sampurn Gatha Neelkanth Ki,Sampurn Gatha Neelkanth Ki
467,Nandi Kaise Bane Shivji Ke Sawari,Nandi Kaise Bane Shivji Ke Sawari
468,Aakhir Kyon Shiv-Parvati Ne Liya Tha Ardhanarishwar Roop?,Aakhir Kyon Shiv-Parvati Ne Liya Tha Ardhanarishwar Roop?
469,Kyon Mila Tha Chandrama Ko Shrap?,Kyon Mila Tha Chandrama Ko Shrap?
470,12 Jyotirling Ki Kathayein Kya Hai?,12 Jyotirling Ki Kathayein Kya Hai?
471,Shiv Ne Apne Hi Putra Ganesh Ka Sir Kyon Kata?,Shiv Ne Apne Hi Putra Ganesh Ka Sir Kyon Kata?
472,Hanuman Beej Mantra,Hanuman Beej Mantra
473,Hanuman Gayatri Mantra:,Hanuman Gayatri Mantra:
474,Manojavam Marutatulyavegam Mantra:,Manojavam Marutatulyavegam Mantra:
475,Rudravatar Hanuman Mantra (Mool Mantra:),Rudravatar Hanuman Mantra
476,Anjaneya Mantra,Anjaneya Mantra
477,Pramukh Mantra:,Pramukh Mantra:
478,Raksha Kavach Mantra:,Raksha Kavach Mantra:
479,Maruti Stotra,Maruti Stotra
480,Shri Hanuman Tandav Stotra,Shri Hanuman Tandav Stotra
481,Shri Anjaneya Dwadashnam Stotram,Shri Anjaneya Dwadashnam Stotram
482,Panchmukhi Hanuman Stotra,Panchmukhi Hanuman Stotra
483,Hanuman Chalisa,Hanuman Chalisa Path
484,Sankatmochan Hanuman Ashtak,Sankatmochan Hanuman Ashtak
485,"Atulitbaladhamam Hemashailabhadeham,","Atulitbaladhamam Hemashailabhadeham,"
486,Aarti Keeje Hanuman Lala Ki,Aarti Keeje Hanuman Lala Ki
487,Buddhirbalam Yasho Dhairyam Nirbhayatvamarogata.,Buddhirbalam Yasho Dhairyam Nirbhayatvamarogata.
488,Hanuman Gayatri,Hanuman Gayatri
489,Markatesh Mahotsah Sarvashok Vinashan.,Markatesh Mahotsah Sarvashok Vinashan.
490,Karya Siddhi,Karya Siddhi
491,"Atulitbaladhamam Hemashailabhadeham, Anujavanakrushanum Jnaninamagraganyam. Sakalagunanishanam Vanaranamadhisham, Raghupatipriyabhaktam Vatajatam Namami.","Atulitbaladhamam Hemashailabhadeham, Anujavanakrushanum Jnaninamagraganyam. Sakalagunanishanam Vanaranamadhisham, Raghupatipriyabhaktam Vatajatam Namami."
492,Duniya Chale Na Shri Ram Ke Bina,Duniya Chale Na Shri Ram Ke Bina
493,He Dukh Bhanjan Maruti Nandan,He Dukh Bhanjan Maruti Nandan
494,Chham Chham Nache Veer Hanuman,Chham Chham Nache Veer Hanuman
495,Sankat Mochan Naam Tiharo,Sankat Mochan Naam Tiharo
496,Bajrang Bali Meri Naav Chali,Bajrang Bali Meri Naav Chali
497,Veer Hanumana Ati Balwana,Veer Hanumana Ati Balwana
498,Hanuman Janm Katha,Hanuman Janm Katha
499,"Shakti, Bhakti Aur Buddhi Ke Dev Hanuman Ji Ko Samjhiye |","Shakti, Bhakti Aur Buddhi Ke Dev Hanuman Ji Ko Samjhiye |"
500,Bhagwan Shri Ram Aur Hanuman Ji Ka Pratham Milap,Bhagwan Shri Ram Aur Hanuman Ji Ka Pratham Milap
501,Hanuman Janm Katha,Hanuman Janm Katha
502,Hanuman Ji Raksha Kaise Karte Hain?,Hanuman Ji Raksha Kaise Karte Hain?
503,Jab Hanuman Ji Chale Lanka Mata Janki Ko Khojne |,Jab Hanuman Ji Chale Lanka Mata Janki Ko Khojne |
504,Mool Beej Mantra,Mool Beej Mantra
505,Vakratunda Mahakaya Suryakoti Samaprabha.,Vakratunda Mahakaya Suryakoti Samaprabha.
506,Ganesh Gayatri,Ganesh Gayatri
507,Sankat Nashak Mantra,Sankat Nashak Mantra
508,Om Lambodaray Namah,Om Lambodaray Namah
509,Ganesh Atharvashirsha:,Ganesh Atharvashirsha:
510,Rinaharta Ganesh Stotra:,Rinaharta Ganesh Stotra:
511,Shri Ganesh Kavach:,Shri Ganesh Kavach:
512,Ganesh Ashtottara Shatanam Stotra:,Ganesh Ashtottara Shatanam Stotra:
513,Mayureshwar Stotra:,Mayureshwar Stotra:
514,Shri Ganesh Chalisa,Shri Ganesh Chalisa
515,Shri Ganeshpancharatnam,Shri Ganeshpancharatnam
516,Tulsidas Krit Shri Ganesh Stuti,Tulsidas Krit Shri Ganesh Stuti
517,Siddhivinayak Stuti,Siddhivinayak Stuti
518,Namami Te Gajananm,Namami Te Gajananm
519,Jai Ganesh Jai Ganesh Deva,Jai Ganesh Jai Ganesh Deva
520,Sukhakarta Dukhaharta Varta Vighnachi,Sukhakarta Dukhaharta Varta Vighnachi
521,Shendur Lal Chadhayo Achchha Gajmukh Ko,Shendur Lal Chadhayo Achchha Gajmukh Ko
522,Jai Dev Jai Dev Jai Mangalmurti,Jai Dev Jai Dev Jai Mangalmurti
523,Aarti Siddhivinayak Ji Ki,Aarti Siddhivinayak Ji Ki
524,Vakratunda Mahakaya Suryakoti Samaprabha. Nirvighnam Kuru Me Dev Sarvakaryeshu Sarvada.,Vakratunda Mahakaya Suryakoti Samaprabha. Nirvighnam Kuru Me Dev Sarvakaryeshu Sarvada.
525,Gajananm Bhutaganadisevitam Kapitthajambuphalacharubhakshanam. Umasutam Shokavinashakarakam Namami Vighneshwarapadapankajam.,Gajananm Bhutaganadisevitam Kapitthajambuphalacharubhakshanam. Umasutam Shokavinashakarakam Namami Vighneshwarapadapankajam.
526,Agajanan Padmarkam Gajananamaharnisham. Anekadantam Bhaktanam Ekadantamupasmahe.,Agajanan Padmarkam Gajananamaharnisham. Anekadantam Bhaktanam Ekadantamupasmahe.
527,Vighneshwaraya Varadaya Surapriyaya Lambodaraya Sakalaya Jagaddhitaya. Nagananaya Shrutiyajnavibhushitaya Gourisutaya Gananatha Namo Namaste.,Vighneshwaraya Varadaya Surapriyaya Lambodaraya Sakalaya Jagaddhitaya. Nagananaya Shrutiyajnavibhushitaya Gourisutaya Gananatha Namo Namaste.
528,Abhipsitarth Siddhyartham Pujito Yah Surasuraih. Sarvavighnaharastasmai Ganadhipataye Namah.,Abhipsitarth Siddhyartham Pujito Yah Surasuraih. Sarvavighnaharastasmai Ganadhipataye Namah.
529,Ghar Mein Padharo Gajanand Ji Mere Ghar Mein Padharo,Ghar Mein Padharo Gajanand Ji Mere Ghar Mein Padharo
530,Sankat Har Lo Mangal Kar Do,Sankat Har Lo Mangal Kar Do
531,Teri Jai Ho Ganesh,Teri Jai Ho Ganesh
532,He Gauri Nandan Tumko Vandan,He Gauri Nandan Tumko Vandan
533,He Gauri Nandan Tumko Vandan,He Gauri Nandan Tumko Vandan
534,Ganpati Pehla Tumhe Pranam Hai,Ganpati Pehla Tumhe Pranam Hai
535,Gajanan Maharaj Padharo,Gajanan Maharaj Padharo
536,Shri Ganesh Janm Katha,Shri Ganesh Janm Katha
537,Sabse Pehle Ganesh Bhagwan Ki Puja Kyon Karte Hai,Sabse Pehle Ganesh Bhagwan Ki Puja Kyon Karte Hai
538,Mahabharat Kaise Likhi Gayi?,Mahabharat Kaise Likhi Gayi?
539,Dwadashakshar Mantra,Dwadashakshar Mantra
540,Om Namo Narayanaya,Om Namo Narayanaya
541,Shriman Narayan Narayan Hari Hari,Shriman Narayan Narayan Hari Hari
542,Om Vishnave Namah,Om Vishnave Namah
543,Om Hreem Kartaviryajuno Naam Raja Bahu Sahasravan. Yasya Smarena Matrena Hritam Nashtam Cha Labhyate.,Om Hreem Kartaviryajuno Naam Raja Bahu Sahasravan. Yasya Smarena Matrena Hritam Nashtam Cha Labhyate.
544,Om Lakshmipataye Namah,Om Lakshmipataye Namah
545,Vishnu Gayatri,Vishnu Gayatri
546,Shantakaram Bhujagashayanam Padmanabham Suresham,Shantakaram Bhujagashayanam Padmanabham Suresham
547,Om Achyutaya Namah,Om Achyutaya Namah
548,Vishnu Sahasranama Stotram:,Vishnu Sahasranama Stotram:
549,Gajendra Moksha Stotra:,Gajendra Moksha Stotra:
550,Lakshmi Narayan Stotra,Lakshmi Narayan Stotra
551,Vishnu Panjar Stotram,Vishnu Panjar Stotram
552,Narayan Suktam,Narayan Suktam
553,Vishnu Bhujang Prayat Stotra,Vishnu Bhujang Prayat Stotra
554,Shri Hari Stotram,Shri Hari Stotram
555,Vishnu Chalisa,Vishnu Chalisa
556,Achyutashtakam,Achyutashtakam
557,Shri Vishnu Stuti,Shri Vishnu Stuti
558,Om Jai Jagdish Hare,Om Jai Jagdish Hare
559,Namostvanantaya,Namostvanantaya
560,Yada Yada Hi Dharmasya,Yada Yada Hi Dharmasya
561,Kayena Vacha,Kayena Vacha
562,Sashankhachakram Sakiritakundalam,Sashankhachakram Sakiritakundalam
563,Tvameva Mata Cha Pita Tvameva,Tvameva Mata Cha Pita Tvameva
564,Achyutam Keshavam Krishna Damodaram,Achyutam Keshavam Krishna Damodaram
565,Shriman Narayan Narayan Hari Hari,Shriman Narayan Narayan Hari Hari
566,Namo Namo Shri Narayan Jai Vaikunth Bihari,Namo Namo Shri Narayan Jai Vaikunth Bihari
567,Sare Jahan Ke Malik Tera Hi Aasra Hai,Sare Jahan Ke Malik Tera Hi Aasra Hai
568,Hari Aa Jao Ek Baar,Hari Aa Jao Ek Baar
569,Satyanarayan Vrat Katha:,Satyanarayan Vrat Katha:
570,Samudra Manthan Ki Katha:,Samudra Manthan Ki Katha:
571,Dashavatar Katha:,Dashavatar Katha:
572,Narsingh Avatar Aur Prahlad Ki Katha,Narsingh Avatar Aur Prahlad Ki Katha
573,Vaman Avatar Aur Raja Bali Ki Katha,Vaman Avatar Aur Raja Bali Ki Katha
574,Vishnu Ji Aur Mata Lakshmi Ke Vivah Ki Katha,Vishnu Ji Aur Mata Lakshmi Ke Vivah Ki Katha
575,Shaligram Banne Ki Katha,Shaligram Banne Ki Katha
576,Guruvar Vrat Katha,Guruvar Vrat Katha
577,Mahalakshmi Beej Mantra,Mahalakshmi Beej Mantra
578,Om Shri Mahalakshmyai Namah,Om Shri Mahalakshmyai Namah
579,Lakshmi Gayatri Mantra,Lakshmi Gayatri Mantra
580,Shri Siddha Lakshmi Mantra,Shri Siddha Lakshmi Mantra
581,Om Dhanaya Namo Namah,Om Dhanaya Namo Namah
582,Sarvabadha Nivaran Mantra,Sarvabadha Nivaran Mantra
583,Om Hreem Hreem Shri Lakshmi Vasudevaya Namah.,Om Hreem Hreem Shri Lakshmi Vasudevaya Namah.
584,Shri Suktam:,Shri Suktam:
585,Kanakadhara Stotra:,Kanakadhara Stotra:
586,Lakshmi Hridaya Stotra,Lakshmi Hridaya Stotra
587,Mahalakshmi Kavach,Mahalakshmi Kavach
588,Ashtalakshmi Stotra,Ashtalakshmi Stotra
589,Sarvadeva Krit Lakshmi Stotra,Sarvadeva Krit Lakshmi Stotra
590,Shri Lakshmi Chalisa,Shri Lakshmi Chalisa
591,Mahalakshmyashtakam,Mahalakshmyashtakam
592,Maha Lakshmi Stuti,Maha Lakshmi Stuti
150,Mahalakshmi Stavanam,Mahalakshmi Stavanam
594,Om Jai Lakshmi Mata,Om Jai Lakshmi Mata
595,Namastestu Mahamaye Shripithe Surapujite. Shankhachakragadahaste Mahalakshmi Namostu Te,Namastestu Mahamaye Shripithe Surapujite. Shankhachakragadahaste Mahalakshmi Namostu Te
596,Lakshmi Amritwani,Lakshmi Amritwani
597,Mere Ghar Aao Maa Lakshmi,Mere Ghar Aao Maa Lakshmi
598,Maiya Lakshmi Deti Dhan Dhan Hai,Maiya Lakshmi Deti Dhan Dhan Hai
599,Ghar Mein Padharo Lakshmi Maiya,Ghar Mein Padharo Lakshmi Maiya
600,Lakshmi Maiya Hai Tumse,Lakshmi Maiya Hai Tumse
601,Shubh Labh Dhan Vaibhav Data Jai,Shubh Labh Dhan Vaibhav Data Jai
602,Lakshmi Ji Ki Avatar Katha |,Lakshmi Ji Ki Avatar Katha |
603,Vaibhav Lakshmi Vrat Katha,Vaibhav Lakshmi Vrat Katha
604,Deepawali Ki Katha:,Deepawali Ki Katha:
605,Maa Lakshmi Aur Raja Bali Ki Katha,Maa Lakshmi Aur Raja Bali Ki Katha
606,Om Sham Shanaishcharaya Namah,Om Sham Shanaishcharaya Namah
607,Shani Beej Mantra,Shani Beej Mantra
608,Om Nilanjanasamabhasam Raviputram Yamagrajam. Chhayamartandasambhutam Tam Namami Shanaishcharam.,Om Nilanjanasamabhasam Raviputram Yamagrajam. Chhayamartandasambhutam Tam Namami Shanaishcharam.
609,Shani Gayatri Mantra),Shani Gayatri Mantra)
610,Shani Vajra Panjar Kavacham,Shani Vajra Panjar Kavacham
611,Dashrathkrit Shani Stotra,Dashrathkrit Shani Stotra
612,Mahakal Shani Mrityunjaya Stotra,Mahakal Shani Mrityunjaya Stotra
613,Shani Peedahar Stotra,Shani Peedahar Stotra
614,Shani Chalisa,Shani Chalisa
615,Shri Shani Ashtakam,Shri Shani Ashtakam
616,Shani Stuti,Shani Stuti
617,Shani Vandana:,Shani Vandana:
618,Jai Jai Shri Shanidev Bhaktan Hitkari,Jai Jai Shri Shanidev Bhaktan Hitkari
619,Aarti Shri Shani Maharaj Ki,Aarti Shri Shani Maharaj Ki
620,Suryaputro Dirghadeho Vishalakshah Shivapriyah. Mandacharah Prasannatma Peedam Haratu Me Shanih.,Suryaputro Dirghadeho Vishalakshah Shivapriyah. Mandacharah Prasannatma Peedam Haratu Me Shanih.
621,Shanaishwara Shanaishwara,Shanaishwara Shanaishwara
622,Sachcha Shanidev Tera Darbar,Sachcha Shanidev Tera Darbar
623,Shani Ji Kardo Beda Paar,Shani Ji Kardo Beda Paar
624,Shri Shanidev Amritwani,Shri Shanidev Amritwani
625,Shani Dev Tumhare Charno Mein,Shani Dev Tumhare Charno Mein
626,Shanidev Tera Jag Mein Ajab Nazara Hai,Shanidev Tera Jag Mein Ajab Nazara Hai
627,Shanidev Ke Janm Ki Mahan Katha,Shanidev Ke Janm Ki Mahan Katha
628,Shanidev Aur Hanuman Ji Ki Katha |,Shanidev Aur Hanuman Ji Ki Katha |
629,Shanivar Vrat Katha,Shanivar Vrat Katha
630,Om Ramaya Namah,Om Ramaya Namah
631,Om Ram Ramaya Namah,Om Ram Ramaya Namah
632,Shri Ram Jai Ram Jai Jai Ram,Shri Ram Jai Ram Jai Jai Ram
633,Om Shri Ramchandraya Namah,Om Shri Ramchandraya Namah
634,Om Namo Bhagavate Ramchandraya,Om Namo Bhagavate Ramchandraya
635,Ram Rameti Rameti Rame Rame Manorame. Sahasranama Tatsulyam Ramanama Varanane.,Ram Rameti Rameti Rame Rame Manorame. Sahasranama Tatsulyam Ramanama Varanane.
636,Apadamapahartaram Dataram Sarvasampadam. Lokabhiramam Shriramam Bhuyo Bhuyo Namamyaham.,Apadamapahartaram Dataram Sarvasampadam. Lokabhiramam Shriramam Bhuyo Bhuyo Namamyaham.
637,Shri Ram Raksha Stotra:,Shri Ram Raksha Stotra:
638,Aditya Hridaya Stotra:,Aditya Hridaya Stotra:
639,Shri Ram Sahasranama Stotra,Shri Ram Sahasranama Stotra
640,Nama Ramayanam,Nama Ramayanam
641,Ram Hridaya Stotra,Ram Hridaya Stotra
642,Jatayu Krit Shri Ram Stotra,Jatayu Krit Shri Ram Stotra
643,Shri Ram Chalisa,Shri Ram Chalisa
644,Shri Ram Ashtakam,Shri Ram Ashtakam
645,Shri Ramachandra Kripalu Bhaju Man:,Shri Ramachandra Kripalu Bhaju Man:
646,Janki Stuti,Janki Stuti
647,Shri Ramachandra Ji Ki Aarti:,Shri Ramachandra Ji Ki Aarti:
648,Jag Janani Sita Mata Ki Aarti,Jag Janani Sita Mata Ki Aarti
649,Aarti Shri Ramayan Ji Ki,Aarti Shri Ramayan Ji Ki
650,Aarti Shri Raghuvar Lala Ki,Aarti Shri Raghuvar Lala Ki
651,Aarti Avadh Bihari Ki,Aarti Avadh Bihari Ki
652,Nilambujashyamalakomalangam Sitasamaropitavamabhagam. Panau Mahasayakacharuchapam Namami Ramam Raghuvanshanatham.,Nilambujashyamalakomalangam Sitasamaropitavamabhagam. Panau Mahasayakacharuchapam Namami Ramam Raghuvanshanatham.
653,Ramaya Ramabhadraya Ramachandraya Vedhase. Raghunathaya Nathaya Sitayah Pataye Namah.,Ramaya Ramabhadraya Ramachandraya Vedhase. Raghunathaya Nathaya Sitayah Pataye Namah.
654,Lokabhiramam Ranarangadhiram Rajivanetram Raghuvanshanatham. Karunyarupam Karunakaram Tam Shriramachandram Sharanam Prapadye.,Lokabhiramam Ranarangadhiram Rajivanetram Raghuvanshanatham. Karunyarupam Karunakaram Tam Shriramachandram Sharanam Prapadye.
655,"Apadamapahartaram Dataram Sarvasampadam.
Lokabhiramam Shriramam Bhuyo Bhuyo Namamyaham.","Apadamapahartaram Dataram Sarvasampadam.
Lokabhiramam Shriramam Bhuyo Bhuyo Namamyaham."
656,Payo Ji Maine Ram Ratan Dhan Payo,Payo Ji Maine Ram Ratan Dhan Payo
657,Thumak Chalat Ramchandra Bajat Painjaniya,Thumak Chalat Ramchandra Bajat Painjaniya
658,Shri Ram Janki Baithe Hain Mere Seene Mein,Shri Ram Janki Baithe Hain Mere Seene Mein
659,Raghupati Raghav Raja Ram,Raghupati Raghav Raja Ram
660,Ram Kahani Suno Re Ram Kahani,Ram Kahani Suno Re Ram Kahani
661,Nagari Ho Ayodhya Si,Nagari Ho Ayodhya Si
662,Ram Ji Ki Nikli Sawari,Ram Ji Ki Nikli Sawari
663,Bhajman Ram Charan Sukhdayi,Bhajman Ram Charan Sukhdayi
664,Ram Naam Ke Heere Moti,Ram Naam Ke Heere Moti
665,Man Mein Ram Basa Le,Man Mein Ram Basa Le
666,Shri Ram Janm Katha:,Shri Ram Janm Katha:
667,Shri Ram Ne Kaise Kiya Maa Ahalya Ka Uddhar,Shri Ram Ne Kaise Kiya Maa Ahalya Ka Uddhar
668,Sita Swayamvar Ki Adbhut Katha,Sita Swayamvar Ki Adbhut Katha
669,Shriram Vanvas Ki Katha,Shriram Vanvas Ki Katha
670,Bharat Ram Milap - Katha,Bharat Ram Milap - Katha
671,Shriram Ne Bali Ko Chhupkar Kyon Mara?,Shriram Ne Bali Ko Chhupkar Kyon Mara?
672,Vijayadashami - Ram Ravan Antim Yudh Ki Sampurn Katha |,Vijayadashami - Ram Ravan Antim Yudh Ki Sampurn Katha |
673,Beej Mantra,Beej Mantra
674,Om Vakratundaya Hum,Om Vakratundaya Hum
675,Om Hasti Pishachi Likha Swaha,Om Hasti Pishachi Likha Swaha
676,Om Lambodaray Namah,Om Lambodaray Namah
677,Om Vikataya Namah,Om Vikataya Namah
678,Om Vinayakaya Namah,Om Vinayakaya Namah
679,Om Vighnanashanaya Namah,Om Vighnanashanaya Namah
680,Ganesh Gayatri,Ganesh Gayatri
681,Shri Sankatnashan Ganesh Stotra,Shri Sankatnashan Ganesh Stotra
682,Ganesh Atharvashirsha,Ganesh Atharvashirsha
683,Rinaharta Ganesh Stotra,Rinaharta Ganesh Stotra
684,Ganesh Ashtottara Shatanam Stotra,Ganesh Ashtottara Shatanam Stotra
685,Ganesh Kavach,Ganesh Kavach
686,Mayureshwar Stotra,Mayureshwar Stotra
687,Ganesh Hridaya Stotra,Ganesh Hridaya Stotra
688,Ganesh Chalisa,Ganesh Chalisa
689,Ganesh Ashtakam,Ganesh Ashtakam
690,Shri Ganesh Pancharatna,Shri Ganesh Pancharatna
691,Pratham Tula Vandito,Pratham Tula Vandito
692,Gajananm Bhut Ganadi Sevitam,Gajananm Bhut Ganadi Sevitam
693,Shri Ganesh Stuti,Shri Ganesh Stuti
694,Ganesh Vandana,Ganesh Vandana
695,Shri Ganesh Ji Ki Aarti,Shri Ganesh Ji Ki Aarti
696,"Sukh Karta Dukhaharta, Varta Vighnachi Nurvi Purvi Prem Krupa Jayachi","Sukh Karta Dukhaharta, Varta Vighnachi Nurvi Purvi Prem Krupa Jayachi"
697,Om Shendur Lal Chadhayo Achchha Gajmukh Ko,Om Shendur Lal Chadhayo Achchha Gajmukh Ko
698,Vakratunda Mahakaya Suryakoti Samaprabha. Nirvighnam Kuru Me Dev Sarvakaryeshu Sarvada.,Vakratunda Mahakaya Suryakoti Samaprabha. Nirvighnam Kuru Me Dev Sarvakaryeshu Sarvada.
699,"Gajananm Bhut Ganadi Sevitam, Kapittha Jambu Phala Charu Bhakshanam. Umasutam Shoka Vinashakarakam, Namami Vighneshwar Pada Pankajam.","Gajananm Bhut Ganadi Sevitam, Kapittha Jambu Phala Charu Bhakshanam. Umasutam Shoka Vinashakarakam, Namami Vighneshwar Pada Pankajam."
700,Agajanan Padmarkam Gajanan Aharnisham. Anekadantam Bhaktanam Ekadanta Upasmahe.,Agajanan Padmarkam Gajanan Aharnisham. Anekadantam Bhaktanam Ekadanta Upasmahe.
701,Sumukhashchaikadantashcha Kapilo Gajakarnakah. Lambodarashcha Vikato Vighnanasho Vinayakah.,Sumukhashchaikadantashcha Kapilo Gajakarnakah. Lambodarashcha Vikato Vighnanasho Vinayakah.
702,Om Shreem Gam Saubhagya Ganapataye Varvarada Sarvajanma Me Vashamanya Swaha,Om Shreem Gam Saubhagya Ganapataye Varvarada Sarvajanma Me Vashamanya Swaha
703,Deva Shri Ganesha,Deva Shri Ganesha
704,Maurya Re Bappa Maurya Re,Maurya Re Bappa Maurya Re
705,Gajanana Shri Ganaraya,Gajanana Shri Ganaraya
706,Suno Ganpati Bappa Maurya,Suno Ganpati Bappa Maurya
707,Ganpati Apne Gaon Chale,Ganpati Apne Gaon Chale
708,Mere Man Mandir Mein Tum Bhagwan Rahe,Mere Man Mandir Mein Tum Bhagwan Rahe
709,Shri Ganesh Janm Katha,Shri Ganesh Janm Katha
710,Prithvi Parikrama Katha,Prithvi Parikrama Katha
711,Sankashti Chaturthi Vrat Katha,Sankashti Chaturthi Vrat Katha
712,Ganesh Ji Ne Kuber Ka Ghamand Kaise Toda,Ganesh Ji Ne Kuber Ka Ghamand Kaise Toda
713,Kaunsa Shrap Mila Chandradev Ko Shri Ganesh Ji Dwara?,Kaunsa Shrap Mila Chandradev Ko Shri Ganesh Ji Dwara?
714,Mahabharat Ka Lekhan Kisne Kiya Tha,Mahabharat Ka Lekhan Kisne Kiya Tha
715,"Janiye Kaise Janm Hua Devi Riddhi-Siddhi Ka, Kaise Hua Shri Ganesh Se Vivah","Janiye Kaise Janm Hua Devi Riddhi-Siddhi Ka, Kaise Hua Shri Ganesh Se Vivah"
716,Shri Ganesh Ke Ekdant Avatar Ki Kahani.,Shri Ganesh Ke Ekdant Avatar Ki Kahani.
717,Hua Itna Bhayankar Yudh Ke Parshuram Ji Ganesh Ji Ka Daant Tod Diya,Hua Itna Bhayankar Yudh Ke Parshuram Ji Ganesh Ji Ka Daant Tod Diya
718,Beej Mantra,Beej Mantra
719,Mukti Mantra,Mukti Mantra
720,Mahamantra,Mahamantra
721,Shri Krishnaya Sharanam Mama,Shri Krishnaya Sharanam Mama
722,Om Kleem Krishnaya Namah,Om Kleem Krishnaya Namah
723,Krishna Gayatri,Krishna Gayatri
724,Gokul Nathaya Namah,Gokul Nathaya Namah
725,Govallabhaya Swaha,Govallabhaya Swaha
726,Om Kleem Glaum Kleem Shyamalangaya Namah,Om Kleem Glaum Kleem Shyamalangaya Namah
727,Gopal Sahasranama Stotra,Gopal Sahasranama Stotra
728,Mukunda Mala Stotra,Mukunda Mala Stotra
729,Shri Krishna Ashtottara Shatanam Stotra (108 Naam),Shri Krishna Ashtottara Shatanam Stotra (108 Naam)
730,Brahma Samhita,Brahma Samhita
731,Narayaneeyam,Narayaneeyam
732,Santan Gopal Stotra,Santan Gopal Stotra
733,Krishna Chalisa,Krishna Chalisa
734,Gopal Chalisa,Gopal Chalisa
735,Krishna Ashtakam,Krishna Ashtakam
736,Bal Mukunda Stuti,Bal Mukunda Stuti
737,Radha-Krishna Yugal Stuti,Radha-Krishna Yugal Stuti
738,Shri Dwarkadhish Ji Ki Shayan Stuti,Shri Dwarkadhish Ji Ki Shayan Stuti
739,Kunti Stuti,Kunti Stuti
740,Aarti Kunjbihari Ki,Aarti Kunjbihari Ki
741,Om Jai Shri Krishna Hare,Om Jai Shri Krishna Hare
742,Aarti Shri Banke Bihari Teri Aarti Gaun,Aarti Shri Banke Bihari Teri Aarti Gaun
743,"Jai Kanha Kala, Prabhu Jai Kanha Kala","Jai Kanha Kala, Prabhu Jai Kanha Kala"
744,Aarti Shri Bal Krishna Ji Ki,Aarti Shri Bal Krishna Ji Ki
745,Aarti Jugal Kishore Ki,Aarti Jugal Kishore Ki
746,Jai Jagdish Hare,Jai Jagdish Hare
747,Dwarkadhish Aarti,Dwarkadhish Aarti
748,Vasudevasutam Devam Kamsachanuramardanam. Devakiparamanandam Krishnam Vande Jagadgurum.,Vasudevasutam Devam Kamsachanuramardanam. Devakiparamanandam Krishnam Vande Jagadgurum.
749,Mukam Karoti Vachalam Pangum Langhayate Girim. Yatkrupa Tamaham Vande Paramananda Madhavam.,Mukam Karoti Vachalam Pangum Langhayate Girim. Yatkrupa Tamaham Vande Paramananda Madhavam.
750,Yada Yada Hi Dharmasya Glanirbhavati Bharata. Abhyutthanamadharmasya Tadatmanam Srijamyaham.,Yada Yada Hi Dharmasya Glanirbhavati Bharata. Abhyutthanamadharmasya Tadatmanam Srijamyaham.
751,Karmanyevadhikaraste Ma Phaleshu Kadachana. Ma Karmaphalaheturbhurma Te Sangostvakarmani.,Karmanyevadhikaraste Ma Phaleshu Kadachana. Ma Karmaphalaheturbhurma Te Sangostvakarmani.
752,Sarvadharmanparityajya Mamekam Sharanam Vraja. Aham Tvam Sarvapapebhyo Mokshayishyami Ma Shuchah.,Sarvadharmanparityajya Mamekam Sharanam Vraja. Aham Tvam Sarvapapebhyo Mokshayishyami Ma Shuchah.
753,He Krishna Karuna Sindhu Deen Bandhu Jagat Pate. Gopesha Gopika Kanta Radha Kanta Namostute.,He Krishna Karuna Sindhu Deen Bandhu Jagat Pate. Gopesha Gopika Kanta Radha Kanta Namostute.
754,Achyutam Keshavam Krishna Damodaram,Achyutam Keshavam Krishna Damodaram
755,Sanwali Surat Pe Mohan Dil Deewana Ho Gaya,Sanwali Surat Pe Mohan Dil Deewana Ho Gaya
756,Chhoti Chhoti Gaiya Chhote Chhote Gwal,Chhoti Chhoti Gaiya Chhote Chhote Gwal
757,Shyam Teri Bansi Pukare Radha Naam,Shyam Teri Bansi Pukare Radha Naam
758,Yashomati Maiya Se Bole Nandlala,Yashomati Maiya Se Bole Nandlala
759,Kanhaiya Le Chal Parli Paar,Kanhaiya Le Chal Parli Paar
760,Nand Ke Anand Bhayo Jai Kanhaiya Lal Ki,Nand Ke Anand Bhayo Jai Kanhaiya Lal Ki
761,Badi Der Bhai Nandlala,Badi Der Bhai Nandlala
762,Meethe Ras Se Bharyodi Radharani Lage,Meethe Ras Se Bharyodi Radharani Lage
763,Shri Krishna Janm Katha:,Shri Krishna Janm Katha:
764,Kaliya Naag Mardan,Kaliya Naag Mardan
765,Govardhan Ji Katha,Govardhan Ji Katha
766,Makhan Chori Leela,Makhan Chori Leela
767,Shrikrishna Ne Kiya Kans Ka Vadh,Shrikrishna Ne Kiya Kans Ka Vadh
768,Sudama Charitra,Sudama Charitra
769,Draupadi Cheer Haran Ek Dardnak Satya Kahani,Draupadi Cheer Haran Ek Dardnak Satya Kahani
770,Narkasur Vadh Katha...,Narkasur Vadh Katha...
771,Beej Mantra,Beej Mantra
772,Navarna Mantra,Navarna Mantra
773,Sarvamangala Mangalye Shive Sarvartha Sadhike. Sharanye Tryambake Gauri Narayani Namostute.,Sarvamangala Mangalye Shive Sarvartha Sadhike. Sharanye Tryambake Gauri Narayani Namostute.
774,Om Hreem Dum Durgayai Namah,Om Hreem Dum Durgayai Namah
775,Ya Devi Sarvabhuteshu Shakti-Rupena Samsthita. Namastasyai Namastasyai Namastasyai Namo Nomah.,Ya Devi Sarvabhuteshu Shakti-Rupena Samsthita. Namastasyai Namastasyai Namastasyai Namo Nomah.
776,Saubhagya Prapti Hetu,Saubhagya Prapti Hetu
777,Sharanagata Deenarta Paritrana Parayane. Sarvasyartihare Devi Narayani Namostute.,Sharanagata Deenarta Paritrana Parayane. Sarvasyartihare Devi Narayani Namostute.
778,Om Jayanti Mangala Kali Bhadrakali Kapalini. Durga Kshama Shiva Dhatri Swaha Swadha Namostute.,Om Jayanti Mangala Kali Bhadrakali Kapalini. Durga Kshama Shiva Dhatri Swaha Swadha Namostute.
779,Srishtisthitivinashanam Shaktibhute Sanatani. Gunashraye Gunamaye Narayani Namostute.,Srishtisthitivinashanam Shaktibhute Sanatani. Gunashraye Gunamaye Narayani Namostute.
780,Durga Gayatri,Durga Gayatri
781,Durga Saptashati:,Durga Saptashati:
782,Shri Argala Stotram,Shri Argala Stotram
783,Keelak Stotram,Keelak Stotram
784,Siddha Kunjika Stotra:,Siddha Kunjika Stotra:
785,Devi Atharvashirsha,Devi Atharvashirsha
786,Durga Ashtottara Shatanam Stotra (108 Naam),Durga Ashtottara Shatanam Stotra (108 Naam)
787,Mahishasuramardini Stotra,Mahishasuramardini Stotra
788,Devyaparadhakshamapan Stotra,Devyaparadhakshamapan Stotra
789,Durga Kavach,Durga Kavach
790,Shri Durga Chalisa,Shri Durga Chalisa
791,Shri Durga Ashtakam,Shri Durga Ashtakam
792,Bhavani Ashtakam,Bhavani Ashtakam
793,Durga Kshama Prarthana:,Durga Kshama Prarthana:
794,Devi Stuti:,Devi Stuti:
795,Brahmakrit Devi Stuti,Brahmakrit Devi Stuti
796,Shailputri Stuti (Navdurga Ki Pratham Stuti),Shailputri Stuti (Navdurga Ki Pratham Stuti)
797,Siddhidatri Stuti,Siddhidatri Stuti
798,"Jai Ambe Gauri, Maiya Jai Shyama Gauri (Sabse Prasidh)","Jai Ambe Gauri, Maiya Jai Shyama Gauri (Sabse Prasidh)"
799,"Ambe Tu Hai Jagdambe Kali, Jai Durge Khappar Wali","Ambe Tu Hai Jagdambe Kali, Jai Durge Khappar Wali"
800,Jai Saraswati Mata,Jai Saraswati Mata
801,Aarti Vindhyeshwari Mata Ki,Aarti Vindhyeshwari Mata Ki
802,Aarti Sheetla Mata Ki,Aarti Sheetla Mata Ki
803,Jai Vaishnav Mata Aarti,Jai Vaishnav Mata Aarti
804,Mata Chamunda Devi Ji Ki Aarti,Mata Chamunda Devi Ji Ki Aarti
805,Bhor Bhai Din Chadh Gaya Meri Ambe,Bhor Bhai Din Chadh Gaya Meri Ambe
806,Sarvamangalamangalye Shive Sarvarthasadhike. Sharanye Tryambake Gauri Narayani Namostu Te.,Sarvamangalamangalye Shive Sarvarthasadhike. Sharanye Tryambake Gauri Narayani Namostu Te.
807,Ya Devi Sarvabhuteshu Shaktirupena Samsthita. Namastasyai Namastasyai Namastasyai Namo Namah.,Ya Devi Sarvabhuteshu Shaktirupena Samsthita. Namastasyai Namastasyai Namastasyai Namo Namah.
808,Jayanti Mangala Kali Bhadrakali Kapalini. Durga Kshama Shiva Dhatri Swaha Swadha Namostu Te.,Jayanti Mangala Kali Bhadrakali Kapalini. Durga Kshama Shiva Dhatri Swaha Swadha Namostu Te.
809,Dehi Saubhagyamarogyam Dehi Me Paramam Sukham. Rupam Dehi Jayam Dehi Yasho Dehi Dvisho Jahi.,Dehi Saubhagyamarogyam Dehi Me Paramam Sukham. Rupam Dehi Jayam Dehi Yasho Dehi Dvisho Jahi.
810,Sharanagatadeenartaparitranaparayane. Sarvasyartihare Devi Narayani Namostu Te.,Sharanagatadeenartaparitranaparayane. Sarvasyartihare Devi Narayani Namostu Te.
811,Tune Mujhe Bulaya Sherawaliye,Tune Mujhe Bulaya Sherawaliye
812,"Chalo Bulawa Aaya Hai, Mata Ne Bulaya Hai","Chalo Bulawa Aaya Hai, Mata Ne Bulaya Hai"
813,Nange Nange Paon Chala Aa Gaya Ri Maiya,Nange Nange Paon Chala Aa Gaya Ri Maiya
814,Bheja Hai Bulawa Tune Sherawaliye,Bheja Hai Bulawa Tune Sherawaliye
815,Maiya Ka Chola Hai Rangla,Maiya Ka Chola Hai Rangla
816,Man Leke Aaya Mata Rani Ke Bhavan Mein,Man Leke Aaya Mata Rani Ke Bhavan Mein
817,Pyara Saja Hai Tera Dwar Bhawani,Pyara Saja Hai Tera Dwar Bhawani
818,Maiya Teri Jai Jaikar,Maiya Teri Jai Jaikar
819,Lali Lali Lal Chunariya,Lali Lali Lal Chunariya
820,Mahishasur Vadh Ki Katha:,Mahishasur Vadh Ki Katha:
821,Shumbh-Nishumbh Vadh Ki Katha,Shumbh-Nishumbh Vadh Ki Katha
822,Madhu-Kaitabh Vadh Ki Katha,Madhu-Kaitabh Vadh Ki Katha
823,Mata Sati Aur 51 Shaktipeeth Ki Katha,Mata Sati Aur 51 Shaktipeeth Ki Katha
824,Navdurga Ke 9 Rupon Ki Katha:,Navdurga Ke 9 Rupon Ki Katha:
825,Vaishno Devi Ki Katha:,Vaishno Devi Ki Katha:
826,Raktabeej Vadh Ki Katha:,Raktabeej Vadh Ki Katha:
827,Mata Parvati Ka Kathin Tap Aur Shiv Se Vivah,Mata Parvati Ka Kathin Tap Aur Shiv Se Vivah
828,Om Chanting,Om
829,Gayatri Mantra,Om Bhur Bhuvah Svah Tat Savitur Varenyam Bhargo Devasya Dheemahi Dhiyo Yo Nah Prachodayat
830,Shanti Mantra,Sah Navavatu. Sah Nau Bhunaktu. Sah Veeryam Karavavahai. Tejasvi Navadheetamastu Ma Vidvishavahai.
831,Mahamrityunjay Mantra,Om Tryambakam Yajamahe Sugandhim Pushtivardhanam. Urvarukamiva Bandhananmrityormuksheeya Maamritat.
832,Shiv Mantra,Om Namah Shivaya
833,Mahamantra,"Hare Krishna Hare Krishna, Krishna Krishna Hare Hare. Hare Rama Hare Rama, Ram Ram Hare Hare."
834,Ganesh Mantra,Om Gam Ganapataye Namah
835,Sarvesham Shanti,Om Sarvesham Svastirbhavatu Om Sarvesham Shantirbhavatu
836,Buddha Mantra,Buddham Sharanam Gacchami
837,Loka Samasta,Lokah Samastah Sukhino Bhavantu
838,Saraswati Mantra,Om Aim Saraswatyai Namah
839,Hanuman Mantra,"Sankat Kate Mite Sab Peera, Jo Sumirai Hanumat Balbeera"
840,Asato Ma,Om Asato Ma Sadgamaya. Tamaso Ma Jyotirgamaya. Mrityorma Amritam Gamaya. Om Shanti Shanti Shanti.
841,Guru Mantra,Gurur Brahma Gurur Vishnu Gurur Devo Maheshwarah
842,Nirvana Shatakam,Chidanandarupah Shivoham Shivoham
843,Mahalakshmi Beej Mantra,Om Shreem Hreem Shreem Kamale Kamalalaye Praseed Praseed Om Shreem Hreem Shreem Mahalakshmyai Namah.
844,So-Ham Mantra,So-Ham
845,Durga Mantra,Om Dum Durgayai Namah
846,Ra Ma Da Sa,Ra Ma Da Sa Sa Say So Hung
847,Aham Brahmasmi,Aham Brahmasmi
848,Rama Mantra,Shri Ram Jai Ram Jai Jai Ram
849,Krishna Sharanam,Shri Krishna Sharanam Mama
850,Narayan Mantra,Om Namo Narayanaya
851,Tvameva Mata Cha Pita Tvameva,"Tvameva Mata Cha Pita Tvameva, Tvameva Bandhushcha Sakha Tvameva. Tvameva Vidya Dravinam Tvameva, Tvameva Sarvam Mam Dev Dev."
852,Achyutam Keshavam,Achyutam Keshavam Krishna Damodaram
853,Ganesha Beej,Om Gam Ganapataye Namah
854,Nirvana Shatakam,Man Ko Vicharon Se Mukt Kar Shunya Ki Awastha Mein Le Jata Hai.
855,Lingashtakam,Iski Lay Sanson Ko Sthir Karti Hai Jo Gehre Dhyan Ke Liye Uttam Hai.
856,Shiv Manas Puja,Mansik Ekagrata Badhata Hai Kyonki Ismein Man Se Hi Puja Ki Jati Hai.
857,Madhurashtakam,Man Ke Krodh Aur Kadwahat Ko Shant Kar Use Madhurta Se Bhar Deta Hai.
858,Narayan Stotram,Chinta Aur Ashanti Ko Door Kar Hriday Ko Sukoon Deta Hai.
859,Guruvashtakam,Vairagya Aur Shanti Ka Bhav Jagata Hai Jisse Bahari Tanav Asar Nahi Karta.
860,Dakshinamurti Stotram,Yeh Maun Ke Devta Ka Path Hai Jo Aatm-Gyan Aur Aantrik Maun Deta Hai.
861,Ram Ashtakam,Man Ke Bhitar Ke Anushasan Aur Mansik Shakti Ko Jagrit Karta Hai.
862,Bilvashtakam,Ekagrata Badhane Aur Sankalp Ko Mazboot Karne Ke Liye Prabhavkari Hai.
863,Krishna Ashtakam,Man Ko Bhakti Ke Anand Mein Dubokar Nakaratmakta Se Door Le Jata Hai.
864,Kar Darshan Stuti,Din Ki Shuruat Mein Man Ko Ekagra Karne Aur Shanti Ke Liye Sabse Shresth.
865,Shri Ram Stuti,Man Ke Gehre Tanav Aur Ashanti Ko Komalta Se Shant Karti Hai.
866,Shiv Rudrashtakam Stuti,Urja Ko Sthir Karti Hai Aur Dhyan Ko Gehra Banati.
867,Narayan Stuti,Man Mein Shanti Aur Santushti Ka Bhav Paida Karne Ke Liye.
868,Shiv Manas Stuti,Yeh Man Ke Andar Ki Kalpana Shakti Ko Shant Aur Sthir Karti Hai.
869,Saraswati Stuti,Mansik Spashtata Aur Dimag Ko Thanda Rakhne Ke Liye Prabhavkari.
870,Vishnu Mangal Stuti,Shubh Urja Ka Sanchar Karti Hai Jisse Dhyan Bhatakna Band Hota Hai.
871,Apradh Kshamapan Stuti,Man Ke Bojh Aur Pachtave Ko Shant Kar Use Halka Banati Hai.
872,Shri Krishna Stuti,Hriday Mein Prem Aur Anand Bharkar Man Ko Shant Karti Hai.
873,Durga Shanti Stuti,Yeh Seedhe Taur Par Shanti Ki Devi Ka Aahwan Karti Hai.
874,Upanishad Shanti Path,Ishavasya Upanishad Ka Yeh Mantra Man Ko Santosh Deta Hai Ki Sab Kuch Purn Hai.
875,Gita (Adhyay 2),Jab Man Apni Ichhaon Ko Chhodkar Khud Mein Khush Rehne Lagta Hai Tab Asli Shanti Milti Hai.
876,Gita (Adhyay 6),Dhyan Yog: Dheere-Dheere Buddhi Ke Dwara Man Ko Bhagwan Mein Sthir Karein Aur Kuch Na Sochein.
877,Ishavasya Upanishad,Yeh Shlok Tyag Ke Saath Jeevan Jeene Ki Kala Sikhata Hai Jisse Lalach Aur Chinta Mitti Hai.
878,Gita (Adhyay 6),Yog Ke Abhyas Se Jab Chitt Shant Ho Jata Hai Tab Manushya Apni Aatma Mein Hi Anand Pata Hai.
879,Kathopanishad Shanti,Guru Aur Shishya Ke Beech Shanti Aur Bina Kisi Dwesh Ke Dhyan Karne Ke Liye.
880,Shanti Path,Yeh Pure Brahmand Aur Panchtattvon Ko Shant Kar Man Ko Sthir Karne Ka Sabse Bada Shlok Hai.
881,Man Niyantran (Gita),Dhyan Ke Samay Jab Man Idhar-Udhar Bhage Tab Yeh Shlok Use Wapas Kendra Par Lane Ki Shakti Deta Hai.
882,Santulan Shlok,Yeh Man Ko Sukh-Dukh Mein Ek Saman Rehna Sikhata Hai Jisse Gehri Shanti Milti Hai.
883,Dhyan Moolam,Dhyan Ki Shuruat Karne Ke Liye Yeh Sabse Mukhya Shlok Hai Jo Ekagrata Badhata Hai.
884,Adhyatma Shlok,Yeh Man Ko Nakaratmakta Aur Andhere Se Nikalkar Prakash Ki Or Le Jata Hai.
885,Durga Beej Mantra,Yeh Durga Kavach Ki Tarah Kaam Karta Hai Aur Nakaratmak Urja Ko Paas Nahi Aane Deta.
886,Hanuman Beej Mantra,Tatkal Dar Door Karne Aur Bhari Sankat Se Suraksha Ke Liye.
887,Kali Mantra,Shatruon Ke Prabhav Ko Khatm Karne Aur Mansik Kamzori Mitane Ke Liye.
888,Nrisingh Gayatri,Har Taraf Se Suraksha Pradan Karne Wala Mahamantra.
889,Hanuman Stuti Mantra,Mansik Shakti Aur Indriyon Par Niyantran Pane Ke Liye.
890,Durga Duhswapna Nivaran,Bure Sapnon Aur Raat Ke Anjane Dar Se Suraksha Ke Liye.
891,Nrisingh Beej Mantra,Kisi Bhi Prakar Ki Tantra Badha Ya Buri Nazar Ko Khatm Karne Ke Liye.
892,Ram Raksha Kavach Mantra,Har Prakar Ki Aapda Se Bachne Ka Achook Mantra.
893,Mahamrityunjay Mantra,Sharirik Rogon Aur Akaal Mrityu Ke Bhay Se Suraksha Ke Liye.
894,Sudarshan Mantra,Yeh Sudarshan Chakra Ki Shakti Se Aapke Charon Or Suraksha Ghera Banata Hai.
895,Kartikeya Mantra,Court-Kachahari Aur Vivadon Mein Vijay Va Shakti Pane Ke Liye.
896,Baglamukhi Beej Mantra,Vaad-Vivaad Mein Vaani Ko Shaktishali Banane Aur Jeet Hasil Karne Ke Liye.
897,Garuda Shakti Mantra,Zahrile Keedon Aur Sankraman Se Bachav Ke Liye.
898,Sarva Suraksha Mantra,Shiv Ka Yeh Mantra Brahmand Ki Sabse Badi Shakti Aur Suraksha Deta Hai.
899,Hanuman Chalisa,Hanuman Ji
900,Durga Chalisa,Maa Durga
901,Shiv Chalisa,Bhagwan Shiv
902,Kali Chalisa,Maa Mahakali
903,Bhairav Chalisa,Bhagwan Kalbhairav
904,Nrisingh Chalisa,Bhagwan Nrisingh
905,Shani Chalisa,Shani Dev
906,Ram Chalisa,Bhagwan Shri Ram
907,Vindhyeshwari Chalisa,Maa Vindhyeshwari
908,Kartikeya Chalisa,Bhagwan Kartikeya
909,Baglamukhi Chalisa,Maa Baglamukhi
910,Gayatri Chalisa,Maa Gayatri
911,Ganesh Chalisa,Bhagwan Ganesh
912,Saraswati Chalisa,Maa Saraswati
913,Lakshmi Chalisa,Maa Lakshmi
914,Saraswati Beej Mantra,Yaaddasht Badhane Aur Gyan Ki Prapti Ke Liye Sabse Shaktishali Beej Mantra.
915,Gayatri Mantra,Buddhi Ko Shuddh Karne Aur Sahi Nirnay Lene Ki Shakti Dene Wala Mahamantra.
916,Vidya Prapti Mantra,Padhai Shuru Karne Se Pehle Ekagrata Badhane Ke Liye Sabse Prasidh Mantra.
917,Ganesh Vidya Mantra,Shiksha Ke Marg Mein Aane Wali Rukawaton Ko Door Karne Ke Liye.
918,Guru Mantra,Guru Ki Kripa Prapt Karne Aur Sahi Margdarshan Pane Ke Liye.
919,Hanuman Buddhi Mantra,Buddhi Aur Bal Dono Ke Vikas Ke Liye Prasidh Doha/Mantra.
920,Budh Grah Mantra,Tarkik Shakti Aur Ganitiya Buddhi Ko Tez Karne Ke Liye.
921,Navgrah Saraswati,Sabhi Dishaon Se Gyan Aur Safalta Prapt Karne Ke Liye.
922,Pragya Vardhan Mantra,Smaran Shakti Ko Asadharan Roop Se Tez Karne Ke Liye.
923,Surya Pragya Mantra,Mansik Spashtata Oaj Aur Buddhi Ke Prakash Ke Liye.
924,Agastya Rachit Saraswati Stotra,Smaran Shakti Badhane Aur Buddhi Ko Kushagra Karne Hetu.
925,Hayagriva Stotra,Vedon Ke Gyan Aur Kathin Vishayon Mein Nipunta Hetu.
926,Sharda Bhujang Prayat Stotra,Vaani Ki Madhurta Aur Sahitya Gyan Ke Liye.
927,Neel Saraswati Stotra,Tark Shakti Aur Rachanatmak Lekhan Ke Liye.
928,Vidya Lakshmi Stotra,Shiksha Ke Madhyam Se Career Mein Safalta Pane Hetu.
929,Dakshinamurti Stotra,Darshan Adhyatma Aur Aatmgyan Ki Prapti Ke Liye.
930,Brihaspati Stotra,Buddhi Ke Vistar Aur Uchha Pad Ki Prapti Ke Liye.
931,Budh Stotra,Ganit Aur Gananatmak Vishayon Mein Tezi Lane Ke Liye.
932,Saraswati Dwadash Naam Stotra,12 Pavitra Naamon Ke Jap Se Ekagrata Badhane Hetu.
933,Medha Sukta Stotra,Medha Aur Samajhne Ki Shakti Ko Jagrit Karne Hetu.
934,Ganesh Pancharatna Stotra,Vidyarambh Aur Shiksha Ki Badhaayein Door Karne Ke Liye.
935,Saraswati Vandana (Ya Kundendu..),Padhai Shuru Karne Se Pehle Ekagrata Aur Shanti Ke Liye.
936,Ganesh Stuti (Gajananm Bhut..),Kisi Bhi Nayi Cheez Ko Seekhne Ki Badha Door Karne Hetu.
937,Guru Vandana (Gururbrahma..),Guru Ka Aashirwad Aur Sahi Margdarshan Prapt Karne Hetu.
938,Shiv Manas Stuti,Mansik Spashtata Aur Gehre Aatmgyan Ke Liye.
939,Hanuman Buddhi Stuti,"Buddhiheen Tanu Janike.." Buddhi Aur Bal Ke Vikas Hetu.
940,Brahma Stuti,Srijanatmak Vicharon Aur Naye Avishkaron Ki Shakti Hetu.
941,Vishnu Stuti (Shantakaram..),Man Ko Shant Rakhkar Kathin Padhai Mein Dhyan Lagane Hetu.
942,Ram Stuti (Shri Ramchandra..),Maryada Dhairya Aur Mansik Santulan Ki Shiksha Ke Liye.
943,Gayatri Stuti,Buddhi Ko Shuddh Karne Aur Sakaratmak Vichar Lane Hetu.
944,Krishna Stuti (Kasturi Tilakam..),Chanchal Man Ko Vash Mein Karke Ekagrata Badhane Hetu.
945,Brihaspati Stuti,Gyan Ke Vistar Aur Gambhir Vishayon Ki Samajh Ke Liye.
946,Guru Shlok,Guru Hi Gyan Ka Marg Dikhaate Hain Aur Brahmand Ki Sarvochha Shakti Hain.
947,Vidya Shlok,Vidya Se Vinay Aati Hai Aur Vinay Se Hi Yogyata Prapt Hoti Hai.
948,Chanakya Niti,Kitabon Mein Rakha Gyan Aur Doosron Ke Paas Gaya Dhan Samay Par Kaam Nahi Aata.
949,Bhagwad Gita,Is Sansar Mein Gyan Ke Saman Pavitra Karne Wali Aur Koi Vastu Nahi Hai.
950,Subhashit,Raja Keval Apne Desh Mein Samman Pata Hai Lekin Vidwan Puri Duniya Mein Puja Jata Hai.
951,Vedic Vidya,Mujhe Asatya Se Satya Ki Or Aur Agyan Ke Andhere Se Gyan Ke Prakash Ki Or Le Chalein.
952,Saraswati Shlok,He Maa Saraswati Main Vidya Aarambh Karne Ja Raha Hoon Mujhe Safalta Pradan Karein.
953,Chanakya Niti 2,Vidya Kamdhenu Gaay Ke Saman Hai Jo Har Kathin Samay Mein Shubh Phal Deti Hai.
954,Subhashit 2,Karya Mehnat Se Pure Hote Hain Keval Ichha Karne Ya Sochne Se Nahi.
955,Gita Shlok 2,Apne Gyan Ko Karm Mein Lagao Phal Ki Chinta Mein Apni Ekagrata Mat Khoyo.
956,Vedic Mantra,Hum Sab Saath Milkar Chalein Saath Milkar Bolein Aur Gyan Ko Gehraai Se Samajhyein.
957,Mahalakshmi Beej Mantra,Dhan Prapti Aur Daridrata Door Karne Ke Liye Sabse Shaktishali Mantra.
958,Kuber Mantra,Dhan Ke Raja Kuber Ka Mantra Jo Tijori Ko Hamesha Bhara Rakhta Hai.
959,Mahalakshmi Mool Mantra,Jeevan Mein Sukh Shanti Aur Vyapar Mein Vriddhi Ke Liye.
960,Lakshmi Mantra,Dhan Aane Ke Marg Mein Aane Wali Rukawaton Ko Door Karne Hetu.
961,Rina Mochan Mantra,Purane Karzon Se Mukti Pane Ke Liye Vishesh Shiv Mantra.
962,Kanakdhara Beej Mantra,Achanak Dhan Labh Aur Samriddhi Ke Dwar Kholne Ke Liye.
963,Vishnu Lakshmi Mantra,Ghar Mein Barkat Aur Parivar Mein Sukh-Samriddhi Banaye Rakhne Ke Liye.
964,Mahalakshmi Gayatri,Jeevan Mein Sakaratmakta Aur Dhan Ke Nirantar Prawah Ke Liye.
965,Vyapar Vriddhi Mantra,Dukan Ya Karobar Mein Grahakon Aur Dhan Ki Vriddhi Hetu.
966,Dhan Prada Mantra,Bhautik Sukh-Suvidhaon Aur Vilasita Ki Prapti Ke Liye.
967,Kanakdhara Stotra,Daridrata Mitane Aur Achanak Dhan Labh Ke Liye Sabse Prabhavkari.
968,Shri Suktam,Jeevan Mein Sthayi Dhan Aishwarya Aur Vaibhav Lane Ke Liye.
969,Mahalakshmi Ashtakam,Har Tarah Ki Sukh-Suvidha Aur Asht-Siddhi Prapti Ke Liye.
970,Rina Mochan Mangal Stotra,Purane Karzon Se Mukti Aur Arthik Bojh Kam Karne Hetu.
971,Ashtalakshmi Stotra,Jeevan Ke 8 Alag-Alag Kshetron Mein Samriddhi Pane Ke Liye.
972,Lakshmi Hridaya Stotra,Vyapar Mein Badi Kamyabi Aur Atke Hue Dhan Ki Prapti Hetu.
973,Ganesh Sankatnashan Stotra,Dhan Aane Ke Marg Ki Har Rukawat Ko Door Karne Ke Liye.
974,Annapurna Stotra,Ghar Mein Kabhi Bhi Ann Aur Dhan Ki Kami Na Hone Dene Ke Liye.
975,Indrakshi Stotra,Rajasi Sukh Samman Aur Bade Aishwarya Ki Prapti Ke Liye.
976,Narayan Suktam,Parivar Mein Barkat Aur Lakshmi-Narayan Ki Sanyukt Kripa Hetu.
977,Shubh-Labh Stotra,Ghar Aur Dukan Mein Shubh Labh Aur Barkat Banaye Rakhne Hetu.
978,Lakshmi Chalisa,Sukh Samriddhi Aur Sthayi Dhan Ke Liye
979,Kuber Chalisa,Dhan Ke Bhandar Aur Aay Badhane Ke Liye
980,Ganesh Chalisa,Vyapar Mein Labh Aur Badhaayein Door Karne Hetu
981,Saraswati Chalisa,Buddhi Se Dhan Kamane Ki Shakti Hetu
982,Mahalakshmi Chalisa,Vilasita Aur Luxury Jeevan Ki Prapti Hetu
983,Lakshmi Ji Ki Aarti,Ghar Mein Sthayi Sukh Aur Dhan Vriddhi Ke Liye
984,Kuber Ji Ki Aarti,Dhan Ke Khazane Aur Aay Badhane Ke Liye
985,Maa Annapurna Aarti,Ann Aur Dhan Ki Barkat Banaye Rakhne Hetu
986,Maa Vaibhav Lakshmi Aarti,Vilasita Aur Sukh-Suvidhaon Ki Prapti Hetu
987,Namo Namastestu Mahamaye Shripithe Surapujite,He Mahamaya Aapko Namaskar Hai Aap Dhan Aur Aishwarya Ki Devi Hain
988,Dhanam Dhanyam Pashum Bahuputralabham Shatasamvatsaram DirghamAyuh,Dhan Dhanya Aur Sukh-Samriddhi Ke Saath Lambi Aayu Prapt Ho
989,Yatra Yogeshwarah Krishno Yatra Partho Dhanurdharah,Jahan Gyan Aur Karm Saath Hain Wahan Vijay Aur Vaibhav Nishchit Hai
990,Udyamen Hi Sidhyanti Karyani Na Manorathaih,Mehnat Se Hi Karya Siddh Hote Hain Aur Dhan Ki Prapti Hoti Hai
991,Yakshaya Kuberaya Vaishravanaya Dhanadhanyadhipataye,Dhan Ke Swami Kuber Dev Humein Samriddhi Aur Vaibhav Pradan Karein
992,Karmanyevadhikaraste Ma Phaleshu Kadachana,Nishkam Karm Hi Shresth Hai Jisse Sthayi Samriddhi Prapt Hoti Hai
993,Sarvamangalamangalye Shive Sarvarthasadhike,Aap Sabhi Mangal Karne Wali Aur Karyon Ko Siddh Karne Wali Hain
994,Apadamapahartaram Dataram Sarvasampadam,Sabhi Vipattiyon Ko Harne Wale Aur Sabhi Sampattiyaan Dene Wale
995,Kleem Beej Mantra,Prem Akarshan Aur Rishton Mein Khinchav Badhane Ke Liye.
996,Kamdev Gayatri,Dampatya Jeevan Mein Romance Aur Akarshan Badhane Ke Liye.
1007,Katyayani Mantra,Manchaha Pati Pane Aur Prem Vivah Ki Badhaayein Door Karne Hetu.
998,Patni Prapti Mantra,Sundar Aur Yogya Patni Ki Prapti Ke Liye.
999,Gauri-Shankar Mantra,Vaivahik Sukh Aur Prem Sambandhon Ko Mazboot Karne Ke Liye.
1000,Vishnu-Lakshmi Mantra,Ghar Mein Shanti Prem Aur Sukh-Samriddhi Banaye Rakhne Ke Liye.
1001,Shiv Shakti Mantra,Pati-Patni Ke Beech Jhagde Khatm Kar Ekta Lane Ke Liye.
1002,Rudra Mantra,Man Ko Shant Rakhne Aur Rishton Mein Sthirta Ke Liye.
1003,Ardhanarishwar Mantra,Rishton Mein Santulan Aur Aapsi Samajh Badhane Ke Liye.
1004,Maa Saraswati Mantra,Rishton Mein Samvaad Sudharne Aur Madhur Vaani Ke Liye.
1005,Radha Kripa Kataksha,Prem Sambandhon Mein Daiviya Kripa Ke Liye
1006,Madhurashtakam,Rishton Mein Kadwahat Door Kar Mithas Ke Liye
1007,Kamdev Stotra,Akarshan Shakti Aur Prem Badhane Ke Liye
1008,Ardhanarishwar Stotra,Pati-Patni Mein Aapsi Samajh Aur Samanta
1009,Janki Stotra,Rishton Mein Vafadari Aur Samarpan Ke Liye
1010,Parvati Stotra,Vaivahik Klesh Aur Tanav Door Karne Ke Liye
1011,Lakshmi Narayan Stotra,Ghar Mein Sukh-Shanti Aur Prem Ki Sthirta
1012,Krishna Ashtakam,Jeevan Mein Anand Aur Khushhal Sambandhon Ke Liye
1013,Uma Maheshwar Stotra,Atoot Prem Bandhan Aur Ekta Ke Liye
1014,Annapurna Stotra,Parivar Mein Prem Aur Bharpoor Barkat Ke Liye
1015,Parvati Stuti,Prem Vivah Mein Safalta
1016,Radha Stuti,Sachche Prem Ki Prapti
1017,Sita Stuti,Rishton Mein Maryada Aur Prem
1018,Krishna Stuti,Akarshan Aur Prem Hetu
1019,Lakshmi Stuti,Sukhi Dampatya Jeevan
1020,Gopal Stuti,Rishton Mein Madhurta
1021,Durga Stuti,Buri Nazar Se Suraksha
1022,Narayan Stuti,Rishton Mein Sthirta
1023,Saraswati Stuti,Baatchit Mein Mithas
1024,Hanuman Stuti,Badhaayein Door Karne Hetu
1025,Ganesh Stuti,Naye Rishte Ki Shubh Shuruat
1026,Radhe Radhe Barsane Wali,Prem Bhav Jagane Hetu
1027,Achyutam Keshavam,Samarpan Aur Prem Hetu
1028,Shyama Aan Baso,Akelepann Ko Door Karna
1029,Meethe Ras Se Bharyo Ri,Rishton Mein Madhurta Hetu
1030,Yashomati Maiya Se Bole,Nishchal Prem Ke Liye
1031,Sitaram Charit Pavan,Aadarsh Parivarik Jeevan
1032,Kanhaiya Le Chal Paar,Sankat Mein Saathi Ka Saath
1033,Shyam Teri Bansi,Akarshan Badhane Hetu
1034,Humein Radha Rani Tere Naam Ka Sahara,Bhavnatmak Mazbooti Hetu
1035,Aisi Lagi Lagan,Purn Samarpan Ke Liye
1036,Hari Bin Koi Na Tera,Prem Mein Sachai Hetu
1037,Radha-Krishna Prem Katha,Radha-Krishna Prem Katha
1038,Shiv-Parvati Vivah,Shiv-Parvati Vivah
1039,Ram-Sita Vanvas Katha,Ram-Sita Vanvas Katha
1040,Rukmini Haran Katha,Rukmini Haran Katha
1041,Nal-Damayanti Katha,Nal-Damayanti Katha
1042,Kamdev-Rati Katha,Kamdev-Rati Katha
1043,Satyabhama-Krishna Katha,Satyabhama-Krishna Katha
1044,Usha-Aniruddh Katha,Usha-Aniruddh Katha
1045,Subhadra-Arjun Vivah,Subhadra-Arjun Vivah
1046,Tulsi-Shaligram,Tulsi-Shaligram
1047,Hanuman-Ram Bhakti,Hanuman-Ram Bhakti
1048,Gayatri Mantra,Mansik Shanti Aur Khushi Hetu
1049,Mahamrityunjay,Dar Door Karne Aur Anand Hetu
1050,Hare Krishna Mahamantra,Param Anand Aur Shuddh Bhakti
1051,Ganesha Mantra,Tanav Mukti Aur Sukh Hetu
1052,Shanti Mantra,Man Ki Shanti Aur Sukoon Hetu
1053,Shiv Panchakshar,Aatmik Khushi Aur Bhakti Hetu
1054,Lakshmi Mantra,Samriddhi Aur Santushti Hetu
1055,Hanuman Mantra,Sahas Aur Man Ka Utsah
1056,Krishna Sharanam,Ishwar Ke Prati Purn Samarpan
1057,Narayan Mantra,Hriday Mein Bhakti Jagane Hetu
1058,Buddha Mantra,Aantrik Shanti Aur Gyan
1059,Shri Ram Stuti,Param Shanti Aur Dukhon Ka Naash
1060,Shiv Stuti,Bhakti Aur Aatmik Shakti Hetu
1061,Ganesha Stuti,Sukh-Samriddhi Aur Mangal Hetu
1062,Narayan Stuti,Man Ki Sthirta Aur Sukoon Hetu
1063,Saraswati Stuti,Buddhi Aur Man Ki Spashtata
1064,Hanuman Stuti,Sahas Aur Bhay Se Mukti Hetu
1065,Durga Stuti,Suraksha Aur Mansik Prasannata
1066,Katyayani Stuti,Sankalp Aur Manokamna Purti
1067,Krishna Stuti,Krishna Prem Aur Anand Hetu
1068,Achyutam Keshavam,Achyutam Keshavam
1069,Radhe Radhe Barsane Wali,Radhe Radhe Barsane Wali
1070,Aisi Lagi Lagan,Aisi Lagi Lagan
1071,Shri Ramchandra Kripalu,Shri Ramchandra Kripalu
1072,Kishori Kuch Aisa Intazam,Kishori Kuch Aisa Intazam
1073,Yashomati Maiya Se Bole,Yashomati Maiya Se Bole
1074,Ram Naam Ke Heere Moti,Ram Naam Ke Heere Moti
1075,Shyama Aan Baso,Shyama Aan Baso
1076,Meethe Ras Se Bharyo Ri,Meethe Ras Se Bharyo Ri
1077,Bhar De Re Shyam Jholi,Bhar De Re Shyam Jholi
1078,O Palanhare,O Palanhare
1079,Mera Aapki Kripa Se,Mera Aapki Kripa Se
1080,Chhoti Chhoti Gaiya,Chhoti Chhoti Gaiya
1081,Shanti Shlok,Sabki Khushi Aur Kalyan Hetu
1082,Samarpan Shlok,Ishwar Ke Prati Atoot Prem
1083,Ganesha Shlok,Badha Door Kar Sukh Pane Hetu
1084,Shiv Shlok,Divya Shanti Aur Bhakti Hetu
1085,Guru Shlok,Shraddha Aur Margdarshan Hetu
1086,Saraswati Shlok,Gyan Aur Man Ki Prasannata
1087,Prabhat Shlok,Din Ki Khushhal Shuruat
1088,Mangal Shlok,Har Kaam Mein Shubh Aur Mangal
1089,Bhakti Shlok,Ishwar Par Purn Vishwas Hetu
1090,Hanuman Shlok,Man Ki Shakti Aur Shanti
1091,Mahamrityunjay Mantra,Gambhir Rogon Se Mukti Aur Jeevan Raksha
1092,Surya Arogya Mantra,Urja Twacha Rog Aur Aankhon Ki Roshni
1093,Prana Mudra Mantra,Sharir Mein Jeevani Shakti Badhane Hetu
1094,Rog Nashak Mantra,Mansik Aur Sharirik Vyadhi Door Karne Hetu
1095,Hanuman Swasthya Mantra,Sharirik Kasht Aur Dard Se Mukti
1096,Ashwini Kumar Mantra,Sheeghra Swasth Hone Aur Healing Hetu
1097,Durga Arogya Mantra,Saubhagya Aur Uttam Swasthya Ki Prapti
1098,Shiv Arogya Mantra,Akaal Mrityu Ke Bhay Aur Rogon Ka Naash
1099,Gayatri Mantra,Mansik Swasthya Aur Buddhi Ki Shuddhi
1100,Narayan Kavach Ansh,Sharir Ki Suraksha Aur Healing Hetu
1101,Aditya Hridaya Stotra,Aditya Hridaya Stotra
1102,Vaidyanath Stotra,Vaidyanath Stotra
1103,Dhanvantari Stotra,Dhanvantari Stotra
1104,Ram Raksha Stotra,Ram Raksha Stotra
1105,Sankat Naashan Ganesh Stotra,Sankat Naashan Ganesh Stotra
1106,Mrityunjaya Stotra,Mrityunjaya Stotra
1107,Durga Apaduddharak Stotra,Durga Apaduddharak Stotra
1108,Hanuman Bahuk,Hanuman Bahuk
1109,Surya Mandal Stotra,Surya Mandal Stotra
1110,Narayan Kavach,Narayan Kavach
1111,Shiv Arogya Stuti,Rogon Se Mukti Aur Aayu Vriddhi
1112,Hanuman Stuti,Sharirik Shakti Aur Dard Nivaran
1113,Surya Stuti,Aankhon Ki Roshni Aur Tej Hetu
1114,Durga Stuti,Nakaratmak Urja Se Swasthya Raksha
1115,Ram Stuti,Mansik Shanti Aur Healing Hetu
1116,Ganesha Stuti,Badhaon Ko Door Kar Sukh Paana
1117,Narayan Stuti,Man Ki Shanti Aur Healing
1118,Vishnu Stuti,Pure Sharir Ki Shuddhi Hetu
1119,Lakshmi Arogya Stuti,Sharirik Aur Mansik Santosh
1120,Saraswati Stuti,Mansik Spashtata Aur Healing
1121,He Dukh Bhanjan Maruti Nandan,He Dukh Bhanjan Maruti Nandan
1122,Naam Hai Tera Taranhara,Naam Hai Tera Taranhara
1123,Kitna Pyara Hai Shringar,Kitna Pyara Hai Shringar
1124,Mera Aapki Kripa Se,Mera Aapki Kripa Se
1125,Achyutam Keshavam,Achyutam Keshavam
1126,O Palanhare,O Palanhare
1127,Ram Naam Ke Heere Moti,Ram Naam Ke Heere Moti
1128,Itni Shakti Humein Dena Data,Itni Shakti Humein Dena Data
1129,Shiv Shankar Ko Jisne Puja,Shiv Shankar Ko Jisne Puja
1130,Shri Ramchandra Kripalu,Shri Ramchandra Kripalu
1131,Arogya Shlok,Uttam Swasthya Aur Rogon Se Mukti Hetu
1132,Dhanvantari Shlok,Oushadhiya Shakti Aur Healing Hetu
1133,Mahamrityunjay,Akaal Mrityu Se Raksha Aur Arogya
1134,Hanuman Swasthya,Har Prakar Ke Sharirik Dard Aur Bimari Ka Naash
1135,Shanti Shlok,Sabko Rogmukt Aur Sukhi Rakhne Hetu
1136,Ashwini Kumar,Divya Chikitsakon Ka Aahwan
1137,Rog Nivaran,Jatil Aur Purane Rogon Ke Nivaran Hetu
1138,Vishnu Healing,Bhagwan Ke Naam Se Rogon Ka Ilaaj
1139,Prana Shlok,Sharir Mein Prana Urja Badhane Hetu
1140,Bhojan Arogya,Sharir Ko Dharm Ka Pehla Sadhan Maankar Raksha
1141,Ganesha Mantra,Kaam Mein Badha Door Karne Hetu
1142,Mahalakshmi Mantra,Dhan Aur Career Mein Samriddhi Hetu
1143,Gayatri Mantra,Nirnay Shakti Aur Buddhi Badhane Hetu
1144,Saraswati Mantra,Interview Aur Pariksha Mein Safalta Hetu
1145,Hanuman Mantra,Aatmvishwas Aur Jeet Hasil Karne Hetu
1146,Surya Mantra,Sarkari Naukri Aur Pad-Pratishtha Hetu
1147,Vishnu Mantra,Career Mein Sthirta Aur Tarakki Hetu
1148,Kartikeya Mantra,Shatruon Par Vijay Aur Pratiyogita Hetu
1149,Durga Mantra,Har Kshetra Mein Safalta Aur Suraksha Hetu
1150,Kuber Mantra,Vyapar Aur Dhan Vriddhi Hetu
1151,Aditya Hridaya Stotra,Aditya Hridaya Stotra
1152,Sankat Naashan Ganesh Stotra,Sankat Naashan Ganesh Stotra
1153,Mahalakshmi Ashtakam,Mahalakshmi Ashtakam
1154,Ram Raksha Stotra,Ram Raksha Stotra
1155,Shri Suktam,Shri Suktam
1156,Bajrang Baan,Bajrang Baan
1157,Saraswati Stotra,Saraswati Stotra
1158,Narayan Kavach,Narayan Kavach
1159,Shiv Panchakshar Stotra,Shiv Panchakshar Stotra
1160,Hanuman Ashtak,Hanuman Ashtak
1161,Ganesha Stuti,Karya Ki Shuruat Mein Safalta Hetu
1162,Shri Ram Stuti,Maan-Samman Aur Vijay Ki Prapti
1163,Hanuman Stuti,Sahas Aur Kathin Lakshyon Ki Prapti
1164,Saraswati Stuti,Buddhi Interview Aur Gyan Mein Unnati
1165,Mahalakshmi Stuti,Vyapar Mein Labh Aur Career Growth
1166,Aditya Stuti,Sarkari Naukri Aur Pad-Pratishtha
1167,Shiv Stuti,Sthirta Aur Mansik Shakti Hetu
1168,Narayan Stuti,Professional Life Mein Shanti Aur Sukh
1169,Durga Stuti,Rukawaton Ka Naash Aur Jeet Hetu
1170,Vishnu Stuti,Career Mein Tarakki Aur Samriddhi
1171,Shri Hanuman Chalisa,Shri Hanuman Chalisa
1172,Shri Ganesh Chalisa,Shri Ganesh Chalisa
1173,Shri Lakshmi Chalisa,Shri Lakshmi Chalisa
1174,Shri Durga Chalisa,Shri Durga Chalisa
1175,Shri Saraswati Chalisa,Shri Saraswati Chalisa
1176,Itni Shakti Humein Dena Data,Karyakshetra Mein Aatmbal Badhane Hetu
1177,Ram Naam Ke Heere Moti,Mehnat Ka Phal Aur Mansik Shanti Hetu
1178,Aisi Lagi Lagan,Apne Kaam Mein Doob Jane Hetu
1179,O Palanhare,Mushkil Projects Mein Ishwar Ka Saath
1180,Mera Aapki Kripa Se,Safalta Ka Shrey Aur Ahankar Se Mukti
1181,Humko Man Ki Shakti Dena,Sahi Nirnay Lene Ki Shamta Hetu
1182,Jag Mein Sundar Hain Do Naam,Din Ki Shuruat Josh Ke Saath Karne Hetu
1183,Achyutam Keshavam,Tanav Kam Kar Focus Badhane Hetu
1184,Prabhu Ji Tum Chandan Hum Paani,Team Work Aur Achhe Vyavhar Hetu
1185,Jai Hanuman Gyan Gun Sagar,Interview Aur Meeting Mein Nidar Rehne Hetu
1186,Karm Shlok,Career Mein Bina Tanav Mehnat Aur Safalta Hetu
1187,Vijay Shlok,Har Karya Aur Pratiyogita Mein Nishchit Vijay Hetu
1188,Ganesha Shlok,Vyapar Ya Naye Kaam Ki Badhaayein Door Karne Hetu
1189,Buddhi Shlok,Career Mein Sahi Nirnay Aur Teevra Buddhi Hetu
1190,Vidya Shlok,Interview Pariksha Aur Nayi Skill Mein Siddhi Hetu
1191,Sankalpa Shlok,Aalasya Door Kar Mehnat Se Lakshya Pane Hetu
1192,Shanti-Vijay,Kaam Ke Dabav Mein Bhi Mansik Purnata Hetu
1193,Guru Kripa,Career Mein Sahi Guidance Aur Mentor Pane Hetu
1194,Ganesh Gayatri,Karyon Mein Safalta Aur Buddhi Ke Liye.
1195,Lakshmi Beej Mantra,Apaar Dhan Aur Samriddhi Ki Prapti.
1196,Kuber Mantra,Dhan Sanchay Aur Vyapar Mein Vriddhi.
1197,Shri Suktam,Ghar Mein Maa Lakshmi Ka Sthayi Vaas.
1198,Vakratunda Mahakaya,Sabhi Vighn-Badhaon Ko Door Karne Hetu.
1199,Lakshmi Gayatri,Saubhagya Aur Aishwarya Ki Prapti.
1200,Saraswati Mantra,Gyan Ekagrata Aur Kala Mein Nipunta.
1201,Ganesh Mool Mantra,Kisi Bhi Naye Karya Ke Nirbadh Aarambh Ke Liye.
1202,Mahalakshmi Ashtakam,Asht-Lakshmi Ki Purn Kripa Pane Ke Liye.
1203,Vishnu Vandana,Jeevan Mein Sukh Shanti Aur Moksh Ke Liye.
1204,Gayatri Mantra,Adhyatmik Jagriti Aur Shuddh Buddhi Ke Liye.
1205,Om Jai Lakshmi Mata,Dhan Sukh Aur Samriddhi Ki Prapti Ke Liye Sabse Mukhya Aarti.
1206,Jai Ganesh Deva,Kisi Bhi Puja Ki Shuruat Mein Vighn Door Karne Ke Liye.
1207,Om Jai Jagdish Hare,Ghar Mein Shanti Bhakti Aur Prasannata Ke Liye Universal Aarti.
1208,Shri Kuber Aarti,Dhan Ke Devta Ko Prasann Karne Aur Tijori Bhari Rakhne Ke Liye.
1209,Mahalakshmi Ashtakam,Yeh Maa Lakshmi Ki Sabse Shaktishali Stuti Mani Jati Hai.
1210,Shri Suktam,Vedon Se Lee Gayi Maa Lakshmi Ki Sabse Purani Aur Shuddh Stuti.
1211,Shri Ram Chandra Kripalu Bhaju Man,Bhagwan Ram Ke Ayodhya Aagaman Ki Khushi Mein Gaayi Jane Wali Stuti.
1212,Maiya Lakshmi Ji Ki Amritwani,Maa Lakshmi Ki Puri Mahima Aur Katha Ka Varnan.
1213,Jai Ganesh Jai Ganesh Deva,Sukh-Karta Aur Dukh-Harta Ganesh Ji Ka Sabse Lokpriya Bhajan.
1214,Lakshmi Chalisa,Maa Lakshmi Ko Prasann Karne Ke Liye Saral Aur Sundar Path.
1215,Shri Ram Stuti,Diwali Ke Din Prabhu Ram Ki Mahima Gaane Ke Liye Shresth.
1216,Achyutam Keshavam Krishna Damodaram,Vishnu Ji Ki Shant Aur Madhur Stuti.
1217,Thumak Chalat Ramchandra,Ram Ji Ke Baal Roop Ka Sundar Varnan.
1218,Mahalakshmi Kavach,Ghar Aur Parivar Ki Suraksha Aur Barkat Ke Liye.
1219,Vishnu Sahasranama,Vishnu Ji Ke 1000 Naam Jo Mahalakshmi Ko Priya Hain.
1220,Mool Mantra,Moksh Prapti Aur Man Ki Shanti Ke Liye.
1221,Mahamantra,Kaliyug Ke Paapon Se Mukti Aur Param Anand.
1222,Krishna Gayatri,Gyan Buddhi Aur Ekagrata Badhane Ke Liye.
1223,Santan Gopal Mantra,Yogya Santan Ki Prapti Ke Liye Achook Mantra.
1224,Krishna Beej Mantra,Akarshan Shakti Aur Atke Hue Kaam Banane Ke Liye.
1225,Klesh Nashak Mantra,Jeevan Ke Sabhi Dukhon Aur Sankaton Ko Door Karne Hetu.
1226,Sharan Mantra,Bhay Door Karne Aur Bhagwan Ki Suraksha Pane Ke Liye.
1227,Govind Mantra,Dhan Aishwarya Aur Sukh-Suvidhaon Ki Prapti.
1228,Madhurashtakam,Krishna Prem Mein Doobne Aur Bhakti Badhane Ke Liye.
1229,Achyutam Keshavam,Subah-Shaam Bhagwan Ka Dhyan Aur Smaran Karne Hetu.
1230,Aarti Kunj Bihari Ki,Yeh Krishna Ji Ki Sabse Prasidh Aur Priya Aarti Hai.
1231,Jai Ganesh Deva,Kisi Bhi Puja Ki Shuruat Mein Sabse Pehle Ganesh Ji Ki Aarti.
1232,Banke Bihari Ki Aarti,Mathura Aur Vrindavan Ke Banke Bihari Mandir Ki Mukhya Aarti.
1233,Om Jai Jagdish Hare,Krishna Ji Vishnu Ke Avatar Hain Isliye Yeh Aarti Zaroor Hoti Hai.
1234,Madhurashtakam (Adharam Madhuram),Krishna Ji Ki Sundarta Ka Sabse Sundar Varnan.
1235,Achyutam Keshavam Krishna Damodaram,Bahut Hi Shant Aur Madhur Naam Sankirtan.
1236,Yashomati Maiya Se Bole Nandlala,Kanha Ke Baal Roop Aur Unki Baaton Ka Varnan.
1237,Govind Bolo Hari Gopal Bolo,Samuhik Roop Se Gaane Ke Liye Sabse Saral Kirtan.
1238,Nand Ke Anand Bhayo Jai Kanhaiya Lal Ki,Janm Ke Baad Khushi Manane Ke Liye Sabse Khaas Gaana.
1239,Chhoti Chhoti Gaiya Chhote Chhote Gwal,Bachon Aur Badon Dono Ka Pasandida Bhajan.
1240,Mere Banke Bihari Lal,Banke Bihari Ji Ke Prati Prem Vyakt Karne Ke Liye.
1241,Shyam Teri Bansi Pukare Radha Naam,Bhagwan Ke Prem Aur Bansuri Ki Mahima.
1242,Shri Krishna Govind Hare Murari,Sankaton Ko Door Karne Wala Surila Bhajan.
1243,Aisi Lagi Lagan Meera Ho Gayi Magan,Bhakti Ki Parakashta Ko Darshane Wala Bhajan.