file,index,title_hi,title_en,urls,old_tags,new_tags,resolution
Mantra-Aur_audio_automation/new-tracks-payload.json,0,पंचाक्षरी मन्त्र,Panchakshari Mantra,https://youtu.be/bc1obsjb58c?si=oQIb1G1Fx1wOJ8Gw,Mantra|Peace|Shivji|Shloka|Strength|Wealth,Mantra|Shivji,title_match:1.000|line:5
Mantra-Aur_audio_automation/new-tracks-payload.json,1,महामृत्युंजय मंत्र,Mahamrityunjay Mantra,https://youtu.be/OV9LXGOXjgs?si=0izGm1eYkmBS0343,Katha|Mantra|Peace|Shivji|Shloka|Strength|Wealth,Mantra|Shivji,title_match:1.000|line:6
Mantra-Aur_audio_automation/new-tracks-payload.json,2,रुद्र मंत्र,Rudra Mantra,https://youtu.be/iEAPaA9Yf1s?si=lGmdeqXsCqtQQzx1,Katha|Mantra|Shivji|Wealth,Mantra|Shivji,title_match:1.000|line:7
Mantra-Aur_audio_automation/new-tracks-payload.json,3,शिव गायत्री मंत्र,Shiv Gayatri Mantra,https://youtu.be/ytV08faCJwg?si=eXY_cZGO-FsueNS1,Katha|Mantra|Shivji|Wealth,Mantra|Shivji,title_match:1.000|line:8
Mantra-Aur_audio_automation/new-tracks-payload.json,4,शिव स्तुति मंत्र,Shiv Stuti Mantra,https://youtu.be/Ly_Md1OOyTE?si=nCT-_G7dkRiPuF7QQ,Katha|Mantra|Shivji|Shloka|Wealth,Mantra|Shivji,title_match:1.000|line:9
Mantra-Aur_audio_automation/new-tracks-payload.json,5,शिव तांडव स्तोत्रम (संक्षिप्त अंश - रावण रचित) [1],Shiv Tandav Stotram,https://youtu.be/S980-z1qx3g?si=skvwCt7XGHenuWbP,Katha|Shivji|Strength|Strotam|Wealth,Shivji|Strotam,title_match:1.000|line:12
Mantra-Aur_audio_automation/new-tracks-payload.json,6,शिव पंचाक्षर स्तोत्रम्:,Shiv Panchakshar Stotram:,https://youtu.be/3rJ4HVA9cII?si=euKFMGNZX2c0rt5p,Shivji|Strotam|Wealth,Shivji|Strotam,title_match:1.000|line:21
Mantra-Aur_audio_automation/new-tracks-payload.json,9,शिव चालीसा,Shiv Chalisa,https://youtu.be/-mUoM-sSzkc?si=a3TP0d2Z_b5S-kCr,Chalisa|Shivji|Strength,Chalisa|Shivji,title_match:1.000|line:36
Mantra-Aur_audio_automation/new-tracks-payload.json,14,शिव शंकर को जिसने पूजा,Shiv Shankar Ko Jisne Puja,https://youtu.be/w7HbgKcQS_w?si=KCJVUE_VkpIA8tKc,Bhajan|Katha|Shivji|Stuti|Wealth,Bhajan|Shivji,title_match:1.000|line:58
Mantra-Aur_audio_automation/new-tracks-payload.json,28,हनुमान बीज मंत्र,Hanuman Beej Mantra,https://youtu.be/o5Uk1sxGBZU?si=aIuPQqmzIrromxMt,HanumanJi|Mantra|Strength,HanumanJi|Mantra,title_match:1.000|line:79
Mantra-Aur_audio_automation/new-tracks-payload.json,29,हनुमान गायत्री मंत्र:,Hanuman Gayatri Mantra:,https://youtu.be/AXDLxXIbxAs?si=LRLn7ZBIQYzSWhry,HanumanJi|Mantra|Shloka,HanumanJi|Mantra,title_match:1.000|line:80
Mantra-Aur_audio_automation/new-tracks-payload.json,30,मनोजवं मारुततुल्यवेगं मंत्र:,Manojavam Marutatulyavegam Mantra:,https://youtu.be/iWd6VAWduZg?si=qrMcv4ayCSmC3X_q,HanumanJi|Katha|Mantra|Shloka|Strength|Stuti|Wealth,HanumanJi|Mantra,title_match:1.000|line:82
Mantra-Aur_audio_automation/new-tracks-payload.json,33,प्रमुख मंत्र:,Pramukh Mantra:,https://youtu.be/FUpzgvsWkL8?si=XDpQmK9jpt227gC0,HanumanJi|Katha|Mantra|Shloka|Wealth,HanumanJi|Mantra,title_match:1.000|line:88
Mantra-Aur_audio_automation/new-tracks-payload.json,39,हनुमान चालीसा,Hanuman Chalisa,https://youtu.be/AETFvQonfV8?si=YezmW2nYi76Eoi6Q,Chalisa|HanumanJi|Katha|Strength|Wealth,Chalisa|HanumanJi,title_match:1.000|line:107
Mantra-Aur_audio_automation/new-tracks-payload.json,40,संकटमोचन हनुमान अष्टक,Sankatmochan Hanuman Ashtak,https://youtu.be/HH_a6aRO1TE?si=oQ72oac9OI-c9FEL,Ashtakam|Bhajan|HanumanJi|Katha|Strength|Strotam|Wealth,Ashtakam|HanumanJi,title_match:1.000|line:111
Mantra-Aur_audio_automation/new-tracks-payload.json,41,"अतुलितबलधामं हेमशैलाभदेहं,","Atulitbaladhamam Hemashailabhadeham,",https://youtu.be/CIl1O1GwOfk?si=l5pF_ixmqVuHcdOn,HanumanJi|Katha|Shloka|Stuti|Wealth,HanumanJi|Stuti,title_match:1.000|line:114
Mantra-Aur_audio_automation/new-tracks-payload.json,42,आरती कीजै हनुमान लला की,Aarti Keeje Hanuman Lala Ki,https://youtu.be/r7GJ8GoGSD8?si=5vKJpH3tM6QoFwzl,Aarti|HanumanJi|Katha|Wealth,Aarti|HanumanJi,title_match:1.000|line:117
Mantra-Aur_audio_automation/new-tracks-payload.json,44,हनुमान गायत्री,Hanuman Gayatri,https://youtu.be/AXDLxXIbxAs?si=61Ag66LJRXixtINz,HanumanJi|Mantra|Shloka,HanumanJi|Shloka,title_match:1.000|line:123
Mantra-Aur_audio_automation/new-tracks-payload.json,47,अतुलितबलधामं श्लोक,Atulitbaladhamam Shlok,https://youtu.be/CIl1O1GwOfk?si=0PLRHfGike1eIJPN,HanumanJi|Katha|Shloka|Stuti|Wealth,HanumanJi|Stuti,title_match:0.333|line:114
Mantra-Aur_audio_automation/new-tracks-payload.json,48,दुनिया चले न श्री राम के बिना,Duniya Chale Na Shri Ram Ke Bina,https://youtu.be/sDhrWWWBQLI?si=x0qKB6U3A5R2FSQr,Bhajan|HanumanJi|Katha|Wealth,Bhajan|HanumanJi,title_match:1.000|line:132
Mantra-Aur_audio_automation/new-tracks-payload.json,49,हे दुख भंजन मारुति नंदन,He Dukh Bhanjan Maruti Nandan,https://youtu.be/n4fZknyZlsk?si=W6avmHz2Bl7IEuMr,Bhajan|HanumanJi|Katha|Stuti|Wealth,Bhajan|HanumanJi,title_match:1.000|line:133
Mantra-Aur_audio_automation/new-tracks-payload.json,51,संकट मोचन नाम तिहारो,Sankat Mochan Naam Tiharo,https://youtu.be/HH_a6aRO1TE?si=rTY4-xxT-cJfpz4W,Ashtakam|Bhajan|HanumanJi|Katha|Strength|Strotam|Wealth,Bhajan|HanumanJi,title_match:1.000|line:135
Mantra-Aur_audio_automation/new-tracks-payload.json,52,बजरंग बली मेरी नाव चली,Bajrang Bali Meri Naav Chali,https://youtu.be/eH89BxWg9P4?si=5IOyC_otVc9JKSFd,Bhajan|HanumanJi|Katha|Wealth,Bhajan|HanumanJi,title_match:1.000|line:136
Mantra-Aur_audio_automation/new-tracks-payload.json,57,हनुमान जनम कथा,Hanuman Janm Katha,https://youtu.be/JGi64RoqZ9g?si=LzuKJAoqe1TsPcav,HanumanJi|Katha|Wealth,HanumanJi|Katha,title_match:1.000|line:143
Mantra-Aur_audio_automation/new-tracks-payload.json,60,मूल बीज मंत्र,Mool Beej Mantra,https://youtu.be/Naruxgq6oMU?si=FcMrbfkDJoW6MNjX,GaneshJi|Katha|Knowledge|Mantra|Peace|Shloka|Wealth,GaneshJi|Mantra,title_match:1.000|line:151
Mantra-Aur_audio_automation/new-tracks-payload.json,62,गणेश गायत्री,Ganesh Gayatri,https://youtu.be/dkVlpm1mKFI?si=crdKp9jnOOfpOZx7,GaneshJi|Katha|Mantra|Shloka|Wealth,GaneshJi|Mantra,title_match:1.000|line:154
Mantra-Aur_audio_automation/new-tracks-payload.json,66,श्री संकटनाशन गणेश स्तोत्र:,Shri Sankatnashan Ganesh Stotra:,https://youtu.be/aTFeZxXkL78?si=m5lUjY4i8013BWXj,GaneshJi|Katha|Strotam|Wealth,GaneshJi|Strotam,title_match:1.000|line:460
Mantra-Aur_audio_automation/new-tracks-payload.json,67,गणेश अथर्वशीर्ष:,Ganesh Atharvashirsha:,https://youtu.be/Tssx17scqO4?si=uOt96Cx7Sz5DPI5b,GaneshJi|Katha|Strotam|Wealth,GaneshJi|Strotam,title_match:1.000|line:164
Mantra-Aur_audio_automation/new-tracks-payload.json,69,श्री गणेश कवच:,Shri Ganesh Kavach:,https://youtu.be/av9FFShVYBU?si=Ad06fEsAnohtH32q,GaneshJi|Katha|Strotam|Wealth,GaneshJi|Strotam,title_match:1.000|line:170
Mantra-Aur_audio_automation/new-tracks-payload.json,72,श्री गणेश चालीसा,Shri Ganesh Chalisa,https://youtu.be/WyHFSjN0miU?si=pCUb4V5RltoNG-DB,Chalisa|GaneshJi|Katha|Strength|Wealth,Chalisa|GaneshJi,title_match:1.000|line:176
Mantra-Aur_audio_automation/new-tracks-payload.json,73,श्री गणेशपञ्चरत्नम्,Shri Ganeshpancharatnam,https://youtu.be/vYFOV9nj-_w?si=r49ExtqDfppGq1cg,Ashtakam|GaneshJi|Katha|Knowledge|Strotam|Wealth,Ashtakam|GaneshJi,title_match:1.000|line:179
Mantra-Aur_audio_automation/new-tracks-payload.json,77,जय गणेश जय गणेश देवा,Jai Ganesh Jai Ganesh Deva,https://youtu.be/Yuex2EnsGiY?si=SN2TjtMVVhHmp7gl,Aarti|GaneshJi|Katha|Shloka|Wealth,Aarti|GaneshJi,title_match:1.000|line:188
Mantra-Aur_audio_automation/new-tracks-payload.json,78,सुखकर्ता दुखहर्ता वार्ता विघ्नाची,Sukhakarta Dukhaharta Varta Vighnachi,https://youtu.be/gFr5p5AyuD0?si=QD5VW5nRGb8TXEFJ,Aarti|GaneshJi|Katha|Wealth,Aarti|GaneshJi,title_match:1.000|line:189
Mantra-Aur_audio_automation/new-tracks-payload.json,79,शेंदूर लाल चढ़ायो अच्छा गजमुख को,Shendur Lal Chadhayo Achchha Gajmukh Ko,https://youtu.be/bo62sjQ0CmE?si=t1lAn32pD2F23gVQ,Aarti|GaneshJi|Katha|Wealth,Aarti|GaneshJi,title_match:1.000|line:190
Mantra-Aur_audio_automation/new-tracks-payload.json,83,गजाननं श्लोक,Gajananm Shloka,https://youtu.be/6fl5JFL-SoA?si=uMzDR8I4B2c9dy8-,GaneshJi|Knowledge|Shloka|Stuti,Knowledge|Stuti,title_match:0.200|line:894
Mantra-Aur_audio_automation/new-tracks-payload.json,87,घर में पधारो,Ghar Mein Padharo,https://youtu.be/nLUmRxc6140?si=tDzujtf2OLcvCbDf,Bhajan|GaneshJi|Katha|Wealth,Katha|Wealth,title_match:0.600|line:1472
Mantra-Aur_audio_automation/new-tracks-payload.json,89,तेरी जय हो गणेश,Teri Jai Ho Ganesh,https://youtu.be/enalr0CvqVM?si=WMYDWThqcqx9a4pP,Bhajan|GaneshJi|Katha|Wealth,Bhajan|GaneshJi,title_match:1.000|line:204
Mantra-Aur_audio_automation/new-tracks-payload.json,98,ॐ नमो नारायणाय,Om Namo Narayanaya,https://youtu.be/BLn-f2DZN4Y?si=tdz0GGjNGQIWYzX4,Mantra|Peace|VishnuJi,Mantra|VishnuJi,title_match:1.000|line:220
Mantra-Aur_audio_automation/new-tracks-payload.json,99,श्रीमन नारायण नारायण हरी हरी,Shriman Narayan Narayan Hari Hari,https://youtu.be/MuVrsDfgwI0?si=TpM7uKaIrn00Acbk,Bhajan|Mantra|VishnuJi,Mantra|VishnuJi,title_match:1.000|line:221
Mantra-Aur_audio_automation/new-tracks-payload.json,104,शान्ताकारं भुजगशयनं पद्मनाभं सुरेशं,Shantakaram Bhujagashayanam Padmanabham Suresham,https://youtu.be/Im5TK-glA9M?si=HrtM-508EyU_APJO,Mantra|Peace|Stuti|VishnuJi|Wealth,Mantra|VishnuJi,title_match:1.000|line:227
Mantra-Aur_audio_automation/new-tracks-payload.json,106,विष्णु सहस्रनाम स्तोत्रम्:,Vishnu Sahasranama Stotram:,https://youtu.be/zKC17254flc?si=1RLal5iLIRaiuuMb,Strength|Strotam|VishnuJi,Strotam|VishnuJi,title_match:1.000|line:232
Mantra-Aur_audio_automation/new-tracks-payload.json,108,लक्ष्मी नारायण स्तोत्र,Lakshmi Narayan Stotra,https://youtu.be/EkAUXHqqaLk?si=c4jgf8zmawRwmVRl,Strotam|VishnuJi|Wealth,Strotam|VishnuJi,title_match:1.000|line:235
Mantra-Aur_audio_automation/new-tracks-payload.json,110,नारायण सुक्तम,Narayan Suktam,https://youtu.be/vLP6gdiDbOU?si=jO6MgHWC3vJEyRrd,Strotam|VishnuJi|Wealth,Strotam|VishnuJi,title_match:1.000|line:238
Mantra-Aur_audio_automation/new-tracks-payload.json,112,श्री हरि स्तोत्रम्,Shri Hari Stotram,https://youtu.be/gsHIPGDctJ0?si=0M-JKLTSQ47e8TaB,Peace|Strotam|VishnuJi,Strotam|VishnuJi,title_match:1.000|line:242
Mantra-Aur_audio_automation/new-tracks-payload.json,115,श्री विष्णु स्तुति,Shri Vishnu Stuti,https://youtu.be/XAxNnRPoyiU?si=SzEsaZlOfS48Hd-b,Knowledge|Shloka|Stuti|VishnuJi|Wealth,Stuti|VishnuJi,title_match:1.000|line:252
Mantra-Aur_audio_automation/new-tracks-payload.json,116,ओम जय जगदीश हरे,Om Jai Jagdish Hare,https://youtu.be/NE3SWh9_vR4?si=oJOVnsbkOB7Qxw5b,Aarti|Katha|Shloka|Stuti|VishnuJi|Wealth,Aarti|VishnuJi,title_match:1.000|line:256
Mantra-Aur_audio_automation/new-tracks-payload.json,118,यदा यदा ही धर्मस्य,Yada Yada Hi Dharmasya,https://youtu.be/1AOgbhmP0ig?si=41xOtRemY_fBbdT2,KrishnaJi|Shloka|VishnuJi,Shloka|VishnuJi,title_match:1.000|line:260
Mantra-Aur_audio_automation/new-tracks-payload.json,119,कायेन वाचा,Kayena Vacha,https://youtu.be/CAc9h7oTjrM?si=oeZgKcwyJsEpKqOo,Shloka|VishnuJi|PoojaKeSamay,Shloka|VishnuJi,title_match:1.000|line:261
Mantra-Aur_audio_automation/new-tracks-payload.json,121,त्वमेव माता च पिता त्वमेव,Tvameva Mata Cha Pita Tvameva,https://youtu.be/JSVctoNlPKs?si=W7kvcuUvTsv_KM5A,Peace|Shloka|VishnuJi,Shloka|VishnuJi,title_match:1.000|line:263
Mantra-Aur_audio_automation/new-tracks-payload.json,122,अच्युतम केशवम कृष्ण दामोदरम,Achyutam Keshavam Krishna Damodaram,https://youtu.be/3yczGKnskts?si=--z5nTrp4XW8mSRd,Bhajan|Chalisa|Katha|KrishnaJi|Peace|Shloka|Stuti|VishnuJi|Wealth,Bhajan|VishnuJi,title_match:1.000|line:266
Mantra-Aur_audio_automation/new-tracks-payload.json,123,श्रीमन नारायण नारायण हरी हरी,Shriman Narayan Narayan Hari Hari,https://youtu.be/MuVrsDfgwI0?si=ttg63rMJqtDATiJg,Bhajan|Mantra|VishnuJi,Mantra|VishnuJi,title_match:1.000|line:221
Mantra-Aur_audio_automation/new-tracks-payload.json,133,शालिग्राम बनने की कथा,Shaligram Banne Ki Katha,https://youtu.be/Ik_zhFLWVA0?si=cC6xuVXf48XoS0dP,Katha|VishnuJi|Wealth,Katha|VishnuJi,title_match:1.000|line:279
Mantra-Aur_audio_automation/new-tracks-payload.json,135,महालक्ष्मी बीज मंत्र,Mahalakshmi Beej Mantra,https://youtu.be/bcs4geISuy0?si=iIlUMsgUwP0VAQdf,Katha|LakshmiJi|Mantra|Peace|Shloka|Wealth,LakshmiJi|Mantra,title_match:1.000|line:286
Mantra-Aur_audio_automation/new-tracks-payload.json,136,ॐ श्री महालक्ष्म्यै नमः,Om Shri Mahalakshmyai Namah,https://youtu.be/g_czAYo3MKQ?si=gMXItXZe4oVrD-co,LakshmiJi|Mantra|Wealth,LakshmiJi|Mantra,title_match:1.000|line:287
Mantra-Aur_audio_automation/new-tracks-payload.json,137,लक्ष्मी गायत्री मंत्र,Lakshmi Gayatri Mantra,https://youtu.be/HeqiNrjiCfk?si=euAnm4LHlwCrPpSH,LakshmiJi|Mantra|Shloka|Wealth,LakshmiJi|Mantra,title_match:1.000|line:288
Mantra-Aur_audio_automation/new-tracks-payload.json,138,श्री सिद्ध लक्ष्मी मंत्र,Shri Siddha Lakshmi Mantra,https://youtu.be/m8hvtU9Lzzk?si=Y9IBp48e1VidVKd4,LakshmiJi|Mantra|Wealth,LakshmiJi|Mantra,title_match:1.000|line:289
Mantra-Aur_audio_automation/new-tracks-payload.json,142,श्री सूक्तम:,Shri Suktam:,https://youtu.be/OC7LQxuhQUU?si=Dk4q0uGOrbCSfm7I,LakshmiJi|Shloka|Strotam|Wealth,LakshmiJi|Strotam,title_match:1.000|line:295
Mantra-Aur_audio_automation/new-tracks-payload.json,143,कनकधारा स्तोत्र:,Kanakadhara Stotra:,https://youtu.be/3Y1JGvieOBk?si=wIIGJG8nmjPlyBfv,LakshmiJi|Strotam|Wealth,LakshmiJi|Strotam,title_match:1.000|line:297
Mantra-Aur_audio_automation/new-tracks-payload.json,144,लक्ष्मी हृदय स्तोत्र,Lakshmi Hridaya Stotra,https://youtu.be/phOoGvDu_h4?si=XKx4FvAb65DYm0Vv,LakshmiJi|Strotam|Wealth,LakshmiJi|Strotam,title_match:1.000|line:298
Mantra-Aur_audio_automation/new-tracks-payload.json,145,महालक्ष्मी कवच,Mahalakshmi Kavach,https://youtu.be/OvimStyyQWI?si=SwrQDOQ7f47RApTT,LakshmiJi|Shloka|Strotam|Wealth,LakshmiJi|Strotam,title_match:1.000|line:299
Mantra-Aur_audio_automation/new-tracks-payload.json,146,अष्टलक्ष्मी स्तोत्र,Ashtalakshmi Stotra,https://youtu.be/qb5EuozSWA0?si=1DOqyZO7j9BrmhKi,LakshmiJi|Strotam|Wealth,LakshmiJi|Strotam,title_match:1.000|line:300
Mantra-Aur_audio_automation/new-tracks-payload.json,148,श्री लक्ष्मी चालीसा,Shri Lakshmi Chalisa,https://youtu.be/aLKLcvJZ2Hc?si=LghSz9KgBnH3YqXK,Chalisa|LakshmiJi|Shloka|Strength|Wealth,Chalisa|LakshmiJi,title_match:1.000|line:305
Mantra-Aur_audio_automation/new-tracks-payload.json,153,नमस्तेऽस्तु महामाये,Namastestu Mahamaye,https://youtu.be/RDWtngDhknA?si=6BoczvScrpmaOros,LakshmiJi|Shloka|Strotam|Wealth,LakshmiJi|Shloka,title_match:0.250|line:320
Mantra-Aur_audio_automation/new-tracks-payload.json,160,लक्ष्मी जी की अवतार कथा |,Lakshmi Ji Ki Avatar Katha |,https://youtu.be/BL5lLnsLUrA?si=tKilMUx3mU_eIVe5,Katha|LakshmiJi|Wealth,Katha|LakshmiJi,title_match:1.000|line:331
Mantra-Aur_audio_automation/new-tracks-payload.json,172,शनि चालीसा,Shani Chalisa,https://youtu.be/MJ14wONWjWg?si=DEpgPZC7NuC6rPgX,Chalisa|ShaniiDevJi|Strength,Chalisa|ShaniiDevJi,title_match:1.000|line:351
Mantra-Aur_audio_automation/new-tracks-payload.json,188,ॐ रामाय नमः,Om Ramaya Namah,https://youtu.be/CA8RcKyO0Y4?si=lQGTY9Ov96Uhu8JI,Katha|Mantra|Ramji|Wealth,Mantra|Ramji,title_match:1.000|line:385
Mantra-Aur_audio_automation/new-tracks-payload.json,189,ॐ राम रामाय नमः,Om Ram Ramaya Namah,https://youtu.be/-YVDlWff_5o?si=gNU9ViaghJWwBl-E,Katha|Mantra|Ramji|Wealth,Mantra|Ramji,title_match:1.000|line:386
Mantra-Aur_audio_automation/new-tracks-payload.json,190,श्री राम जय राम जय जय राम,Shri Ram Jai Ram Jai Jai Ram,https://youtu.be/-1udu-1LpOo?si=pmbGDDSFyq5uJhX0,Katha|Mantra|Peace|Ramji|Wealth,Mantra|Ramji,title_match:1.000|line:387
Mantra-Aur_audio_automation/new-tracks-payload.json,191,ॐ श्री रामचन्द्राय नमः,Om Shri Ramchandraya Namah,https://youtu.be/n_DeYZEy4Y4?si=wdZ7kUQSQ35qIs_5,Katha|Mantra|Ramji|Wealth,Mantra|Ramji,title_match:1.000|line:388
Mantra-Aur_audio_automation/new-tracks-payload.json,192,ॐ नमो भगवते रामचंद्राय,Om Namo Bhagavate Ramchandraya,https://youtu.be/sRjLbmFjjQ0?si=BflcnYp06jrhbI1r,Katha|Mantra|Ramji|Wealth,Mantra|Ramji,title_match:1.000|line:389
Mantra-Aur_audio_automation/new-tracks-payload.json,196,आदित्य हृदय स्तोत्र:,Aditya Hridaya Stotra:,https://youtu.be/invPCYDaWUE?si=0CRahD-R2NNXDnCu,Katha|Ramji|Strength|Strotam|Wealth,Ramji|Strotam,title_match:1.000|line:395
Mantra-Aur_audio_automation/new-tracks-payload.json,198,नाम रामायणम्,Nama Ramayanam,https://youtu.be/9IqAtf_DTb8?si=7qKSbxov-_kWaUeO,Katha|Ramji|Strotam|Wealth,Ramji|Strotam,title_match:1.000|line:398
Mantra-Aur_audio_automation/new-tracks-payload.json,201,श्री राम चालीसा,Shri Ram Chalisa,https://youtu.be/MoJw2s6q4P0?si=R2XibwgmtcN1lazL,Chalisa|Katha|Ramji|Strength|Wealth,Chalisa|Ramji,title_match:1.000|line:403
Mantra-Aur_audio_automation/new-tracks-payload.json,202,श्री राम अष्टकम,Shri Ram Ashtakam,https://youtu.be/EvfGBluQkSk?si=6DRbdUZBZsWzEX86,Ashtakam|Katha|Peace|Ramji|Wealth,Ashtakam|Ramji,title_match:1.000|line:406
Mantra-Aur_audio_automation/new-tracks-payload.json,204,जानकी स्तुति,Janki Stuti,https://youtu.be/RlNJspksnbg?si=jjexZNZPhPFgs0np,Ramji|Stuti|Wealth,Ramji|Stuti,title_match:1.000|line:410
Mantra-Aur_audio_automation/new-tracks-payload.json,213,"आपदामपहर्तारं दातारं सर्वसंपदाम्।
लोकाभिरामं श्रीरामं भूयो भूयो नमाम्यहम्॥","Apadamapahartaram Dataram Sarvasampadam.
Lokabhiramam Shriramam Bhuyo Bhuyo Namamyaham.",https://youtu.be/y-Xv63obhKI?si=M5eZNo40oYpESgJA,Katha|Mantra|Ramji|Shloka|Strength|Strotam|Wealth,Ramji|Shloka,title_match:1.000|line:423
Mantra-Aur_audio_automation/new-tracks-payload.json,215,ठुमक चलत रामचंद्र बाजत पैंजनिया,Thumak Chalat Ramchandra Bajat Painjaniya,https://youtu.be/PT1CwFIoc98?si=xAYsyfQq1WC7E0z_,Bhajan|Katha|Ramji|Shloka|Wealth,Bhajan|Ramji,title_match:1.000|line:427
Mantra-Aur_audio_automation/new-tracks-payload.json,219,नगरी हो अयोध्या सी,Nagari Ho Ayodhya Si,https://youtu.be/ZkKStVgGEJY?si=LGnO8DtUL_iEf1ei,Bhajan|Katha|Ramji|Wealth,Bhajan|Ramji,title_match:1.000|line:431
Mantra-Aur_audio_automation/new-tracks-payload.json,220,राम जी की निकली सवारी,Ram Ji Ki Nikli Sawari,https://youtu.be/bZ-Zrc-GPoc?si=pLzw80vTt6ty2tJt,Bhajan|Katha|Ramji|Wealth,Bhajan|Ramji,title_match:1.000|line:432
Mantra-Aur_audio_automation/new-tracks-payload.json,222,राम नाम के हीरे मोती,Ram Naam Ke Heere Moti,https://youtu.be/6BJR_j4FHz4?si=hRLU-bLSvuuKWHgs,Bhajan|Chalisa|Katha|Ramji|Stuti|Wealth,Bhajan|Ramji,title_match:1.000|line:434
Mantra-Aur_audio_automation/new-tracks-payload.json,230,विजयादशमी - राम रावण अंतिम युद्ध की सम्पूर्ण कथा |,Vijayadashami - Ram Ravan Antim Yudh Ki Sampurn Katha |,https://youtu.be/MtbVsknZP-A?si=EpGnCXoRWCCtKUhi,Katha|Ramji|Wealth,Katha|Ramji,title_match:1.000|line:444
Mantra-Aur_audio_automation/new-tracks-payload.json,231,बीज मंत्र,Beej Mantra,https://youtu.be/Naruxgq6oMU?si=xqSFGrw15ZFcqKY-,GaneshJi|Katha|Knowledge|Mantra|Peace|Shloka|Wealth,GaneshJi|Mantra,title_match:1.000|line:450
Mantra-Aur_audio_automation/new-tracks-payload.json,232,ॐ वक्रतुण्डाय हुम्,Om Vakratundaya Hum,https://youtu.be/cidhzMLBUPQ?si=fXMWhEu5ZeeOpj3l,GaneshJi|Katha|Mantra|Wealth,GaneshJi|Mantra,title_match:1.000|line:451
Mantra-Aur_audio_automation/new-tracks-payload.json,238,गणेश गायत्री,Ganesh Gayatri,https://youtu.be/dkVlpm1mKFI?si=vJFkS8R3-PMxX_Ji,GaneshJi|Katha|Mantra|Shloka|Wealth,GaneshJi|Mantra,title_match:1.000|line:154
Mantra-Aur_audio_automation/new-tracks-payload.json,239,श्री संकटनाशन गणेश स्तोत्र,Shri Sankatnashan Ganesh Stotra,https://youtu.be/aTFeZxXkL78?si=HFj5YBPqHTqebgZi,GaneshJi|Katha|Strotam|Wealth,GaneshJi|Strotam,title_match:1.000|line:460
Mantra-Aur_audio_automation/new-tracks-payload.json,240,गणेश अथर्वशीर्ष,Ganesh Atharvashirsha,https://youtu.be/Tssx17scqO4?si=WWEOC-sAGbJPwWoB,GaneshJi|Katha|Strotam|Wealth,GaneshJi|Strotam,title_match:1.000|line:164
Mantra-Aur_audio_automation/new-tracks-payload.json,246,गणेश चालीसा,Ganesh Chalisa,https://youtu.be/WyHFSjN0miU?si=C2PbbebEskn6KqLR,Chalisa|GaneshJi|Katha|Strength|Wealth,Chalisa|GaneshJi,title_match:1.000|line:471
Mantra-Aur_audio_automation/new-tracks-payload.json,247,गणेश अष्टकम,Ganesh Ashtakam,https://youtu.be/BhrCfQ0xyp8?si=Y8ihF6eLhRKE0QZ1,Ashtakam|GaneshJi|Katha|Wealth,Ashtakam|GaneshJi,title_match:1.000|line:474
Mantra-Aur_audio_automation/new-tracks-payload.json,253,श्री गणेश जी की आरती,Shri Ganesh Ji Ki Aarti,https://youtu.be/Yuex2EnsGiY?si=0_Pq00ZXiWo3JeVx,Aarti|GaneshJi|Katha|Shloka|Wealth,Aarti|GaneshJi,title_match:1.000|line:486
Mantra-Aur_audio_automation/new-tracks-payload.json,260,ॐ श्रीं गं सौभाग्य गणपतये वर्वर्द सर्वजन्म में वषमान्य स्वाहा,Om Shreem Gam Saubhagya Ganapataye Varvarada Sarvajanma Me Vashamanya Swaha,https://youtu.be/nbfyD78Dke0?si=--jK-lqu9SvtXhzK,GaneshJi|Katha|Shloka|Wealth,GaneshJi|Shloka,title_match:1.000|line:496
Mantra-Aur_audio_automation/new-tracks-payload.json,262,मौर्या रे बाप्पा मौर्या रे,Maurya Re Bappa Maurya Re,https://youtu.be/8jff2wz3Hpk?si=QNsZeRhwDjGRQ5Hs,Bhajan|GaneshJi|Katha|Wealth,Bhajan|GaneshJi,title_match:1.000|line:500
Mantra-Aur_audio_automation/new-tracks-payload.json,263,गजानना श्री गणराया,Gajanana Shri Ganaraya,https://youtu.be/fV8WIzEHD-E?si=QoCkMznHOJj-qUjD,Bhajan|GaneshJi|Katha|Wealth,Bhajan|GaneshJi,title_match:1.000|line:501
Mantra-Aur_audio_automation/new-tracks-payload.json,265,गणपति अपने गाँव चले,Ganpati Apne Gaon Chale,https://youtu.be/wiIJr3qihaQ?si=-f9FdXR6zpC7iHDa,Bhajan|GaneshJi|Katha|Wealth,Bhajan|GaneshJi,title_match:1.000|line:503
Mantra-Aur_audio_automation/new-tracks-payload.json,266,"मेरे मन मंदिर में तुम भगवान रहे,",Mere Man Mandir Mein Tum Bhagwan Rahe,https://youtu.be/GiUkwTxsaYA?si=tAnNkeZ1LrxBim0v,Bhajan|GaneshJi|Katha|Wealth,Bhajan|GaneshJi,title_match:1.000|line:504
Mantra-Aur_audio_automation/new-tracks-payload.json,277,मुक्ति मंत्र,Mukti Mantra,https://youtu.be/felGgBmnx-I?si=YoB5C1tli8tX3Kpx,Katha|KrishnaJi|Mantra|Shloka|Wealth,KrishnaJi|Mantra,title_match:1.000|line:521
Mantra-Aur_audio_automation/new-tracks-payload.json,278,महामंत्र,Mahamantra,https://youtu.be/Zdcth9NndEA?si=cBoFKjOpIFF2NbjP,Katha|KrishnaJi|Mantra|Peace|Wealth,KrishnaJi|Mantra,title_match:1.000|line:522
Mantra-Aur_audio_automation/new-tracks-payload.json,279,श्री कृष्णाय शरणं मम,Shri Krishnaya Sharanam Mama,https://youtu.be/1y2tRqtND1Y?si=Oc1VslQStdIS9Z13,Katha|KrishnaJi|Mantra|Peace|Wealth,KrishnaJi|Mantra,title_match:1.000|line:523
Mantra-Aur_audio_automation/new-tracks-payload.json,280,ॐ क्लीं कृष्णाय नमः,Om Kleem Krishnaya Namah,https://youtu.be/WqiKUywr55o?si=sx_88WGHIxnkZoNM,Katha|KrishnaJi|Mantra|Wealth,KrishnaJi|Mantra,title_match:1.000|line:524
Mantra-Aur_audio_automation/new-tracks-payload.json,281,कृष्ण गायत्री,Krishna Gayatri,https://youtu.be/yzwVyns93nc?si=UqzAJ3pjM1DUhsI7,Katha|KrishnaJi|Mantra|Wealth,KrishnaJi|Mantra,title_match:1.000|line:525
Mantra-Aur_audio_automation/new-tracks-payload.json,290,संतान गोपाल स्तोत्र,Santan Gopal Stotra,https://youtu.be/gyLT2Yz_yHo?si=6boX0E4ODR2nuxV9,KrishnaJi|Strotam|Stuti|Wealth,KrishnaJi|Strotam,title_match:1.000|line:536
Mantra-Aur_audio_automation/new-tracks-payload.json,293,कृष्ण अष्टकम,Krishna Ashtakam,https://youtu.be/PvdeDNeCiQc?si=T6FiME_l0gc5pd7S,Ashtakam|KrishnaJi|Peace|Strotam|Wealth,Ashtakam|KrishnaJi,title_match:1.000|line:543
Mantra-Aur_audio_automation/new-tracks-payload.json,298,आरती कुंजबिहारी की,Aarti Kunjbihari Ki,https://youtu.be/EMO1AT1UQf0?si=YEPhm4K955xBp6RB,Aarti|Katha|KrishnaJi|Wealth,Aarti|KrishnaJi,title_match:1.000|line:552
Mantra-Aur_audio_automation/new-tracks-payload.json,300,आरती श्री बांके बिहारी तेरी आरती गाऊं,Aarti Shri Banke Bihari Teri Aarti Gaun,https://youtu.be/6LO2PRgbutc?si=yww6-9PsBDlf4jy1,Aarti|Katha|KrishnaJi|Wealth,Aarti|KrishnaJi,title_match:1.000|line:554
Mantra-Aur_audio_automation/new-tracks-payload.json,308,यदा यदा ही धर्मस्य,Yada Yada Hi Dharmasya,https://youtu.be/1AOgbhmP0ig?si=HztCRx46d8XXa16m,KrishnaJi|Shloka|VishnuJi,Shloka|VishnuJi,title_match:1.000|line:260
Mantra-Aur_audio_automation/new-tracks-payload.json,309,कर्मण्येवाधिकारस्ते,Karmanyevadhikaraste,https://youtu.be/m0VD0vSXNXQ?si=rYvcj8atb4ReJtxk,KrishnaJi|Shloka|Wealth,KrishnaJi|Shloka,title_match:0.143|line:565
Mantra-Aur_audio_automation/new-tracks-payload.json,312,अच्युतम केशवम कृष्ण दामोदरम,Achyutam Keshavam Krishna Damodaram,https://youtu.be/3yczGKnskts?si=kXnjK3iThd_asoFy,Bhajan|Chalisa|Katha|KrishnaJi|Peace|Shloka|Stuti|VishnuJi|Wealth,Bhajan|VishnuJi,title_match:1.000|line:266
Mantra-Aur_audio_automation/new-tracks-payload.json,314,छोटी छोटी गईया छोटे छोटे ग्वाल,Chhoti Chhoti Gaiya Chhote Chhote Gwal,https://youtu.be/XzqJUoSDHZU?si=8-LAQkUg8tq7ov6T,Bhajan|Katha|KrishnaJi|Stuti|Wealth,Bhajan|KrishnaJi,title_match:1.000|line:572
Mantra-Aur_audio_automation/new-tracks-payload.json,315,श्याम तेरी बंसी पुकारे राधा नाम,Shyam Teri Bansi Pukare Radha Naam,https://youtu.be/XJqKbDxAa3U?si=8QX2YAec4EyoDiPP,Bhajan|Katha|KrishnaJi|Wealth,Bhajan|KrishnaJi,title_match:1.000|line:573
Mantra-Aur_audio_automation/new-tracks-payload.json,316,यशमति मैया से बोले नंदलाला,Yashomati Maiya Se Bole Nandlala,https://youtu.be/yWTN6bsDWN4?si=Lzw6_QbV5g85uOt9,Bhajan|KrishnaJi|Stuti|Wealth,Bhajan|KrishnaJi,title_match:1.000|line:574
Mantra-Aur_audio_automation/new-tracks-payload.json,321,श्री कृष्ण जन्म कथा:,Shri Krishna Janm Katha:,https://youtu.be/DCkMeVhmiC4?si=jcdhcguIvw6rcsQE,Katha|KrishnaJi|Wealth,Katha|KrishnaJi,title_match:1.000|line:581
Mantra-Aur_audio_automation/new-tracks-payload.json,323,गोवर्धन जी कथा,Govardhan Ji Katha,https://youtu.be/mmVbmowFswQ?si=pZE5fw0QkulqRM2W,Katha|KrishnaJi|Wealth,Katha|KrishnaJi,title_match:1.000|line:583
Mantra-Aur_audio_automation/new-tracks-payload.json,329,बीज मंत्र,Beej Mantra,https://youtu.be/jB4aaP2X7S4?si=fNw_s_3Ep9aH-uJZ,DurjaJi|Katha|Mantra|Peace|Strength|Wealth,DurjaJi|Mantra,title_match:1.000|line:594
Mantra-Aur_audio_automation/new-tracks-payload.json,331,सर्वमंगल मांगल्ये,Sarvamangala Mangalye,https://youtu.be/Yof1Vrh5TK0?si=s3diaEG-5Tn4r_2c,DurjaJi|Mantra|Stuti|Wealth,DurjaJi|Mantra,title_match:0.200|line:596
Mantra-Aur_audio_automation/new-tracks-payload.json,332,ॐ ह्रीं दुं दुर्गायै नमः,Om Hreem Dum Durgayai Namah,https://youtu.be/GHBynIok2Lo?si=uHYmAAtpv22yQ64n,DurjaJi|Mantra|Strength,DurjaJi|Mantra,title_match:1.000|line:597
Mantra-Aur_audio_automation/new-tracks-payload.json,334,सौभाग्य प्राप्ति हेतु,Saubhagya Prapti Hetu,https://youtu.be/OKRVaXU01kI?si=3YMdFbLtHjcGJ4sE,DurjaJi|Mantra|Shloka|Wealth,DurjaJi|Mantra,title_match:1.000|line:599
Mantra-Aur_audio_automation/new-tracks-payload.json,335,शरणागत दीनार्त,Sharanagata Deenarta,https://youtu.be/O0dGIsqbMsw?si=shotKSeK8r1k9C7N,DurjaJi|Mantra|Shloka,DurjaJi|Mantra,title_match:0.250|line:600
Mantra-Aur_audio_automation/new-tracks-payload.json,336,जयन्ती मङ्गला काली,Jayanti Mangala Kali,https://youtu.be/r66ySZ7iipM?si=FM_yp5XcLh9cQ4q0,DurjaJi|Mantra|Shloka,DurjaJi|Mantra,title_match:0.231|line:601
Mantra-Aur_audio_automation/new-tracks-payload.json,340,श्री अर्गला स्तोत्रम,Shri Argala Stotram,https://youtu.be/YD0eXOX6gbo?si=imwcbkJIn2dnyT97,DurjaJi|Strength|Strotam,DurjaJi|Strotam,title_match:1.000|line:607
Mantra-Aur_audio_automation/new-tracks-payload.json,341,कीलक स्तोत्रम,Keelak Stotram,https://youtu.be/5hPQUvaahhg?si=cqtLDH7VLQkac6QA,DurjaJi|Strength|Strotam,DurjaJi|Strotam,title_match:1.000|line:608
Mantra-Aur_audio_automation/new-tracks-payload.json,345,महिषासुरमर्दिनी स्तोत्र,Mahishasuramardini Stotra,https://youtu.be/4CKpFcQdJXk?si=2OkdCoCBxDs78Tcv,DurjaJi|Strength|Strotam,DurjaJi|Strotam,title_match:1.000|line:614
Mantra-Aur_audio_automation/new-tracks-payload.json,348,श्री दुर्गा चालीसा,Shri Durga Chalisa,https://youtu.be/fsMzgFMMGxA?si=vMcngDgu3vYUf4te,Chalisa|DurjaJi|Strength|Wealth,Chalisa|DurjaJi,title_match:1.000|line:619
Mantra-Aur_audio_automation/new-tracks-payload.json,357,"अम्बे तू है जगदम्बे काली, जय दुर्गे खप्पर वाली","Ambe Tu Hai Jagdambe Kali, Jai Durge Khappar Wali",https://youtu.be/dVTUUtOHUCA?si=Uk_2RDtvaypwtFhK,Aarti|DurjaJi|Katha|Wealth,Aarti|DurjaJi,title_match:1.000|line:635
Mantra-Aur_audio_automation/new-tracks-payload.json,366,जयन्ती मङ्गला काली,Jayanti Mangala Kali,https://youtu.be/r66ySZ7iipM?si=NEjamA32NPb6T0qz,DurjaJi|Mantra|Shloka,DurjaJi|Mantra,title_match:0.231|line:601
Mantra-Aur_audio_automation/new-tracks-payload.json,367,देहि सौभाग्यमारोग्यं,Dehi Saubhagyamarogyam,https://youtu.be/OKRVaXU01kI?si=_uw6ukhpng-Bgeg6,DurjaJi|Mantra|Shloka|Wealth,DurjaJi|Shloka,title_match:0.200|line:647
Mantra-Aur_audio_automation/new-tracks-payload.json,368,शरणागत दीनार्त,Sharanagata Deenarta,https://youtu.be/O0dGIsqbMsw?si=YMDdBnbEnw14QNiR,DurjaJi|Mantra|Shloka,DurjaJi|Mantra,title_match:0.250|line:600
Mantra-Aur_audio_automation/new-tracks-payload.json,395,तुलसी-शालिग्राम,Tulsi-Shaligram,https://youtu.be/Ik_zhFLWVA0?si=VDJeXDG4eTL8qrcf,Katha|VishnuJi|Wealth,Katha|Wealth,title_match:1.000|line:1047
Mantra-Aur_audio_automation/new-tracks-payload.json,397,अच्युतम केशवम,Achyutam Keshavam,https://youtu.be/3yczGKnskts?si=FvdBzJon0L1sUzSE,Bhajan|Chalisa|Katha|KrishnaJi|Peace|Shloka|Stuti|VishnuJi|Wealth,Peace,title_match:1.000|line:753
Mantra-Aur_audio_automation/new-tracks-payload.json,399,ऐसी लागी लगन,Aisi Lagi Lagan,https://youtu.be/dnCE-kSHES0?si=cYpIjXtwIhaE19YB,Chalisa|Katha|Stuti|Wealth,Stuti|Wealth,title_match:1.000|line:1033
Mantra-Aur_audio_automation/new-tracks-payload.json,400,श्री रामचंद्र कृपालु,Shri Ramchandra Kripalu,https://youtu.be/leVoi6kkp3o?si=v3atP52xIcpUEFs8,Katha|Knowledge|Peace|Shloka|Stuti|Wealth,Stuti|Wealth,title_match:1.000|line:1084
Mantra-Aur_audio_automation/new-tracks-payload.json,402,यशोमती मैया से बोले,Yashomati Maiya Se Bole,https://youtu.be/RIYVVqu2XY4?si=zZcShWvTzV_kAWCQ,Katha|Stuti|Wealth,Stuti|Wealth,title_match:1.000|line:1086
Mantra-Aur_audio_automation/new-tracks-payload.json,403,राम नाम के हीरे मोती,Ram Naam Ke Heere Moti,https://youtu.be/6BJR_j4FHz4?si=hRLU-bLSvuuKWHgs,Bhajan|Chalisa|Katha|Ramji|Stuti|Wealth,Bhajan|Ramji,title_match:1.000|line:434
Mantra-Aur_audio_automation/new-tracks-payload.json,407,ओ पालनहारे,O Palanhare,https://youtu.be/kbMinfmC3E0?si=EORk1j1UQxAqRLLu,Chalisa|Stuti|Wealth,Stuti|Wealth,title_match:1.000|line:1091
Mantra-Aur_audio_automation/new-tracks-payload.json,408,मेरा आपकी कृपा से,Mera Aapki Kripa Se,https://youtu.be/C9EespXQCGE?si=IyEpmHHsEOLzOuXF,Chalisa|Stuti|Wealth,Stuti|Wealth,title_match:1.000|line:1092
Mantra-Aur_audio_automation/new-tracks-payload.json,409,छोटी छोटी गईया,Chhoti Chhoti Gaiya,https://youtu.be/XzqJUoSDHZU?si=8-LAQkUg8tq7ov6T,Bhajan|Katha|KrishnaJi|Stuti|Wealth,Stuti|Wealth,title_match:1.000|line:1093
Mantra-Aur_audio_automation/new-tracks-payload.json,410,आदित्य हृदय स्तोत्र,Aditya Hridaya Stotra,https://youtu.be/invPCYDaWUE?si=-cwsyKTg-INmshaY,Katha|Ramji|Strength|Strotam|Wealth,Ramji|Strotam,title_match:1.000|line:395
Mantra-Aur_audio_automation/new-tracks-payload.json,413,राम रक्षा स्तोत्र,Ram Raksha Stotra,https://youtu.be/y-Xv63obhKI?si=M5eZNo40oYpESgJA,Katha|Mantra|Ramji|Shloka|Strength|Strotam|Wealth,Strotam|Wealth,title_match:1.000|line:1129
Mantra-Aur_audio_automation/new-tracks-payload.json,414,संकट नाशन गणेश स्तोत्र,Sankat Nashan Ganesh Stotra,https://youtu.be/aTFeZxXkL78?si=HaE-tYiH834XPpXn,GaneshJi|Katha|Strotam|Wealth,Strotam|Wealth,title_match:1.000|line:1130
Mantra-Aur_audio_automation/new-tracks-payload.json,419,नारायण कवच,Narayan Kavach,https://youtu.be/BBV0HQI3NB4?si=LjPC9hE-1m_fAsBa,Katha|Strength|Strotam|Wealth,Strength,title_match:1.000|line:828
Mantra-Aur_audio_automation/new-tracks-payload.json,420,हे दुख भंजन मारुति नंदन,He Dukh Bhanjan Maruti Nandan,https://youtu.be/n4fZknyZlsk?si=W6avmHz2Bl7IEuMr,Bhajan|HanumanJi|Katha|Stuti|Wealth,Bhajan|HanumanJi,title_match:1.000|line:133
Mantra-Aur_audio_automation/new-tracks-payload.json,423,मेरा आपकी कृपा से,Mera Aapki Kripa Se,https://youtu.be/C9EespXQCGE?si=IyEpmHHsEOLzOuXF,Chalisa|Stuti|Wealth,Stuti|Wealth,title_match:1.000|line:1092
Mantra-Aur_audio_automation/new-tracks-payload.json,424,अच्युतम केशवम,Achyutam Keshavam,https://youtu.be/3yczGKnskts?si=FvdBzJon0L1sUzSE,Bhajan|Chalisa|Katha|KrishnaJi|Peace|Shloka|Stuti|VishnuJi|Wealth,Peace,title_match:1.000|line:753
Mantra-Aur_audio_automation/new-tracks-payload.json,425,ओ पालनहारे,O Palanhare,https://youtu.be/kbMinfmC3E0?si=EORk1j1UQxAqRLLu,Chalisa|Stuti|Wealth,Stuti|Wealth,title_match:1.000|line:1091
Mantra-Aur_audio_automation/new-tracks-payload.json,426,राम नाम के हीरे मोती,Ram Naam Ke Heere Moti,https://youtu.be/6BJR_j4FHz4?si=hRLU-bLSvuuKWHgs,Bhajan|Chalisa|Katha|Ramji|Stuti|Wealth,Bhajan|Ramji,title_match:1.000|line:434
Mantra-Aur_audio_automation/new-tracks-payload.json,427,इतनी शक्ति हमें देना दाता,Itni Shakti Humein Dena Data,https://youtu.be/3EnLaJKhO2A?si=7gCDpVLnLz5KZhbG,Chalisa|Stuti|Wealth,Stuti|Wealth,title_match:1.000|line:1159
Mantra-Aur_audio_automation/new-tracks-payload.json,428,शिव शंकर को जिसने पूजा,Shiv Shankar Ko Jisne Puja,https://youtu.be/w7HbgKcQS_w?si=KCJVUE_VkpIA8tKc,Bhajan|Katha|Shivji|Stuti|Wealth,Bhajan|Shivji,title_match:1.000|line:58
Mantra-Aur_audio_automation/new-tracks-payload.json,429,श्री रामचंद्र कृपालु,Shri Ramchandra Kripalu,https://youtu.be/leVoi6kkp3o?si=v3atP52xIcpUEFs8,Katha|Knowledge|Peace|Shloka|Stuti|Wealth,Stuti|Wealth,title_match:1.000|line:1084
Mantra-Aur_audio_automation/new-tracks-payload.json,430,आदित्य हृदय स्तोत्र,Aditya Hridaya Stotra,https://youtu.be/invPCYDaWUE?si=-cwsyKTg-INmshaY,Katha|Ramji|Strength|Strotam|Wealth,Ramji|Strotam,title_match:1.000|line:395
Mantra-Aur_audio_automation/new-tracks-payload.json,431,संकट नाशन गणेश स्तोत्र,Sankat Nashan Ganesh Stotra,https://youtu.be/aTFeZxXkL78?si=HaE-tYiH834XPpXn,GaneshJi|Katha|Strotam|Wealth,Strotam|Wealth,title_match:1.000|line:1130
Mantra-Aur_audio_automation/new-tracks-payload.json,432,महालक्ष्मी अष्टकम,Mahalakshmi Ashtakam,https://youtube.com/shorts/7BEYmt8EeX8?si=kqi58ODFW_qjBs1A,Shloka|Strotam|Wealth,Strotam|Wealth,title_match:1.000|line:1196
Mantra-Aur_audio_automation/new-tracks-payload.json,433,राम रक्षा स्तोत्र,Ram Raksha Stotra,https://youtu.be/y-Xv63obhKI?si=M5eZNo40oYpESgJA,Katha|Mantra|Ramji|Shloka|Strength|Strotam|Wealth,Strotam|Wealth,title_match:1.000|line:1129
Mantra-Aur_audio_automation/new-tracks-payload.json,434,श्री सूक्तम,Shri Suktam,https://youtube.com/shorts/8hbV_LQKvv0?si=k4cFAIlX83ys0rDI,Shloka|Strotam|Wealth,Strotam|Wealth,title_match:1.000|line:1198
Mantra-Aur_audio_automation/new-tracks-payload.json,435,बजरंग बाण,Bajrang Baan,https://youtu.be/h1lT6cxwsPw?si=KdhV4ABeZuxVKiuY,Katha|Strength|Strotam|Wealth,Strength|Strotam,title_match:1.000|line:827
Mantra-Aur_audio_automation/new-tracks-payload.json,436,सरस्वती स्तोत्र,Saraswati Stotra,https://youtu.be/log_B4nMkH0?si=T7hhpGvgFFSaNdjq,Knowledge|Strotam|Wealth,Strotam|Wealth,title_match:1.000|line:1200
Mantra-Aur_audio_automation/new-tracks-payload.json,437,नारायण कवच,Narayan Kavach,https://youtu.be/BBV0HQI3NB4?si=LjPC9hE-1m_fAsBa,Katha|Strength|Strotam|Wealth,Strength,title_match:1.000|line:828
Mantra-Aur_audio_automation/new-tracks-payload.json,438,शिव पंचाक्षर स्तोत्र,Shiv Panchakshar Stotra,https://youtu.be/3rJ4HVA9cII?si=euKFMGNZX2c0rt5p,Shivji|Strotam|Wealth,Strotam|Wealth,title_match:1.000|line:1202
Mantra-Aur_audio_automation/new-tracks-payload.json,439,हनुमान अष्टक,Hanuman Ashtak,https://youtu.be/HH_a6aRO1TE?si=k0J6WxtRY4t4yhi1,Ashtakam|Bhajan|HanumanJi|Katha|Strength|Strotam|Wealth,Strotam|Wealth,title_match:1.000|line:1203
Mantra-Aur_audio_automation/new-tracks-payload.json,440,श्री हनुमान चालीसा,Shri Hanuman Chalisa,https://youtu.be/AETFvQonfV8?si=YezmW2nYi76Eoi6Q,Chalisa|HanumanJi|Katha|Strength|Wealth,Chalisa|Wealth,title_match:1.000|line:1221
Mantra-Aur_audio_automation/new-tracks-payload.json,441,श्री गणेश चालीसा,Shri Ganesh Chalisa,https://youtu.be/WyHFSjN0miU?si=pCUb4V5RltoNG-DB,Chalisa|GaneshJi|Katha|Strength|Wealth,Chalisa|GaneshJi,title_match:1.000|line:176
Mantra-Aur_audio_automation/new-tracks-payload.json,442,श्री लक्ष्मी चालीसा,Shri Lakshmi Chalisa,https://youtu.be/aLKLcvJZ2Hc?si=LghSz9KgBnH3YqXK,Chalisa|LakshmiJi|Shloka|Strength|Wealth,Chalisa|LakshmiJi,title_match:1.000|line:305
Mantra-Aur_audio_automation/new-tracks-payload.json,443,श्री दुर्गा चालीसा,Shri Durga Chalisa,https://youtu.be/fsMzgFMMGxA?si=vMcngDgu3vYUf4te,Chalisa|DurjaJi|Strength|Wealth,Chalisa|DurjaJi,title_match:1.000|line:619
Mantra-Aur_audio_automation/new-tracks-payload.json,445,पंचाक्षरी मन्त्र,Panchakshari Mantra,https://youtu.be/bc1obsjb58c?si=oQIb1G1Fx1wOJ8Gw,Mantra|Peace|Shivji|Shloka|Strength|Wealth,Mantra|Shivji,title_match:1.000|line:5
Mantra-Aur_audio_automation/new-tracks-payload.json,446,महामृत्युंजय मंत्र,Mahamrityunjay Mantra,https://youtu.be/OV9LXGOXjgs?si=0izGm1eYkmBS0343,Katha|Mantra|Peace|Shivji|Shloka|Strength|Wealth,Mantra|Shivji,title_match:1.000|line:6
Mantra-Aur_audio_automation/new-tracks-payload.json,447,रुद्र मंत्र,Rudra Mantra,https://youtu.be/iEAPaA9Yf1s?si=lGmdeqXsCqtQQzx1,Katha|Mantra|Shivji|Wealth,Mantra|Shivji,title_match:1.000|line:7
Mantra-Aur_audio_automation/new-tracks-payload.json,448,शिव गायत्री मंत्र,Shiv Gayatri Mantra,https://youtu.be/ytV08faCJwg?si=eXY_cZGO-FsueNS1,Katha|Mantra|Shivji|Wealth,Mantra|Shivji,title_match:1.000|line:8
Mantra-Aur_audio_automation/new-tracks-payload.json,449,शिव स्तुति मंत्र,Shiv Stuti Mantra,https://youtu.be/Ly_Md1OOyTE?si=nCT-_G7dkRiPuF7QQ,Katha|Mantra|Shivji|Shloka|Wealth,Mantra|Shivji,title_match:1.000|line:9
Mantra-Aur_audio_automation/new-tracks-payload.json,450,शिव तांडव स्तोत्रम (संक्षिप्त अंश - रावण रचित) [1],Shiv Tandav Stotram (Sankshipt Ansh - Ravan Rachit),https://youtu.be/S980-z1qx3g?si=skvwCt7XGHenuWbP,Katha|Shivji|Strength|Strotam|Wealth,Shivji|Strotam,title_match:1.000|line:12
Mantra-Aur_audio_automation/new-tracks-payload.json,451,शिव पंचाक्षर स्तोत्रम्:,Shiv Panchakshar Stotram:,https://youtu.be/3rJ4HVA9cII?si=euKFMGNZX2c0rt5p,Shivji|Strotam|Wealth,Shivji|Strotam,title_match:1.000|line:21
Mantra-Aur_audio_automation/new-tracks-payload.json,454,शिव चालीसा,Shiv Chalisa,https://youtu.be/-mUoM-sSzkc?si=a3TP0d2Z_b5S-kCr,Chalisa|Shivji|Strength,Chalisa|Shivji,title_match:1.000|line:36
Mantra-Aur_audio_automation/new-tracks-payload.json,459,शिव शंकर को जिसने पूजा,Shiv Shankar Ko Jisne Puja,https://youtu.be/w7HbgKcQS_w?si=KCJVUE_VkpIA8tKc,Bhajan|Katha|Shivji|Stuti|Wealth,Bhajan|Shivji,title_match:1.000|line:58
Mantra-Aur_audio_automation/new-tracks-payload.json,473,हनुमान बीज मंत्र,Hanuman Beej Mantra,https://youtu.be/o5Uk1sxGBZU?si=aIuPQqmzIrromxMt,HanumanJi|Mantra|Strength,HanumanJi|Mantra,title_match:1.000|line:79
Mantra-Aur_audio_automation/new-tracks-payload.json,474,हनुमान गायत्री मंत्र:,Hanuman Gayatri Mantra:,https://youtu.be/AXDLxXIbxAs?si=LRLn7ZBIQYzSWhry,HanumanJi|Mantra|Shloka,HanumanJi|Mantra,title_match:1.000|line:80
Mantra-Aur_audio_automation/new-tracks-payload.json,475,मनोजवं मारुततुल्यवेगं मंत्र:,Manojavam Marutatulyavegam Mantra:,https://youtu.be/iWd6VAWduZg?si=qrMcv4ayCSmC3X_q,HanumanJi|Katha|Mantra|Shloka|Strength|Stuti|Wealth,HanumanJi|Mantra,title_match:1.000|line:82
Mantra-Aur_audio_automation/new-tracks-payload.json,478,प्रमुख मंत्र:,Pramukh Mantra:,https://youtu.be/FUpzgvsWkL8?si=XDpQmK9jpt227gC0,HanumanJi|Katha|Mantra|Shloka|Wealth,HanumanJi|Mantra,title_match:1.000|line:88
Mantra-Aur_audio_automation/new-tracks-payload.json,484,हनुमान चालीसा,Hanuman Chalisa,https://youtu.be/AETFvQonfV8?si=YezmW2nYi76Eoi6Q,Chalisa|HanumanJi|Katha|Strength|Wealth,Chalisa|HanumanJi,title_match:1.000|line:107
Mantra-Aur_audio_automation/new-tracks-payload.json,485,संकटमोचन हनुमान अष्टक,Sankatmochan Hanuman Ashtak,https://youtu.be/HH_a6aRO1TE?si=oQ72oac9OI-c9FEL,Ashtakam|Bhajan|HanumanJi|Katha|Strength|Strotam|Wealth,Ashtakam|HanumanJi,title_match:1.000|line:111
Mantra-Aur_audio_automation/new-tracks-payload.json,486,"अतुलितबलधामं हेमशैलाभदेहं,","Atulitbaladhamam Hemashailabhadeham,",https://youtu.be/CIl1O1GwOfk?si=l5pF_ixmqVuHcdOn,HanumanJi|Katha|Shloka|Stuti|Wealth,HanumanJi|Stuti,title_match:1.000|line:114
Mantra-Aur_audio_automation/new-tracks-payload.json,487,आरती कीजै हनुमान लला की,Aarti Keeje Hanuman Lala Ki,https://youtu.be/r7GJ8GoGSD8?si=5vKJpH3tM6QoFwzl,Aarti|HanumanJi|Katha|Wealth,Aarti|HanumanJi,title_match:1.000|line:117
Mantra-Aur_audio_automation/new-tracks-payload.json,489,हनुमान गायत्री,Hanuman Gayatri,https://youtu.be/AXDLxXIbxAs?si=61Ag66LJRXixtINz,HanumanJi|Mantra|Shloka,HanumanJi|Shloka,title_match:1.000|line:123
Mantra-Aur_audio_automation/new-tracks-payload.json,492,अतुलितबलधामं,Atulitbaladhamam,https://youtu.be/CIl1O1GwOfk?si=0PLRHfGike1eIJPN,HanumanJi|Katha|Shloka|Stuti|Wealth,HanumanJi|Stuti,title_match:0.500|line:114
Mantra-Aur_audio_automation/new-tracks-payload.json,493,दुनिया चले न श्री राम के बिना,Duniya Chale Na Shri Ram Ke Bina,https://youtu.be/sDhrWWWBQLI?si=x0qKB6U3A5R2FSQr,Bhajan|HanumanJi|Katha|Wealth,Bhajan|HanumanJi,title_match:1.000|line:132
Mantra-Aur_audio_automation/new-tracks-payload.json,494,हे दुख भंजन मारुति नंदन,He Dukh Bhanjan Maruti Nandan,https://youtu.be/n4fZknyZlsk?si=W6avmHz2Bl7IEuMr,Bhajan|HanumanJi|Katha|Stuti|Wealth,Bhajan|HanumanJi,title_match:1.000|line:133
Mantra-Aur_audio_automation/new-tracks-payload.json,496,संकट मोचन नाम तिहारो,Sankat Mochan Naam Tiharo,https://youtu.be/HH_a6aRO1TE?si=rTY4-xxT-cJfpz4W,Ashtakam|Bhajan|HanumanJi|Katha|Strength|Strotam|Wealth,Bhajan|HanumanJi,title_match:1.000|line:135
Mantra-Aur_audio_automation/new-tracks-payload.json,497,बजरंग बली मेरी नाव चली,Bajrang Bali Meri Naav Chali,https://youtu.be/eH89BxWg9P4?si=5IOyC_otVc9JKSFd,Bhajan|HanumanJi|Katha|Wealth,Bhajan|HanumanJi,title_match:1.000|line:136
Mantra-Aur_audio_automation/new-tracks-payload.json,502,हनुमान जनम कथा,Hanuman Janm Katha,https://youtu.be/JGi64RoqZ9g?si=LzuKJAoqe1TsPcav,HanumanJi|Katha|Wealth,HanumanJi|Katha,title_match:1.000|line:143
Mantra-Aur_audio_automation/new-tracks-payload.json,505,मूल बीज मंत्र,Mool Beej Mantra,https://youtu.be/Naruxgq6oMU?si=FcMrbfkDJoW6MNjX,GaneshJi|Katha|Knowledge|Mantra|Peace|Shloka|Wealth,GaneshJi|Mantra,title_match:1.000|line:151
Mantra-Aur_audio_automation/new-tracks-payload.json,507,गणेश गायत्री,Ganesh Gayatri,https://youtu.be/dkVlpm1mKFI?si=crdKp9jnOOfpOZx7,GaneshJi|Katha|Mantra|Shloka|Wealth,GaneshJi|Mantra,title_match:1.000|line:154
Mantra-Aur_audio_automation/new-tracks-payload.json,510,गणेश अथर्वशीर्ष:,Ganesh Atharvashirsha:,https://youtu.be/Tssx17scqO4?si=uOt96Cx7Sz5DPI5b,GaneshJi|Katha|Strotam|Wealth,GaneshJi|Strotam,title_match:1.000|line:164
Mantra-Aur_audio_automation/new-tracks-payload.json,512,श्री गणेश कवच:,Shri Ganesh Kavach:,https://youtu.be/av9FFShVYBU?si=Ad06fEsAnohtH32q,GaneshJi|Katha|Strotam|Wealth,GaneshJi|Strotam,title_match:1.000|line:170
Mantra-Aur_audio_automation/new-tracks-payload.json,515,श्री गणेश चालीसा,Shri Ganesh Chalisa,https://youtu.be/WyHFSjN0miU?si=pCUb4V5RltoNG-DB,Chalisa|GaneshJi|Katha|Strength|Wealth,Chalisa|GaneshJi,title_match:1.000|line:176
Mantra-Aur_audio_automation/new-tracks-payload.json,516,श्री गणेशपञ्चरत्नम्,Shri Ganeshpancharatnam,https://youtu.be/vYFOV9nj-_w?si=r49ExtqDfppGq1cg,Ashtakam|GaneshJi|Katha|Knowledge|Strotam|Wealth,Ashtakam|GaneshJi,title_match:1.000|line:179
Mantra-Aur_audio_automation/new-tracks-payload.json,520,जय गणेश जय गणेश देवा,Jai Ganesh Jai Ganesh Deva,https://youtu.be/Yuex2EnsGiY?si=SN2TjtMVVhHmp7gl,Aarti|GaneshJi|Katha|Shloka|Wealth,Aarti|GaneshJi,title_match:1.000|line:188
Mantra-Aur_audio_automation/new-tracks-payload.json,521,सुखकर्ता दुखहर्ता वार्ता विघ्नाची,Sukhakarta Dukhaharta Varta Vighnachi,https://youtu.be/gFr5p5AyuD0?si=QD5VW5nRGb8TXEFJ,Aarti|GaneshJi|Katha|Wealth,Aarti|GaneshJi,title_match:1.000|line:189
Mantra-Aur_audio_automation/new-tracks-payload.json,522,शेंदूर लाल चढ़ायो अच्छा गजमुख को,Shendur Lal Chadhayo Achchha Gajmukh Ko,https://youtu.be/bo62sjQ0CmE?si=t1lAn32pD2F23gVQ,Aarti|GaneshJi|Katha|Wealth,Aarti|GaneshJi,title_match:1.000|line:190
Mantra-Aur_audio_automation/new-tracks-payload.json,526,गजाननं भूतगणादि,Gajananm Bhuta Ganadi,https://youtu.be/6fl5JFL-SoA?si=uMzDR8I4B2c9dy8-,GaneshJi|Knowledge|Shloka|Stuti,Knowledge|Stuti,title_match:0.200|line:894
Mantra-Aur_audio_automation/new-tracks-payload.json,530,घर में पधारो गजानंद जी मेरे घर में पधारो,Ghar Mein Padharo Gajanand Ji Mere Ghar Mein Padharo,https://youtu.be/nLUmRxc6140?si=tDzujtf2OLcvCbDf,Bhajan|GaneshJi|Katha|Wealth,Bhajan|GaneshJi,title_match:1.000|line:202
Mantra-Aur_audio_automation/new-tracks-payload.json,532,तेरी जय हो गणेश,Teri Jai Ho Ganesh,https://youtu.be/enalr0CvqVM?si=WMYDWThqcqx9a4pP,Bhajan|GaneshJi|Katha|Wealth,Bhajan|GaneshJi,title_match:1.000|line:204
Mantra-Aur_audio_automation/new-tracks-payload.json,541,ॐ नमो नारायणाय,Om Namo Narayanaya,https://youtu.be/BLn-f2DZN4Y?si=tdz0GGjNGQIWYzX4,Mantra|Peace|VishnuJi,Mantra|VishnuJi,title_match:1.000|line:220
Mantra-Aur_audio_automation/new-tracks-payload.json,542,श्रीमन नारायण नारायण हरी हरी,Shriman Narayan Narayan Hari Hari,https://youtu.be/MuVrsDfgwI0?si=TpM7uKaIrn00Acbk,Bhajan|Mantra|VishnuJi,Mantra|VishnuJi,title_match:1.000|line:221
Mantra-Aur_audio_automation/new-tracks-payload.json,547,शान्ताकारं भुजगशयनं पद्मनाभं सुरेशं,Shantakaram Bhujagashayanam Padmanabham Suresham,https://youtu.be/Im5TK-glA9M?si=HrtM-508EyU_APJO,Mantra|Peace|Stuti|VishnuJi|Wealth,Mantra|VishnuJi,title_match:1.000|line:227
Mantra-Aur_audio_automation/new-tracks-payload.json,549,विष्णु सहस्रनाम स्तोत्रम्:,Vishnu Sahasranama Stotram:,https://youtu.be/zKC17254flc?si=1RLal5iLIRaiuuMb,Strength|Strotam|VishnuJi,Strotam|VishnuJi,title_match:1.000|line:232
Mantra-Aur_audio_automation/new-tracks-payload.json,551,लक्ष्मी नारायण स्तोत्र,Lakshmi Narayan Stotra,https://youtu.be/EkAUXHqqaLk?si=c4jgf8zmawRwmVRl,Strotam|VishnuJi|Wealth,Strotam|VishnuJi,title_match:1.000|line:235
Mantra-Aur_audio_automation/new-tracks-payload.json,553,नारायण सुक्तम,Narayan Suktam,https://youtu.be/vLP6gdiDbOU?si=jO6MgHWC3vJEyRrd,Strotam|VishnuJi|Wealth,Strotam|VishnuJi,title_match:1.000|line:238
Mantra-Aur_audio_automation/new-tracks-payload.json,555,श्री हरि स्तोत्रम्,Shri Hari Stotram,https://youtu.be/gsHIPGDctJ0?si=0M-JKLTSQ47e8TaB,Peace|Strotam|VishnuJi,Strotam|VishnuJi,title_match:1.000|line:242
Mantra-Aur_audio_automation/new-tracks-payload.json,558,श्री विष्णु स्तुति,Shri Vishnu Stuti,https://youtu.be/XAxNnRPoyiU?si=SzEsaZlOfS48Hd-b,Knowledge|Shloka|Stuti|VishnuJi|Wealth,Stuti|VishnuJi,title_match:1.000|line:252
Mantra-Aur_audio_automation/new-tracks-payload.json,559,ओम जय जगदीश हरे,Om Jai Jagdish Hare,https://youtu.be/NE3SWh9_vR4?si=oJOVnsbkOB7Qxw5b,Aarti|Katha|Shloka|Stuti|VishnuJi|Wealth,Aarti|VishnuJi,title_match:1.000|line:256
Mantra-Aur_audio_automation/new-tracks-payload.json,561,यदा यदा ही धर्मस्य,Yada Yada Hi Dharmasya,https://youtu.be/1AOgbhmP0ig?si=41xOtRemY_fBbdT2,KrishnaJi|Shloka|VishnuJi,Shloka|VishnuJi,title_match:1.000|line:260
Mantra-Aur_audio_automation/new-tracks-payload.json,562,कायेन वाचा,Kayena Vacha,https://youtu.be/CAc9h7oTjrM?si=oeZgKcwyJsEpKqOo,Shloka|VishnuJi|PoojaKeSamay,Shloka|VishnuJi,title_match:1.000|line:261
Mantra-Aur_audio_automation/new-tracks-payload.json,564,त्वमेव माता च पिता त्वमेव,Tvameva Mata Cha Pita Tvameva,https://youtu.be/JSVctoNlPKs?si=W7kvcuUvTsv_KM5A,Peace|Shloka|VishnuJi,Shloka|VishnuJi,title_match:1.000|line:263
Mantra-Aur_audio_automation/new-tracks-payload.json,565,अच्युतम केशवम कृष्ण दामोदरम,Achyutam Keshavam Krishna Damodaram,https://youtu.be/3yczGKnskts?si=--z5nTrp4XW8mSRd,Bhajan|Chalisa|Katha|KrishnaJi|Peace|Shloka|Stuti|VishnuJi|Wealth,Bhajan|VishnuJi,title_match:1.000|line:266
Mantra-Aur_audio_automation/new-tracks-payload.json,566,श्रीमन नारायण नारायण हरी हरी,Shriman Narayan Narayan Hari Hari,https://youtu.be/MuVrsDfgwI0?si=ttg63rMJqtDATiJg,Bhajan|Mantra|VishnuJi,Mantra|VishnuJi,title_match:1.000|line:221
Mantra-Aur_audio_automation/new-tracks-payload.json,576,शालिग्राम बनने की कथा,Shaligram Banne Ki Katha,https://youtu.be/Ik_zhFLWVA0?si=cC6xuVXf48XoS0dP,Katha|VishnuJi|Wealth,Katha|VishnuJi,title_match:1.000|line:279
Mantra-Aur_audio_automation/new-tracks-payload.json,578,महालक्ष्मी बीज मंत्र,Mahalakshmi Beej Mantra,https://youtu.be/bcs4geISuy0?si=iIlUMsgUwP0VAQdf,Katha|LakshmiJi|Mantra|Peace|Shloka|Wealth,LakshmiJi|Mantra,title_match:1.000|line:286
Mantra-Aur_audio_automation/new-tracks-payload.json,579,ॐ श्री महालक्ष्म्यै नमः,Om Shri Mahalakshmyai Namah,https://youtu.be/g_czAYo3MKQ?si=gMXItXZe4oVrD-co,LakshmiJi|Mantra|Wealth,LakshmiJi|Mantra,title_match:1.000|line:287
Mantra-Aur_audio_automation/new-tracks-payload.json,580,लक्ष्मी गायत्री मंत्र,Lakshmi Gayatri Mantra,https://youtu.be/HeqiNrjiCfk?si=euAnm4LHlwCrPpSH,LakshmiJi|Mantra|Shloka|Wealth,LakshmiJi|Mantra,title_match:1.000|line:288
Mantra-Aur_audio_automation/new-tracks-payload.json,581,श्री सिद्ध लक्ष्मी मंत्र,Shri Siddha Lakshmi Mantra,https://youtu.be/m8hvtU9Lzzk?si=Y9IBp48e1VidVKd4,LakshmiJi|Mantra|Wealth,LakshmiJi|Mantra,title_match:1.000|line:289
Mantra-Aur_audio_automation/new-tracks-payload.json,585,श्री सूक्तम:,Shri Suktam:,https://youtu.be/OC7LQxuhQUU?si=Dk4q0uGOrbCSfm7I,LakshmiJi|Shloka|Strotam|Wealth,LakshmiJi|Strotam,title_match:1.000|line:295
Mantra-Aur_audio_automation/new-tracks-payload.json,586,कनकधारा स्तोत्र:,Kanakadhara Stotra:,https://youtu.be/3Y1JGvieOBk?si=wIIGJG8nmjPlyBfv,LakshmiJi|Strotam|Wealth,LakshmiJi|Strotam,title_match:1.000|line:297
Mantra-Aur_audio_automation/new-tracks-payload.json,587,लक्ष्मी हृदय स्तोत्र,Lakshmi Hridaya Stotra,https://youtu.be/phOoGvDu_h4?si=XKx4FvAb65DYm0Vv,LakshmiJi|Strotam|Wealth,LakshmiJi|Strotam,title_match:1.000|line:298
Mantra-Aur_audio_automation/new-tracks-payload.json,588,महालक्ष्मी कवच,Mahalakshmi Kavach,https://youtu.be/OvimStyyQWI?si=SwrQDOQ7f47RApTT,LakshmiJi|Shloka|Strotam|Wealth,LakshmiJi|Strotam,title_match:1.000|line:299
Mantra-Aur_audio_automation/new-tracks-payload.json,589,अष्टलक्ष्मी स्तोत्र,Ashtalakshmi Stotra,https://youtu.be/qb5EuozSWA0?si=1DOqyZO7j9BrmhKi,LakshmiJi|Strotam|Wealth,LakshmiJi|Strotam,title_match:1.000|line:300
Mantra-Aur_audio_automation/new-tracks-payload.json,591,श्री लक्ष्मी चालीसा,Shri Lakshmi Chalisa,https://youtu.be/aLKLcvJZ2Hc?si=LghSz9KgBnH3YqXK,Chalisa|LakshmiJi|Shloka|Strength|Wealth,Chalisa|LakshmiJi,title_match:1.000|line:305
Mantra-Aur_audio_automation/new-tracks-payload.json,596,नमस्तेऽस्तु महामाये,Namastestu Mahamaye,https://youtu.be/RDWtngDhknA?si=6BoczvScrpmaOros,LakshmiJi|Shloka|Strotam|Wealth,LakshmiJi|Shloka,title_match:0.250|line:320
Mantra-Aur_audio_automation/new-tracks-payload.json,603,लक्ष्मी जी की अवतार कथा |,Lakshmi Ji Ki Avatar Katha |,https://youtu.be/BL5lLnsLUrA?si=tKilMUx3mU_eIVe5,Katha|LakshmiJi|Wealth,Katha|LakshmiJi,title_match:1.000|line:331
Mantra-Aur_audio_automation/new-tracks-payload.json,615,शनि चालीसा,Shani Chalisa,https://youtu.be/MJ14wONWjWg?si=DEpgPZC7NuC6rPgX,Chalisa|ShaniiDevJi|Strength,Chalisa|ShaniiDevJi,title_match:1.000|line:351
Mantra-Aur_audio_automation/new-tracks-payload.json,631,ॐ रामाय नमः,Om Ramaya Namah,https://youtu.be/CA8RcKyO0Y4?si=lQGTY9Ov96Uhu8JI,Katha|Mantra|Ramji|Wealth,Mantra|Ramji,title_match:1.000|line:385
Mantra-Aur_audio_automation/new-tracks-payload.json,632,ॐ राम रामाय नमः,Om Ram Ramaya Namah,https://youtu.be/-YVDlWff_5o?si=gNU9ViaghJWwBl-E,Katha|Mantra|Ramji|Wealth,Mantra|Ramji,title_match:1.000|line:386
Mantra-Aur_audio_automation/new-tracks-payload.json,633,श्री राम जय राम जय जय राम,Shri Ram Jai Ram Jai Jai Ram,https://youtu.be/-1udu-1LpOo?si=pmbGDDSFyq5uJhX0,Katha|Mantra|Peace|Ramji|Wealth,Mantra|Ramji,title_match:1.000|line:387
Mantra-Aur_audio_automation/new-tracks-payload.json,634,ॐ श्री रामचन्द्राय नमः,Om Shri Ramchandraya Namah,https://youtu.be/n_DeYZEy4Y4?si=wdZ7kUQSQ35qIs_5,Katha|Mantra|Ramji|Wealth,Mantra|Ramji,title_match:1.000|line:388
Mantra-Aur_audio_automation/new-tracks-payload.json,635,ॐ नमो भगवते रामचंद्राय,Om Namo Bhagavate Ramchandraya,https://youtu.be/sRjLbmFjjQ0?si=BflcnYp06jrhbI1r,Katha|Mantra|Ramji|Wealth,Mantra|Ramji,title_match:1.000|line:389
Mantra-Aur_audio_automation/new-tracks-payload.json,639,आदित्य हृदय स्तोत्र:,Aditya Hridaya Stotra:,https://youtu.be/invPCYDaWUE?si=0CRahD-R2NNXDnCu,Katha|Ramji|Strength|Strotam|Wealth,Ramji|Strotam,title_match:1.000|line:395
Mantra-Aur_audio_automation/new-tracks-payload.json,641,नाम रामायणम्,Nama Ramayanam,https://youtu.be/9IqAtf_DTb8?si=7qKSbxov-_kWaUeO,Katha|Ramji|Strotam|Wealth,Ramji|Strotam,title_match:1.000|line:398
Mantra-Aur_audio_automation/new-tracks-payload.json,644,श्री राम चालीसा,Shri Ram Chalisa,https://youtu.be/MoJw2s6q4P0?si=R2XibwgmtcN1lazL,Chalisa|Katha|Ramji|Strength|Wealth,Chalisa|Ramji,title_match:1.000|line:403
Mantra-Aur_audio_automation/new-tracks-payload.json,645,श्री राम अष्टकम,Shri Ram Ashtakam,https://youtu.be/EvfGBluQkSk?si=6DRbdUZBZsWzEX86,Ashtakam|Katha|Peace|Ramji|Wealth,Ashtakam|Ramji,title_match:1.000|line:406
Mantra-Aur_audio_automation/new-tracks-payload.json,647,जानकी स्तुति,Janki Stuti,https://youtu.be/RlNJspksnbg?si=jjexZNZPhPFgs0np,Ramji|Stuti|Wealth,Ramji|Stuti,title_match:1.000|line:410
Mantra-Aur_audio_automation/new-tracks-payload.json,656,"आपदामपहर्तारं दातारं सर्वसंपदाम्।
लोकाभिरामं श्रीरामं भूयो भूयो नमाम्यहम्॥","Apadamapahartaram Dataram Sarvasampadam.
Lokabhiramam Shriramam Bhuyo Bhuyo Namamyaham.",https://youtu.be/y-Xv63obhKI?si=M5eZNo40oYpESgJA,Katha|Mantra|Ramji|Shloka|Strength|Strotam|Wealth,Ramji|Shloka,title_match:1.000|line:423
Mantra-Aur_audio_automation/new-tracks-payload.json,658,ठुमक चलत रामचंद्र बाजत पैंजनिया,Thumak Chalat Ramchandra Bajat Painjaniya,https://youtu.be/PT1CwFIoc98?si=xAYsyfQq1WC7E0z_,Bhajan|Katha|Ramji|Shloka|Wealth,Bhajan|Ramji,title_match:1.000|line:427
Mantra-Aur_audio_automation/new-tracks-payload.json,662,नगरी हो अयोध्या सी,Nagari Ho Ayodhya Si,https://youtu.be/ZkKStVgGEJY?si=LGnO8DtUL_iEf1ei,Bhajan|Katha|Ramji|Wealth,Bhajan|Ramji,title_match:1.000|line:431
Mantra-Aur_audio_automation/new-tracks-payload.json,663,राम जी की निकली सवारी,Ram Ji Ki Nikli Sawari,https://youtu.be/bZ-Zrc-GPoc?si=pLzw80vTt6ty2tJt,Bhajan|Katha|Ramji|Wealth,Bhajan|Ramji,title_match:1.000|line:432
Mantra-Aur_audio_automation/new-tracks-payload.json,665,राम नाम के हीरे मोती,Ram Naam Ke Heere Moti,https://youtu.be/6BJR_j4FHz4?si=hRLU-bLSvuuKWHgs,Bhajan|Chalisa|Katha|Ramji|Stuti|Wealth,Bhajan|Ramji,title_match:1.000|line:434
Mantra-Aur_audio_automation/new-tracks-payload.json,673,विजयादशमी - राम रावण अंतिम युद्ध की सम्पूर्ण कथा |,Vijayadashami - Ram Ravan Antim Yudh Ki Sampurn Katha |,https://youtu.be/MtbVsknZP-A?si=EpGnCXoRWCCtKUhi,Katha|Ramji|Wealth,Katha|Ramji,title_match:1.000|line:444
Mantra-Aur_audio_automation/new-tracks-payload.json,674,बीज मंत्र,Beej Mantra,https://youtu.be/Naruxgq6oMU?si=xqSFGrw15ZFcqKY-,GaneshJi|Katha|Knowledge|Mantra|Peace|Shloka|Wealth,GaneshJi|Mantra,title_match:1.000|line:450
Mantra-Aur_audio_automation/new-tracks-payload.json,675,ॐ वक्रतुण्डाय हुम्,Om Vakratundaya Hum,https://youtu.be/cidhzMLBUPQ?si=fXMWhEu5ZeeOpj3l,GaneshJi|Katha|Mantra|Wealth,GaneshJi|Mantra,title_match:1.000|line:451
Mantra-Aur_audio_automation/new-tracks-payload.json,681,गणेश गायत्री,Ganesh Gayatri,https://youtu.be/dkVlpm1mKFI?si=vJFkS8R3-PMxX_Ji,GaneshJi|Katha|Mantra|Shloka|Wealth,GaneshJi|Mantra,title_match:1.000|line:154
Mantra-Aur_audio_automation/new-tracks-payload.json,682,श्री संकटनाशन गणेश स्तोत्र,Shri Sankatnashan Ganesh Stotra,https://youtu.be/aTFeZxXkL78?si=HFj5YBPqHTqebgZi,GaneshJi|Katha|Strotam|Wealth,GaneshJi|Strotam,title_match:1.000|line:460
Mantra-Aur_audio_automation/new-tracks-payload.json,683,गणेश अथर्वशीर्ष,Ganesh Atharvashirsha,https://youtu.be/Tssx17scqO4?si=WWEOC-sAGbJPwWoB,GaneshJi|Katha|Strotam|Wealth,GaneshJi|Strotam,title_match:1.000|line:164
Mantra-Aur_audio_automation/new-tracks-payload.json,689,गणेश चालीसा,Ganesh Chalisa,https://youtu.be/WyHFSjN0miU?si=C2PbbebEskn6KqLR,Chalisa|GaneshJi|Katha|Strength|Wealth,Chalisa|GaneshJi,title_match:1.000|line:471
Mantra-Aur_audio_automation/new-tracks-payload.json,690,गणेश अष्टकम,Ganesh Ashtakam,https://youtu.be/BhrCfQ0xyp8?si=Y8ihF6eLhRKE0QZ1,Ashtakam|GaneshJi|Katha|Wealth,Ashtakam|GaneshJi,title_match:1.000|line:474
Mantra-Aur_audio_automation/new-tracks-payload.json,696,श्री गणेश जी की आरती,Shri Ganesh Ji Ki Aarti,https://youtu.be/Yuex2EnsGiY?si=0_Pq00ZXiWo3JeVx,Aarti|GaneshJi|Katha|Shloka|Wealth,Aarti|GaneshJi,title_match:1.000|line:486
Mantra-Aur_audio_automation/new-tracks-payload.json,703,ॐ श्रीं गं सौभाग्य गणपतये वर्वर्द सर्वजन्म में वषमान्य स्वाहा,Om Shreem Gam Saubhagya Ganapataye Varvarada Sarvajanma Me Vashamanya Swaha,https://youtu.be/nbfyD78Dke0?si=--jK-lqu9SvtXhzK,GaneshJi|Katha|Shloka|Wealth,GaneshJi|Shloka,title_match:1.000|line:496
Mantra-Aur_audio_automation/new-tracks-payload.json,705,मौर्या रे बाप्पा मौर्या रे,Maurya Re Bappa Maurya Re,https://youtu.be/8jff2wz3Hpk?si=QNsZeRhwDjGRQ5Hs,Bhajan|GaneshJi|Katha|Wealth,Bhajan|GaneshJi,title_match:1.000|line:500
Mantra-Aur_audio_automation/new-tracks-payload.json,706,गजानना श्री गणराया,Gajanana Shri Ganaraya,https://youtu.be/fV8WIzEHD-E?si=QoCkMznHOJj-qUjD,Bhajan|GaneshJi|Katha|Wealth,Bhajan|GaneshJi,title_match:1.000|line:501
Mantra-Aur_audio_automation/new-tracks-payload.json,708,गणपति अपने गाँव चले,Ganpati Apne Gaon Chale,https://youtu.be/wiIJr3qihaQ?si=-f9FdXR6zpC7iHDa,Bhajan|GaneshJi|Katha|Wealth,Bhajan|GaneshJi,title_match:1.000|line:503
Mantra-Aur_audio_automation/new-tracks-payload.json,709,"मेरे मन मंदिर में तुम भगवान रहे,",Mere Man Mandir Mein Tum Bhagwan Rahe,https://youtu.be/GiUkwTxsaYA?si=tAnNkeZ1LrxBim0v,Bhajan|GaneshJi|Katha|Wealth,Bhajan|GaneshJi,title_match:1.000|line:504
Mantra-Aur_audio_automation/new-tracks-payload.json,720,मुक्ति मंत्र,Mukti Mantra,https://youtu.be/felGgBmnx-I?si=YoB5C1tli8tX3Kpx,Katha|KrishnaJi|Mantra|Shloka|Wealth,KrishnaJi|Mantra,title_match:1.000|line:521
Mantra-Aur_audio_automation/new-tracks-payload.json,721,महामंत्र,Mahamantra,https://youtu.be/Zdcth9NndEA?si=cBoFKjOpIFF2NbjP,Katha|KrishnaJi|Mantra|Peace|Wealth,KrishnaJi|Mantra,title_match:1.000|line:522
Mantra-Aur_audio_automation/new-tracks-payload.json,722,श्री कृष्णाय शरणं मम,Shri Krishnaya Sharanam Mama,https://youtu.be/1y2tRqtND1Y?si=Oc1VslQStdIS9Z13,Katha|KrishnaJi|Mantra|Peace|Wealth,KrishnaJi|Mantra,title_match:1.000|line:523
Mantra-Aur_audio_automation/new-tracks-payload.json,723,ॐ क्लीं कृष्णाय नमः,Om Kleem Krishnaya Namah,https://youtu.be/WqiKUywr55o?si=sx_88WGHIxnkZoNM,Katha|KrishnaJi|Mantra|Wealth,KrishnaJi|Mantra,title_match:1.000|line:524
Mantra-Aur_audio_automation/new-tracks-payload.json,724,कृष्ण गायत्री,Krishna Gayatri,https://youtu.be/yzwVyns93nc?si=UqzAJ3pjM1DUhsI7,Katha|KrishnaJi|Mantra|Wealth,KrishnaJi|Mantra,title_match:1.000|line:525
Mantra-Aur_audio_automation/new-tracks-payload.json,733,संतान गोपाल स्तोत्र,Santan Gopal Stotra,https://youtu.be/gyLT2Yz_yHo?si=6boX0E4ODR2nuxV9,KrishnaJi|Strotam|Stuti|Wealth,KrishnaJi|Strotam,title_match:1.000|line:536
Mantra-Aur_audio_automation/new-tracks-payload.json,736,कृष्ण अष्टकम,Krishna Ashtakam,https://youtu.be/PvdeDNeCiQc?si=T6FiME_l0gc5pd7S,Ashtakam|KrishnaJi|Peace|Strotam|Wealth,Ashtakam|KrishnaJi,title_match:1.000|line:543
Mantra-Aur_audio_automation/new-tracks-payload.json,741,आरती कुंजबिहारी की,Aarti Kunjbihari Ki,https://youtu.be/EMO1AT1UQf0?si=YEPhm4K955xBp6RB,Aarti|Katha|KrishnaJi|Wealth,Aarti|KrishnaJi,title_match:1.000|line:552
Mantra-Aur_audio_automation/new-tracks-payload.json,743,आरती श्री बांके बिहारी तेरी आरती गाऊं,Aarti Shri Banke Bihari Teri Aarti Gaun,https://youtu.be/6LO2PRgbutc?si=yww6-9PsBDlf4jy1,Aarti|Katha|KrishnaJi|Wealth,Aarti|KrishnaJi,title_match:1.000|line:554
Mantra-Aur_audio_automation/new-tracks-payload.json,751,यदा यदा ही धर्मस्य,Yada Yada Hi Dharmasya,https://youtu.be/1AOgbhmP0ig?si=HztCRx46d8XXa16m,KrishnaJi|Shloka|VishnuJi,Shloka|VishnuJi,title_match:1.000|line:260
Mantra-Aur_audio_automation/new-tracks-payload.json,752,कर्मण्येवाधिकारस्ते,Karmanyevadhikaraste,https://youtu.be/m0VD0vSXNXQ?si=rYvcj8atb4ReJtxk,KrishnaJi|Shloka|Wealth,KrishnaJi|Shloka,title_match:0.143|line:565
Mantra-Aur_audio_automation/new-tracks-payload.json,755,अच्युतम केशवम कृष्ण दामोदरम,Achyutam Keshavam Krishna Damodaram,https://youtu.be/3yczGKnskts?si=kXnjK3iThd_asoFy,Bhajan|Chalisa|Katha|KrishnaJi|Peace|Shloka|Stuti|VishnuJi|Wealth,Bhajan|VishnuJi,title_match:1.000|line:266
Mantra-Aur_audio_automation/new-tracks-payload.json,757,छोटी छोटी गईया छोटे छोटे ग्वाल,Chhoti Chhoti Gaiya Chhote Chhote Gwal,https://youtu.be/XzqJUoSDHZU?si=8-LAQkUg8tq7ov6T,Bhajan|Katha|KrishnaJi|Stuti|Wealth,Bhajan|KrishnaJi,title_match:1.000|line:572
Mantra-Aur_audio_automation/new-tracks-payload.json,758,श्याम तेरी बंसी पुकारे राधा नाम,Shyam Teri Bansi Pukare Radha Naam,https://youtu.be/XJqKbDxAa3U?si=8QX2YAec4EyoDiPP,Bhajan|Katha|KrishnaJi|Wealth,Bhajan|KrishnaJi,title_match:1.000|line:573
Mantra-Aur_audio_automation/new-tracks-payload.json,759,यशमति मैया से बोले नंदलाला,Yashomati Maiya Se Bole Nandlala,https://youtu.be/yWTN6bsDWN4?si=Lzw6_QbV5g85uOt9,Bhajan|KrishnaJi|Stuti|Wealth,Bhajan|KrishnaJi,title_match:1.000|line:574
Mantra-Aur_audio_automation/new-tracks-payload.json,764,श्री कृष्ण जन्म कथा:,Shri Krishna Janm Katha:,https://youtu.be/DCkMeVhmiC4?si=jcdhcguIvw6rcsQE,Katha|KrishnaJi|Wealth,Katha|KrishnaJi,title_match:1.000|line:581
Mantra-Aur_audio_automation/new-tracks-payload.json,766,गोवर्धन जी कथा,Govardhan Ji Katha,https://youtu.be/mmVbmowFswQ?si=pZE5fw0QkulqRM2W,Katha|KrishnaJi|Wealth,Katha|KrishnaJi,title_match:1.000|line:583
Mantra-Aur_audio_automation/new-tracks-payload.json,772,बीज मंत्र,Beej Mantra,https://youtu.be/jB4aaP2X7S4?si=fNw_s_3Ep9aH-uJZ,DurjaJi|Katha|Mantra|Peace|Strength|Wealth,DurjaJi|Mantra,title_match:1.000|line:594
Mantra-Aur_audio_automation/new-tracks-payload.json,774,सर्वमंगल मांगल्ये,Sarvamangala Mangalye,https://youtu.be/Yof1Vrh5TK0?si=s3diaEG-5Tn4r_2c,DurjaJi|Mantra|Stuti|Wealth,DurjaJi|Mantra,title_match:0.200|line:596
Mantra-Aur_audio_automation/new-tracks-payload.json,775,ॐ ह्रीं दुं दुर्गायै नमः,Om Hreem Dum Durgayai Namah,https://youtu.be/GHBynIok2Lo?si=uHYmAAtpv22yQ64n,DurjaJi|Mantra|Strength,DurjaJi|Mantra,title_match:1.000|line:597
Mantra-Aur_audio_automation/new-tracks-payload.json,777,सौभाग्य प्राप्ति हेतु,Saubhagya Prapti Hetu,https://youtu.be/OKRVaXU01kI?si=3YMdFbLtHjcGJ4sE,DurjaJi|Mantra|Shloka|Wealth,DurjaJi|Mantra,title_match:1.000|line:599
Mantra-Aur_audio_automation/new-tracks-payload.json,778,शरणागत दीनार्त,Sharanagata Deenarta,https://youtu.be/O0dGIsqbMsw?si=shotKSeK8r1k9C7N,DurjaJi|Mantra|Shloka,DurjaJi|Mantra,title_match:0.250|line:600
Mantra-Aur_audio_automation/new-tracks-payload.json,779,जयन्ती मङ्गला काली,Jayanti Mangala Kali,https://youtu.be/r66ySZ7iipM?si=FM_yp5XcLh9cQ4q0,DurjaJi|Mantra|Shloka,DurjaJi|Mantra,title_match:0.231|line:601
Mantra-Aur_audio_automation/new-tracks-payload.json,783,श्री अर्गला स्तोत्रम,Shri Argala Stotram,https://youtu.be/YD0eXOX6gbo?si=imwcbkJIn2dnyT97,DurjaJi|Strength|Strotam,DurjaJi|Strotam,title_match:1.000|line:607
Mantra-Aur_audio_automation/new-tracks-payload.json,784,कीलक स्तोत्रम,Keelak Stotram,https://youtu.be/5hPQUvaahhg?si=cqtLDH7VLQkac6QA,DurjaJi|Strength|Strotam,DurjaJi|Strotam,title_match:1.000|line:608
Mantra-Aur_audio_automation/new-tracks-payload.json,788,महिषासुरमर्दिनी स्तोत्र,Mahishasuramardini Stotra,https://youtu.be/4CKpFcQdJXk?si=2OkdCoCBxDs78Tcv,DurjaJi|Strength|Strotam,DurjaJi|Strotam,title_match:1.000|line:614
Mantra-Aur_audio_automation/new-tracks-payload.json,791,श्री दुर्गा चालीसा,Shri Durga Chalisa,https://youtu.be/fsMzgFMMGxA?si=vMcngDgu3vYUf4te,Chalisa|DurjaJi|Strength|Wealth,Chalisa|DurjaJi,title_match:1.000|line:619
Mantra-Aur_audio_automation/new-tracks-payload.json,800,"अम्बे तू है जगदम्बे काली, जय दुर्गे खप्पर वाली","Ambe Tu Hai Jagdambe Kali, Jai Durge Khappar Wali",https://youtu.be/dVTUUtOHUCA?si=Uk_2RDtvaypwtFhK,Aarti|DurjaJi|Katha|Wealth,Aarti|DurjaJi,title_match:1.000|line:635
Mantra-Aur_audio_automation/new-tracks-payload.json,809,जयन्ती मङ्गला काली,Jayanti Mangala Kali,https://youtu.be/r66ySZ7iipM?si=NEjamA32NPb6T0qz,DurjaJi|Mantra|Shloka,DurjaJi|Mantra,title_match:0.231|line:601
Mantra-Aur_audio_automation/new-tracks-payload.json,810,देहि सौभाग्यमारोग्यं,Dehi Saubhagyamarogyam,https://youtu.be/OKRVaXU01kI?si=_uw6ukhpng-Bgeg6,DurjaJi|Mantra|Shloka|Wealth,DurjaJi|Shloka,title_match:0.200|line:647
Mantra-Aur_audio_automation/new-tracks-payload.json,811,शरणागत दीनार्त,Sharanagata Deenarta,https://youtu.be/O0dGIsqbMsw?si=YMDdBnbEnw14QNiR,DurjaJi|Mantra|Shloka,DurjaJi|Mantra,title_match:0.250|line:600
Mantra-Aur_audio_automation/new-tracks-payload.json,830,गायत्री मंत्र,Gayatri Mantra,https://youtu.be/nwRoHC83wx0?si=f1Akd4C3BSvXNJaE,Katha|Knowledge|Mantra|Peace|Shloka|Wealth,Mantra|Peace,title_match:1.000|line:730
Mantra-Aur_audio_automation/new-tracks-payload.json,831,शांति मंत्र,Shanti Mantra,https://youtu.be/iRVIbOMymj0?si=p9yfDWWAsb63wtMq,BhojanSePehle|Katha|Mantra|Peace|Shloka|Wealth,BhojanSePehle,title_match:1.000|line:697
Mantra-Aur_audio_automation/new-tracks-payload.json,832,महामृत्युंजय मंत्र,Mahamrityunjay Mantra,https://youtu.be/OV9LXGOXjgs?si=0izGm1eYkmBS0343,Katha|Mantra|Peace|Shivji|Shloka|Strength|Wealth,Mantra|Shivji,title_match:1.000|line:6
Mantra-Aur_audio_automation/new-tracks-payload.json,833,शिव मंत्र,Shiv Mantra,https://youtu.be/bc1obsjb58c?si=oQIb1G1Fx1wOJ8Gw,Mantra|Peace|Shivji|Shloka|Strength|Wealth,Mantra|Peace,title_match:1.000|line:733
Mantra-Aur_audio_automation/new-tracks-payload.json,834,महामंत्र,Mahamantra,https://youtu.be/Zdcth9NndEA?si=cBoFKjOpIFF2NbjP,Katha|KrishnaJi|Mantra|Peace|Wealth,KrishnaJi|Mantra,title_match:1.000|line:522
Mantra-Aur_audio_automation/new-tracks-payload.json,835,गणेश मंत्र,Ganesh Mantra,https://youtu.be/Naruxgq6oMU?si=xqSFGrw15ZFcqKY-,GaneshJi|Katha|Knowledge|Mantra|Peace|Shloka|Wealth,Mantra|Peace,title_match:1.000|line:735
Mantra-Aur_audio_automation/new-tracks-payload.json,837,बुद्ध मंत्र,Buddha Mantra,https://youtu.be/ntpeQR7K0PI?si=4_9jjQ1cbxYs7wRa,Katha|Mantra|Peace|Wealth,Mantra|Peace,title_match:1.000|line:737
Mantra-Aur_audio_automation/new-tracks-payload.json,839,सरस्वती मंत्र,Saraswati Mantra,https://youtu.be/-NqX8zOZ62w?si=DWcjvgR9t3KYkz-D,Knowledge|Mantra|Peace|Shloka|Wealth,Mantra|Peace,title_match:1.000|line:739
Mantra-Aur_audio_automation/new-tracks-payload.json,842,गुरु मंत्र,Guru Mantra,https://youtu.be/jXPk7TnZC4c?si=3IMkISoz8uz7DN_R,Knowledge|Mantra|Peace|Shloka,Mantra|Peace,title_match:1.000|line:742
Mantra-Aur_audio_automation/new-tracks-payload.json,844,महालक्ष्मी बीज मंत्र,Mahalakshmi Beej Mantra,https://youtu.be/bcs4geISuy0?si=iIlUMsgUwP0VAQdf,Katha|LakshmiJi|Mantra|Peace|Shloka|Wealth,LakshmiJi|Mantra,title_match:1.000|line:286
Mantra-Aur_audio_automation/new-tracks-payload.json,846,दुर्गा मंत्र,Durga Mantra,https://youtu.be/jB4aaP2X7S4?si=fNw_s_3Ep9aH-uJZ,DurjaJi|Katha|Mantra|Peace|Strength|Wealth,Mantra|Peace,title_match:1.000|line:746
Mantra-Aur_audio_automation/new-tracks-payload.json,849,राम मंत्र,Rama Mantra,https://youtu.be/-1udu-1LpOo?si=pmbGDDSFyq5uJhX0,Katha|Mantra|Peace|Ramji|Wealth,Mantra|Peace,title_match:1.000|line:749
Mantra-Aur_audio_automation/new-tracks-payload.json,850,कृष्ण शरणम,Krishna Sharanam,https://youtu.be/1y2tRqtND1Y?si=wVq_YTMXmSeZFrYr,Katha|KrishnaJi|Mantra|Peace|Wealth,Peace,title_match:1.000|line:750
Mantra-Aur_audio_automation/new-tracks-payload.json,851,नारायण मंत्र,Narayan Mantra,https://youtu.be/BLn-f2DZN4Y?si=tdz0GGjNGQIWYzX4,Mantra|Peace|VishnuJi,Mantra|Peace,title_match:1.000|line:751
Mantra-Aur_audio_automation/new-tracks-payload.json,852,त्वमेव माता च पिता त्वमेव,Tvameva Mata Cha Pita Tvameva,https://youtu.be/JSVctoNlPKs?si=W7kvcuUvTsv_KM5A,Peace|Shloka|VishnuJi,Shloka|VishnuJi,title_match:1.000|line:263
Mantra-Aur_audio_automation/new-tracks-payload.json,853,अच्युतम केशवम,Achyutam Keshavam,https://youtu.be/3yczGKnskts?si=kXnjK3iThd_asoFy,Bhajan|Chalisa|Katha|KrishnaJi|Peace|Shloka|Stuti|VishnuJi|Wealth,Peace,title_match:1.000|line:753
Mantra-Aur_audio_automation/new-tracks-payload.json,854,गणेश बीज,Ganesha Beej,https://youtu.be/Naruxgq6oMU?si=FcMrbfkDJoW6MNjX,GaneshJi|Katha|Knowledge|Mantra|Peace|Shloka|Wealth,Peace,title_match:1.000|line:754
Mantra-Aur_audio_automation/new-tracks-payload.json,857,शिव मानस पूजा,Shiv Manas Puja,https://youtu.be/zukqadAe9N8?si=M1D-iNfUXiTaOKDm,Katha|Peace|Strotam|Wealth,Peace|Strotam,title_match:1.000|line:761
Mantra-Aur_audio_automation/new-tracks-payload.json,858,मधुराष्टकम,Madhurashtakam,https://youtu.be/sdZpM8paUnM?si=nAeAA34E_6X4S8uO,Ashtakam|Katha|Peace|Strotam|Wealth,Ashtakam|Peace,title_match:1.000|line:762
Mantra-Aur_audio_automation/new-tracks-payload.json,859,नारायण स्तोत्रम,Narayan Stotram,https://youtu.be/gsHIPGDctJ0?si=lAIFco1_0UhAKruS,Peace|Strotam|VishnuJi,Peace|Strotam,title_match:1.000|line:763
Mantra-Aur_audio_automation/new-tracks-payload.json,861,दक्षिणमूर्ति स्तोत्रम,Dakshinamurti Stotram,https://youtu.be/LNrQLgfTGJA?si=Ny6Y5AKVVghnbuXG,Knowledge|Peace|Strotam,Peace|Strotam,title_match:1.000|line:765
Mantra-Aur_audio_automation/new-tracks-payload.json,862,राम अष्टकम,Ram Ashtakam,https://youtu.be/EvfGBluQkSk?si=7z6NrixCl74aIvH_,Ashtakam|Katha|Peace|Ramji|Wealth,Ashtakam|Peace,title_match:1.000|line:766
Mantra-Aur_audio_automation/new-tracks-payload.json,864,कृष्ण अष्टकम,Krishna Ashtakam,https://youtu.be/PvdeDNeCiQc?si=GEiACiPyXCFv9oen,Ashtakam|KrishnaJi|Peace|Strotam|Wealth,Ashtakam|KrishnaJi,title_match:1.000|line:543
Mantra-Aur_audio_automation/new-tracks-payload.json,865,कर दर्शन स्तुति,Kar Darshan Stuti,https://youtu.be/UJZZyryDK00?si=pS4DwK9XFn84QOnQ,Peace|Stuti|SubahUthteHi,Peace|Stuti,title_match:1.000|line:773
Mantra-Aur_audio_automation/new-tracks-payload.json,866,श्री राम स्तुति,Shri Ram Stuti,https://youtu.be/leVoi6kkp3o?si=v3atP52xIcpUEFs8,Katha|Knowledge|Peace|Shloka|Stuti|Wealth,Peace|Stuti,title_match:1.000|line:774
Mantra-Aur_audio_automation/new-tracks-payload.json,867,शिव रुद्राष्टकम स्तुति,Shiv Rudrashtakam Stuti,https://youtu.be/8xvbnfVIJL4?si=nj45iNF3J8MaTlA_,Katha|Peace|Stuti|Wealth,Peace|Stuti,title_match:1.000|line:775
Mantra-Aur_audio_automation/new-tracks-payload.json,868,नारायण स्तुति,Narayan Stuti,https://youtu.be/Im5TK-glA9M?si=9nkexVkWvXGF3cUA,Mantra|Peace|Stuti|VishnuJi|Wealth,Peace|Stuti,title_match:1.000|line:776
Mantra-Aur_audio_automation/new-tracks-payload.json,869,शिव मानस स्तुति,Shiv Manas Stuti,https://youtu.be/HblVEP-ecEo?si=XaU9U-v4WoR7-NDE,Knowledge|Peace|Stuti,Peace|Stuti,title_match:1.000|line:777
Mantra-Aur_audio_automation/new-tracks-payload.json,870,सरस्वती स्तुति,Saraswati Stuti,https://youtu.be/Njc1Hu6WPDU?si=2e_xq2AoGxLJomUg,Peace|Stuti|Wealth,Peace|Stuti,title_match:1.000|line:778
Mantra-Aur_audio_automation/new-tracks-payload.json,873,श्री कृष्ण स्तुति,Shri Krishna Stuti,https://youtu.be/f_tCqLX6GNU?si=g9esdPlr_XnbbTWa,Knowledge|Peace|Stuti|Wealth,Peace|Stuti,title_match:1.000|line:781
Mantra-Aur_audio_automation/new-tracks-payload.json,875,उपनिषद शांति पाठ,Upanishad Shanti Path,https://youtu.be/vfzibQrVPoM?si=y7xPU6cE7-JtCkvc,Peace|Shloka|Wealth,Peace|Shloka,title_match:1.000|line:786
Mantra-Aur_audio_automation/new-tracks-payload.json,880,कठोपनिषद शांति,Kathopanishad Shanti,https://youtu.be/iRVIbOMymj0?si=cFBjMhHR-DcFq9_Y,BhojanSePehle|Katha|Mantra|Peace|Shloka|Wealth,Peace|Shloka,title_match:1.000|line:792
Mantra-Aur_audio_automation/new-tracks-payload.json,885,अध्यात्म श्लोक,Adhyatma Shlok,https://youtube.com/shorts/vp2Wp1mtb7o?si=ZDoZPcitIfChkb7U,Knowledge|Peace|Shloka,Peace|Shloka,title_match:1.000|line:797
Mantra-Aur_audio_automation/new-tracks-payload.json,886,दुर्गा बीज मंत्र,Durga Beej Mantra,https://youtu.be/jB4aaP2X7S4?si=fNw_s_3Ep9aH-uJZ,DurjaJi|Katha|Mantra|Peace|Strength|Wealth,Mantra|Strength,title_match:1.000|line:803
Mantra-Aur_audio_automation/new-tracks-payload.json,887,हनुमान बीज मंत्र,Hanuman Beej Mantra,https://youtu.be/o5Uk1sxGBZU?si=aIuPQqmzIrromxMt,HanumanJi|Mantra|Strength,HanumanJi|Mantra,title_match:1.000|line:79
Mantra-Aur_audio_automation/new-tracks-payload.json,890,हनुमान स्तुति मंत्र,Hanuman Stuti Mantra,https://youtu.be/iWd6VAWduZg?si=qrMcv4ayCSmC3X_q,HanumanJi|Katha|Mantra|Shloka|Strength|Stuti|Wealth,Strength|Stuti,title_match:1.000|line:807
Mantra-Aur_audio_automation/new-tracks-payload.json,891,दुर्गा दुःस्वप्न निवारण,Durga Duhswapna Nivaran,https://youtu.be/GHBynIok2Lo?si=uHYmAAtpv22yQ64n,DurjaJi|Mantra|Strength,Strength,title_match:1.000|line:808
Mantra-Aur_audio_automation/new-tracks-payload.json,893,राम रक्षा कवच मंत्र,Ram Raksha Kavach Mantra,https://youtu.be/y-Xv63obhKI?si=M5eZNo40oYpESgJA,Katha|Mantra|Ramji|Shloka|Strength|Strotam|Wealth,Mantra|Strength,title_match:1.000|line:811
Mantra-Aur_audio_automation/new-tracks-payload.json,894,महामृत्युंजय मंत्र,Mahamrityunjay Mantra,https://youtu.be/OV9LXGOXjgs?si=0izGm1eYkmBS0343,Katha|Mantra|Peace|Shivji|Shloka|Strength|Wealth,Mantra|Shivji,title_match:1.000|line:6
Mantra-Aur_audio_automation/new-tracks-payload.json,896,कार्तिकेय मंत्र,Kartikeya Mantra,https://youtu.be/5arZWUzAQ2U?si=t1dIPuKyuZOw08Cb,Mantra|Shloka|Strength|Wealth,Mantra|Strength,title_match:1.000|line:814
Mantra-Aur_audio_automation/new-tracks-payload.json,899,सर्व सुरक्षा मंत्र,Sarva Suraksha Mantra,https://youtu.be/bc1obsjb58c?si=oQIb1G1Fx1wOJ8Gw,Mantra|Peace|Shivji|Shloka|Strength|Wealth,Mantra|Strength,title_match:1.000|line:817
Mantra-Aur_audio_automation/new-tracks-payload.json,900,हनुमान चालीसा,Hanuman Chalisa,https://youtu.be/AETFvQonfV8?si=YezmW2nYi76Eoi6Q,Chalisa|HanumanJi|Katha|Strength|Wealth,Chalisa|HanumanJi,title_match:1.000|line:107
Mantra-Aur_audio_automation/new-tracks-payload.json,901,दुर्गा चालीसा,Durga Chalisa,https://youtu.be/fsMzgFMMGxA?si=vMcngDgu3vYUf4te,Chalisa|DurjaJi|Strength|Wealth,Chalisa|Strength,title_match:1.000|line:845
Mantra-Aur_audio_automation/new-tracks-payload.json,902,शिव चालीसा,Shiv Chalisa,https://youtu.be/-mUoM-sSzkc?si=a3TP0d2Z_b5S-kCr,Chalisa|Shivji|Strength,Chalisa|Shivji,title_match:1.000|line:36
Mantra-Aur_audio_automation/new-tracks-payload.json,906,शनि चालीसा,Shani Chalisa,https://youtu.be/MJ14wONWjWg?si=DEpgPZC7NuC6rPgX,Chalisa|ShaniiDevJi|Strength,Chalisa|ShaniiDevJi,title_match:1.000|line:351
Mantra-Aur_audio_automation/new-tracks-payload.json,907,राम चालीसा,Ram Chalisa,https://youtu.be/MoJw2s6q4P0?si=R2XibwgmtcN1lazL,Chalisa|Katha|Ramji|Strength|Wealth,Chalisa|Strength,title_match:1.000|line:851
Mantra-Aur_audio_automation/new-tracks-payload.json,912,गणेश चालीसा,Ganesh Chalisa,https://youtu.be/WyHFSjN0miU?si=C2PbbebEskn6KqLR,Chalisa|GaneshJi|Katha|Strength|Wealth,Chalisa|GaneshJi,title_match:1.000|line:471
Mantra-Aur_audio_automation/new-tracks-payload.json,913,सरस्वती चालीसा,Saraswati Chalisa,https://youtu.be/w19sRwFqbwY?si=gQYxs5wL-HxhsoAF,Chalisa|Strength|Wealth,Chalisa|Strength,title_match:1.000|line:857
Mantra-Aur_audio_automation/new-tracks-payload.json,914,लक्ष्मी चालीसा,Lakshmi Chalisa,https://youtu.be/aLKLcvJZ2Hc?si=LghSz9KgBnH3YqXK,Chalisa|LakshmiJi|Shloka|Strength|Wealth,Chalisa|Strength,title_match:1.000|line:858
Mantra-Aur_audio_automation/new-tracks-payload.json,915,सरस्वती बीज मंत्र,Saraswati Beej Mantra,https://youtu.be/B2Mbb_uUC8E?si=9o3n9FgDqedN50LH,Knowledge|Mantra|Shloka|Wealth,Knowledge|Mantra,title_match:1.000|line:865
Mantra-Aur_audio_automation/new-tracks-payload.json,916,गायत्री मंत्र,Gayatri Mantra,https://youtu.be/nwRoHC83wx0?si=f1Akd4C3BSvXNJaE,Katha|Knowledge|Mantra|Peace|Shloka|Wealth,Mantra|Peace,title_match:1.000|line:730
Mantra-Aur_audio_automation/new-tracks-payload.json,917,विद्या प्राप्ति मंत्र,Vidya Prapti Mantra,https://youtube.com/shorts/8HTkpFKRqbw?si=gXDWT4gUuB1QS0Sj,Knowledge|Mantra|Shloka,Knowledge|Mantra,title_match:1.000|line:867
Mantra-Aur_audio_automation/new-tracks-payload.json,918,गणेश विद्या मंत्र,Ganesh Vidya Mantra,https://youtu.be/Naruxgq6oMU?si=FcMrbfkDJoW6MNjX,GaneshJi|Katha|Knowledge|Mantra|Peace|Shloka|Wealth,Knowledge|Mantra,title_match:1.000|line:868
Mantra-Aur_audio_automation/new-tracks-payload.json,922,नवग्रह सरस्वती,Navgrah Saraswati,https://youtu.be/-NqX8zOZ62w?si=Gama0RD6ZBaBqVBt,Knowledge|Mantra|Peace|Shloka|Wealth,Knowledge,title_match:1.000|line:872
Mantra-Aur_audio_automation/new-tracks-payload.json,924,सूर्य प्रज्ञा मंत्र,Surya Pragya Mantra,https://youtu.be/kOgaTaFcgjU?si=JDvMuvOFUXbD0Icu,Knowledge|Mantra|Shloka|Wealth,Knowledge|Mantra,title_match:1.000|line:874
Mantra-Aur_audio_automation/new-tracks-payload.json,928,नील सरस्वती स्तोत्र,Neel Saraswati Stotra,https://youtu.be/log_B4nMkH0?si=T7hhpGvgFFSaNdjq,Knowledge|Strotam|Wealth,Knowledge|Strotam,title_match:1.000|line:882
Mantra-Aur_audio_automation/new-tracks-payload.json,930,दक्षिणमूर्ति स्तोत्र,Dakshinamurti Stotra,https://youtu.be/LNrQLgfTGJA?si=Ny6Y5AKVVghnbuXG,Knowledge|Peace|Strotam,Knowledge|Strotam,title_match:1.000|line:884
Mantra-Aur_audio_automation/new-tracks-payload.json,931,बृहस्पति स्तोत्र,Brihaspati Stotra,https://youtu.be/R15QXx7yRUo?si=aCpS8BKqgcMwoOqs,Knowledge|Strotam|Stuti,Knowledge|Strotam,title_match:1.000|line:885
Mantra-Aur_audio_automation/new-tracks-payload.json,935,गणेश पंचरत्न स्तोत्र,Ganesh Pancharatna Stotra,https://youtu.be/vYFOV9nj-_w?si=_NycUXJsmBt6Da4d,Ashtakam|GaneshJi|Katha|Knowledge|Strotam|Wealth,Knowledge|Strotam,title_match:1.000|line:889
Mantra-Aur_audio_automation/new-tracks-payload.json,937,गणेश स्तुति (गजाननं भूत..),Ganesh Stuti (Gajananm Bhut..),https://youtu.be/6fl5JFL-SoA?si=q5d9ZR9bNuB-cEot,GaneshJi|Knowledge|Shloka|Stuti,Knowledge|Stuti,title_match:1.000|line:894
Mantra-Aur_audio_automation/new-tracks-payload.json,938,गुरु वंदना (गुरुर्ब्रह्मा..),Guru Vandana (Gururbrahma..),https://youtube.com/shorts/ycvqpPFyQSU?si=tJjnZm6QMTDBoMPY,Knowledge|PoojaKeSamay|Stuti,Knowledge|Stuti,title_match:1.000|line:895
Mantra-Aur_audio_automation/new-tracks-payload.json,939,शिव मानस स्तुति,Shiv Manas Stuti,https://youtu.be/HblVEP-ecEo?si=XaU9U-v4WoR7-NDE,Knowledge|Peace|Stuti,Peace|Stuti,title_match:1.000|line:777
Mantra-Aur_audio_automation/new-tracks-payload.json,940,हनुमान बुद्धि स्तुति,Hanuman Buddhi Stuti,https://youtu.be/OOS-Pcovi-4?si=vJZVLePUjRe5jde6,Katha|Knowledge|Stuti|Wealth,Knowledge|Stuti,title_match:1.000|line:897
Mantra-Aur_audio_automation/new-tracks-payload.json,942,विष्णु स्तुति (शान्ताकारं..),Vishnu Stuti (Shantakaram..),https://youtu.be/XAxNnRPoyiU?si=SzEsaZlOfS48Hd-b,Knowledge|Shloka|Stuti|VishnuJi|Wealth,Knowledge|Stuti,title_match:1.000|line:899
Mantra-Aur_audio_automation/new-tracks-payload.json,943,राम स्तुति (श्री रामचन्द्र..),Ram Stuti (Shri Ramchandra..),https://youtu.be/leVoi6kkp3o?si=v3atP52xIcpUEFs8,Katha|Knowledge|Peace|Shloka|Stuti|Wealth,Knowledge|Stuti,title_match:1.000|line:900
Mantra-Aur_audio_automation/new-tracks-payload.json,945,कृष्ण स्तुति (कस्तूरी तिलकम..),Krishna Stuti (Kasturi Tilakam..),https://youtu.be/f_tCqLX6GNU?si=g9esdPlr_XnbbTWa,Knowledge|Peace|Stuti|Wealth,Knowledge|Stuti,title_match:1.000|line:902
Mantra-Aur_audio_automation/new-tracks-payload.json,946,बृहस्पति स्तुति,Brihaspati Stuti,https://youtu.be/R15QXx7yRUo?si=F8f5-iFv9tBh6OJx,Knowledge|Strotam|Stuti,Knowledge|Stuti,title_match:1.000|line:903
Mantra-Aur_audio_automation/new-tracks-payload.json,947,गुरु श्लोक,Guru Shlok,https://youtu.be/jXPk7TnZC4c?si=3IMkISoz8uz7DN_R,Knowledge|Mantra|Peace|Shloka,Knowledge|Shloka,title_match:1.000|line:907
Mantra-Aur_audio_automation/new-tracks-payload.json,952,वैदिक विद्या,Vedic Vidya,https://youtube.com/shorts/vp2Wp1mtb7o?si=94qjGBD7qZDFoWA3,Knowledge|Peace|Shloka,Knowledge|Shloka,title_match:1.000|line:912
Mantra-Aur_audio_automation/new-tracks-payload.json,953,सरस्वती श्लोक,Saraswati Shlok,https://youtube.com/shorts/8HTkpFKRqbw?si=lKsOmUxq3-s1g_eR,Knowledge|Mantra|Shloka,Knowledge|Shloka,title_match:1.000|line:913
Mantra-Aur_audio_automation/new-tracks-payload.json,956,गीता श्लोक 2,Gita Shlok 2,https://youtube.com/shorts/8-qBFaUbKfs?si=KrUhmC4PxuR0yc_a,Knowledge|Shloka|Wealth,Knowledge|Shloka,title_match:1.000|line:916
Mantra-Aur_audio_automation/new-tracks-payload.json,958,महालक्ष्मी बीज मंत्र,Mahalakshmi Beej Mantra,https://youtu.be/bcs4geISuy0?si=iIlUMsgUwP0VAQdf,Katha|LakshmiJi|Mantra|Peace|Shloka|Wealth,LakshmiJi|Mantra,title_match:1.000|line:286
Mantra-Aur_audio_automation/new-tracks-payload.json,959,कुबेर मंत्र,Kuber Mantra,https://youtu.be/IKGvPex_NQM?si=1DrV4jmYl-n-B0rm,Mantra|Shloka|Wealth,Mantra|Wealth,title_match:1.000|line:925
Mantra-Aur_audio_automation/new-tracks-payload.json,960,महालक्ष्मी मूल मंत्र,Mahalakshmi Mool Mantra,https://youtu.be/m8hvtU9Lzzk?si=1K9flqSsHLdbD1bx,LakshmiJi|Mantra|Wealth,Mantra|Wealth,title_match:1.000|line:926
Mantra-Aur_audio_automation/new-tracks-payload.json,961,लक्ष्मी मंत्र,Lakshmi Mantra,https://youtu.be/g_czAYo3MKQ?si=-LU0VBJs1MmgBg7t,LakshmiJi|Mantra|Wealth,Mantra|Wealth,title_match:1.000|line:927
Mantra-Aur_audio_automation/new-tracks-payload.json,964,विष्णु लक्ष्मी मंत्र,Vishnu Lakshmi Mantra,https://youtu.be/4-XRc7ofCkM?si=bWMvUOXKrHoN6k3S,Mantra|Shloka|Wealth,Mantra|Wealth,title_match:1.000|line:930
Mantra-Aur_audio_automation/new-tracks-payload.json,965,महालक्ष्मी गायत्री,Mahalakshmi Gayatri,https://youtu.be/HeqiNrjiCfk?si=EyUBWgbK16-rLLp0,LakshmiJi|Mantra|Shloka|Wealth,Wealth,title_match:1.000|line:931
Mantra-Aur_audio_automation/new-tracks-payload.json,968,कनकधारा स्तोत्र,Kanakdhara Stotra,https://youtu.be/3Y1JGvieOBk?si=-Vziy6rODds0zN_H,LakshmiJi|Strotam|Wealth,LakshmiJi|Strotam,title_match:1.000|line:297
Mantra-Aur_audio_automation/new-tracks-payload.json,969,श्री सूक्तम,Shri Suktam,https://youtu.be/OC7LQxuhQUU?si=Dk4q0uGOrbCSfm7I,LakshmiJi|Shloka|Strotam|Wealth,LakshmiJi|Strotam,title_match:1.000|line:295
Mantra-Aur_audio_automation/new-tracks-payload.json,970,महालक्ष्मी अष्टकम,Mahalakshmi Ashtakam,https://youtu.be/RDWtngDhknA?si=WCTJjON7OPrv6Hdy,LakshmiJi|Shloka|Strotam|Wealth,Strotam|Wealth,title_match:1.000|line:939
Mantra-Aur_audio_automation/new-tracks-payload.json,972,अष्टलक्ष्मी स्तोत्र,Ashtalakshmi Stotra,https://youtu.be/qb5EuozSWA0?si=1DOqyZO7j9BrmhKi,LakshmiJi|Strotam|Wealth,LakshmiJi|Strotam,title_match:1.000|line:300
Mantra-Aur_audio_automation/new-tracks-payload.json,973,लक्ष्मी हृदय स्तोत्र,Lakshmi Hridaya Stotra,https://youtu.be/phOoGvDu_h4?si=XKx4FvAb65DYm0Vv,LakshmiJi|Strotam|Wealth,LakshmiJi|Strotam,title_match:1.000|line:298
Mantra-Aur_audio_automation/new-tracks-payload.json,974,गणेश संकटनाशन स्तोत्र,Ganesh Sankatnashan Stotra,https://youtu.be/aTFeZxXkL78?si=duxsc5pwTGoNRBpq,GaneshJi|Katha|Strotam|Wealth,Strotam|Wealth,title_match:1.000|line:943
Mantra-Aur_audio_automation/new-tracks-payload.json,977,नारायण सूक्तम,Narayan Suktam,https://youtu.be/vLP6gdiDbOU?si=m7rY9Wm1sygwWuaf,Strotam|VishnuJi|Wealth,Strotam|Wealth,title_match:1.000|line:946
Mantra-Aur_audio_automation/new-tracks-payload.json,981,गणेश चालीसा,Ganesh Chalisa,https://youtu.be/WyHFSjN0miU?si=C2PbbebEskn6KqLR,Chalisa|GaneshJi|Katha|Strength|Wealth,Chalisa|GaneshJi,title_match:1.000|line:471
Mantra-Aur_audio_automation/new-tracks-payload.json,982,सरस्वती चालीसा,Saraswati Chalisa,https://youtu.be/w19sRwFqbwY?si=gQYxs5wL-HxhsoAF,Chalisa|Strength|Wealth,Chalisa|Strength,title_match:1.000|line:857
Mantra-Aur_audio_automation/new-tracks-payload.json,984,लक्ष्मी जी की आरती,Lakshmi Ji Ki Aarti,https://youtu.be/zdZ67AM47u8?si=Ff03RfC0f0Fll-oI,Aarti|Shloka|Wealth,Aarti|Wealth,title_match:1.000|line:960
Mantra-Aur_audio_automation/new-tracks-payload.json,985,कुबेर जी की आरती,Kuber Ji Ki Aarti,https://youtu.be/c0J1WntPaDg?si=MKuPTGQBJ6wKVF5s,Aarti|Shloka|Wealth,Aarti|Wealth,title_match:1.000|line:961
Mantra-Aur_audio_automation/new-tracks-payload.json,988,नमो नमस्तेऽस्तु महामाये श्रीपीठे सुरपूजिते,Namo Namastestu Mahamaye Shripithe Surapujite,https://youtube.com/shorts/7BEYmt8EeX8?si=kqi58ODFW_qjBs1A,Shloka|Strotam|Wealth,Shloka|Wealth,title_match:1.000|line:967
Mantra-Aur_audio_automation/new-tracks-payload.json,989,धनं धान्यं पशुं बहुपुत्रलाभं शतसंवत्सरं दीर्घमायुः,Dhanam Dhanyam Pashum Bahuputralabham Shatasamvatsaram DirghamAyuh,https://youtube.com/shorts/8hbV_LQKvv0?si=k4cFAIlX83ys0rDI,Shloka|Strotam|Wealth,Shloka|Wealth,title_match:1.000|line:968
Mantra-Aur_audio_automation/new-tracks-payload.json,992,यक्षाय कुबेराय वैश्रवणाय धनधान्याधिपतये,Yakshaya Kuberaya Vaishravanaya Dhanadhanyadhipataye,https://youtu.be/IKGvPex_NQM?si=wE8sis6qTbHLMdVg,Mantra|Shloka|Wealth,Shloka|Wealth,title_match:1.000|line:973
Mantra-Aur_audio_automation/new-tracks-payload.json,993,कर्मण्येवाधिकारस्ते मा फलेषु कदाचन,Karmanyevadhikaraste Ma Phaleshu Kadachana,https://youtube.com/shorts/8-qBFaUbKfs?si=3v_PngXwBsh9bHST,Knowledge|Shloka|Wealth,Shloka|Wealth,title_match:1.000|line:974
Mantra-Aur_audio_automation/new-tracks-payload.json,994,सर्वमङ्गलमाङ्गल्ये शिवे सर्वार्थसाधिके,Sarvamangalamangalye Shive Sarvarthasadhike,https://youtu.be/ZdBVEV5u2To?si=em-5O2iYoV9z50BF,DurjaJi|Shloka|Wealth,Shloka|Wealth,title_match:1.000|line:975
Mantra-Aur_audio_automation/new-tracks-payload.json,995,आपदामपहर्तारं दातारं सर्वसंपदाम्,Apadamapahartaram Dataram Sarvasampadam,https://youtu.be/y-Xv63obhKI?si=M5eZNo40oYpESgJA,Katha|Mantra|Ramji|Shloka|Strength|Strotam|Wealth,Shloka|Wealth,title_match:1.000|line:976
Mantra-Aur_audio_automation/new-tracks-payload.json,998,कात्यायनी मंत्र,Katyayani Mantra,https://youtu.be/6YC07U56lEE?si=yMIUoQan-D0osO7O,Shloka|Stuti|Wealth,Shloka|Wealth,title_match:1.000|line:985
Mantra-Aur_audio_automation/new-tracks-payload.json,1001,विष्णु-लक्ष्मी मंत्र,Vishnu-Lakshmi Mantra,https://youtu.be/4-XRc7ofCkM?si=X27vyybJleAeslG2,Mantra|Shloka|Wealth,Mantra|Wealth,title_match:1.000|line:930
Mantra-Aur_audio_automation/new-tracks-payload.json,1002,शिव शक्ति मंत्र,Shiv Shakti Mantra,https://youtu.be/Ly_Md1OOyTE?si=ni-k1rrLMF2suMfD,Katha|Mantra|Shivji|Shloka|Wealth,Shloka|Wealth,title_match:1.000|line:989
Mantra-Aur_audio_automation/new-tracks-payload.json,1003,रुद्र मंत्र,Rudra Mantra,https://youtu.be/bc1obsjb58c?si=oQIb1G1Fx1wOJ8Gw,Mantra|Peace|Shivji|Shloka|Strength|Wealth,Shloka|Wealth,title_match:1.000|line:990
Mantra-Aur_audio_automation/new-tracks-payload.json,1005,माँ सरस्वती मंत्र,Maa Saraswati Mantra,https://youtu.be/B2Mbb_uUC8E?si=9o3n9FgDqedN50LH,Knowledge|Mantra|Shloka|Wealth,Shloka|Wealth,title_match:1.000|line:992
Mantra-Aur_audio_automation/new-tracks-payload.json,1007,मधुराष्टकम,Madhurashtakam,https://youtu.be/sdZpM8paUnM?si=nAeAA34E_6X4S8uO,Ashtakam|Katha|Peace|Strotam|Wealth,Ashtakam|Peace,title_match:1.000|line:762
Mantra-Aur_audio_automation/new-tracks-payload.json,1012,लक्ष्मी नारायण स्तोत्र,Lakshmi Narayan Stotra,https://youtu.be/EkAUXHqqaLk?si=b2ZaLaeUWX9IOTP5,Strotam|VishnuJi|Wealth,Strotam|VishnuJi,title_match:1.000|line:235
Mantra-Aur_audio_automation/new-tracks-payload.json,1013,कृष्ण अष्टकम,Krishna Ashtakam,https://youtu.be/PvdeDNeCiQc?si=GEiACiPyXCFv9oen,Ashtakam|KrishnaJi|Peace|Strotam|Wealth,Ashtakam|KrishnaJi,title_match:1.000|line:543
Mantra-Aur_audio_automation/new-tracks-payload.json,1018,सीता स्तुति,Sita Stuti,https://youtu.be/RlNJspksnbg?si=RCael-63gpq5zKU4,Ramji|Stuti|Wealth,Stuti|Wealth,title_match:1.000|line:1012
Mantra-Aur_audio_automation/new-tracks-payload.json,1019,कृष्ण स्तुति,Krishna Stuti,https://youtu.be/f_tCqLX6GNU?si=g9esdPlr_XnbbTWa,Knowledge|Peace|Stuti|Wealth,Stuti|Wealth,title_match:1.000|line:1013
Mantra-Aur_audio_automation/new-tracks-payload.json,1021,गोपाल स्तुति,Gopal Stuti,https://youtu.be/gyLT2Yz_yHo?si=nhoDAX1GtLKoJJzs,KrishnaJi|Strotam|Stuti|Wealth,Stuti|Wealth,title_match:1.000|line:1015
Mantra-Aur_audio_automation/new-tracks-payload.json,1022,दुर्गा स्तुति,Durga Stuti,https://youtu.be/1kskWmG_u5Q?si=NtjDNiRY45StpS88,Shloka|Stuti|Wealth,Stuti|Wealth,title_match:1.000|line:1016
Mantra-Aur_audio_automation/new-tracks-payload.json,1023,नारायण स्तुति,Narayan Stuti,https://youtu.be/Im5TK-glA9M?si=9nkexVkWvXGF3cUA,Mantra|Peace|Stuti|VishnuJi|Wealth,Peace|Stuti,title_match:1.000|line:776
Mantra-Aur_audio_automation/new-tracks-payload.json,1024,सरस्वती स्तुति,Saraswati Stuti,https://youtu.be/Njc1Hu6WPDU?si=2e_xq2AoGxLJomUg,Peace|Stuti|Wealth,Peace|Stuti,title_match:1.000|line:778
Mantra-Aur_audio_automation/new-tracks-payload.json,1025,हनुमान स्तुति,Hanuman Stuti,https://youtu.be/iWd6VAWduZg?si=qrMcv4ayCSmC3X_q,HanumanJi|Katha|Mantra|Shloka|Strength|Stuti|Wealth,Stuti|Wealth,title_match:1.000|line:1019
Mantra-Aur_audio_automation/new-tracks-payload.json,1026,गणेश स्तुति,Ganesh Stuti,https://youtu.be/agqwzb3YzQ0?si=XnSUpCXTo4pmEzDK,Katha|Stuti|Wealth,Stuti|Wealth,title_match:1.000|line:1020
Mantra-Aur_audio_automation/new-tracks-payload.json,1028,अच्युतम केशवम,Achyutam Keshavam,https://youtu.be/3yczGKnskts?si=FvdBzJon0L1sUzSE,Bhajan|Chalisa|Katha|KrishnaJi|Peace|Shloka|Stuti|VishnuJi|Wealth,Peace,title_match:1.000|line:753
Mantra-Aur_audio_automation/new-tracks-payload.json,1031,यशोमती मैया से बोले,Yashomati Maiya Se Bole,https://youtu.be/yWTN6bsDWN4?si=UqPSo0fBRLeKdbXM,Bhajan|KrishnaJi|Stuti|Wealth,Stuti|Wealth,title_match:1.000|line:1028
Mantra-Aur_audio_automation/new-tracks-payload.json,1036,ऐसी लागी लगन,Aisi Lagi Lagan,https://youtu.be/dnCE-kSHES0?si=cYpIjXtwIhaE19YB,Chalisa|Katha|Stuti|Wealth,Stuti|Wealth,title_match:1.000|line:1033
Mantra-Aur_audio_automation/new-tracks-payload.json,1047,तुलसी-शालिग्राम,Tulsi-Shaligram,https://youtu.be/Ik_zhFLWVA0?si=VDJeXDG4eTL8qrcf,Katha|VishnuJi|Wealth,Katha|Wealth,title_match:1.000|line:1047
Mantra-Aur_audio_automation/new-tracks-payload.json,1049,गायत्री मंत्र,Gayatri Mantra,https://youtu.be/nwRoHC83wx0?si=f1Akd4C3BSvXNJaE,Katha|Knowledge|Mantra|Peace|Shloka|Wealth,Mantra|Peace,title_match:1.000|line:730
Mantra-Aur_audio_automation/new-tracks-payload.json,1050,महामृत्युंजय,Mahamrityunjay,https://youtu.be/OV9LXGOXjgs?si=0izGm1eYkmBS0343,Katha|Mantra|Peace|Shivji|Shloka|Strength|Wealth,Katha|Wealth,title_match:1.000|line:1056
Mantra-Aur_audio_automation/new-tracks-payload.json,1051,हरे कृष्ण महामंत्र,Hare Krishna Mahamantra,https://youtu.be/Zdcth9NndEA?si=cBoFKjOpIFF2NbjP,Katha|KrishnaJi|Mantra|Peace|Wealth,Katha|Wealth,title_match:1.000|line:1057
Mantra-Aur_audio_automation/new-tracks-payload.json,1052,गणेश मंत्र,Ganesha Mantra,https://youtu.be/Naruxgq6oMU?si=xqSFGrw15ZFcqKY-,GaneshJi|Katha|Knowledge|Mantra|Peace|Shloka|Wealth,Mantra|Peace,title_match:1.000|line:735
Mantra-Aur_audio_automation/new-tracks-payload.json,1053,शांति मंत्र,Shanti Mantra,https://youtu.be/iRVIbOMymj0?si=p9yfDWWAsb63wtMq,BhojanSePehle|Katha|Mantra|Peace|Shloka|Wealth,BhojanSePehle,title_match:1.000|line:697
Mantra-Aur_audio_automation/new-tracks-payload.json,1054,शिव पंचाक्षर,Shiv Panchakshar,https://youtube.com/shorts/AK-fDVxDV6A?si=hJqXBNcFgGpUmF7A,Katha|NahaneKeBaad|Wealth,NahaneKeBaad,title_match:1.000|line:690
Mantra-Aur_audio_automation/new-tracks-payload.json,1055,लक्ष्मी मंत्र,Lakshmi Mantra,https://youtu.be/bcs4geISuy0?si=-BYP11FJGKAQ7fk3,Katha|LakshmiJi|Mantra|Peace|Shloka|Wealth,Katha|Wealth,title_match:1.000|line:1061
Mantra-Aur_audio_automation/new-tracks-payload.json,1056,हनुमान मंत्र,Hanuman Mantra,https://youtu.be/Zagf46kv7p8?si=adpqwJ6tLsIAHHr0,Katha|Shloka|Wealth,Katha|Wealth,title_match:1.000|line:1062
Mantra-Aur_audio_automation/new-tracks-payload.json,1057,कृष्ण शरणम,Krishna Sharanam,https://youtu.be/1y2tRqtND1Y?si=wVq_YTMXmSeZFrYr,Katha|KrishnaJi|Mantra|Peace|Wealth,Peace,title_match:1.000|line:750
Mantra-Aur_audio_automation/new-tracks-payload.json,1058,नारायण मंत्र,Narayan Mantra,https://youtu.be/BBV0HQI3NB4?si=hqwyrr6ZWl8nXuSc,Katha|Strength|Strotam|Wealth,Katha|Wealth,title_match:1.000|line:1064
Mantra-Aur_audio_automation/new-tracks-payload.json,1059,बुद्ध मंत्र,Buddha Mantra,https://youtu.be/ntpeQR7K0PI?si=4_9jjQ1cbxYs7wRa,Katha|Mantra|Peace|Wealth,Mantra|Peace,title_match:1.000|line:737
Mantra-Aur_audio_automation/new-tracks-payload.json,1060,श्री राम स्तुति,Shri Ram Stuti,https://youtu.be/leVoi6kkp3o?si=v3atP52xIcpUEFs8,Katha|Knowledge|Peace|Shloka|Stuti|Wealth,Peace|Stuti,title_match:1.000|line:774
Mantra-Aur_audio_automation/new-tracks-payload.json,1062,गणेश स्तुति,Ganesha Stuti,https://youtu.be/agqwzb3YzQ0?si=XnSUpCXTo4pmEzDK,Katha|Stuti|Wealth,Stuti|Wealth,title_match:1.000|line:1020
Mantra-Aur_audio_automation/new-tracks-payload.json,1063,नारायण स्तुति,Narayan Stuti,https://youtu.be/Im5TK-glA9M?si=9nkexVkWvXGF3cUA,Mantra|Peace|Stuti|VishnuJi|Wealth,Peace|Stuti,title_match:1.000|line:776
Mantra-Aur_audio_automation/new-tracks-payload.json,1064,सरस्वती स्तुति,Saraswati Stuti,https://youtu.be/Njc1Hu6WPDU?si=2e_xq2AoGxLJomUg,Peace|Stuti|Wealth,Peace|Stuti,title_match:1.000|line:778
Mantra-Aur_audio_automation/new-tracks-payload.json,1065,हनुमान स्तुति,Hanuman Stuti,https://youtu.be/CIl1O1GwOfk?si=S3QRakW4DlnGi8eb,HanumanJi|Katha|Shloka|Stuti|Wealth,Stuti|Wealth,title_match:1.000|line:1074
Mantra-Aur_audio_automation/new-tracks-payload.json,1066,दुर्गा स्तुति,Durga Stuti,https://youtu.be/1kskWmG_u5Q?si=NtjDNiRY45StpS88,Shloka|Stuti|Wealth,Stuti|Wealth,title_match:1.000|line:1016
Mantra-Aur_audio_automation/new-tracks-payload.json,1067,कात्यायनी स्तुति,Katyayani Stuti,https://youtu.be/6YC07U56lEE?si=yMIUoQan-D0osO7O,Shloka|Stuti|Wealth,Stuti|Wealth,title_match:1.000|line:1076
Mantra-Aur_audio_automation/new-tracks-payload.json,1068,कृष्ण स्तुति,Krishna Stuti,https://youtu.be/f_tCqLX6GNU?si=g9esdPlr_XnbbTWa,Knowledge|Peace|Stuti|Wealth,Stuti|Wealth,title_match:1.000|line:1013
Mantra-Aur_audio_automation/new-tracks-payload.json,1069,अच्युतम केशवम,Achyutam Keshavam,https://youtu.be/3yczGKnskts?si=FvdBzJon0L1sUzSE,Bhajan|Chalisa|Katha|KrishnaJi|Peace|Shloka|Stuti|VishnuJi|Wealth,Peace,title_match:1.000|line:753
Mantra-Aur_audio_automation/new-tracks-payload.json,1071,ऐसी लागी लगन,Aisi Lagi Lagan,https://youtu.be/dnCE-kSHES0?si=cYpIjXtwIhaE19YB,Chalisa|Katha|Stuti|Wealth,Stuti|Wealth,title_match:1.000|line:1033
Mantra-Aur_audio_automation/new-tracks-payload.json,1072,श्री रामचंद्र कृपालु,Shri Ramchandra Kripalu,https://youtu.be/leVoi6kkp3o?si=v3atP52xIcpUEFs8,Katha|Knowledge|Peace|Shloka|Stuti|Wealth,Stuti|Wealth,title_match:1.000|line:1084
Mantra-Aur_audio_automation/new-tracks-payload.json,1074,यशोमती मैया से बोले,Yashomati Maiya Se Bole,https://youtu.be/RIYVVqu2XY4?si=zZcShWvTzV_kAWCQ,Katha|Stuti|Wealth,Stuti|Wealth,title_match:1.000|line:1086
Mantra-Aur_audio_automation/new-tracks-payload.json,1075,राम नाम के हीरे मोती,Ram Naam Ke Heere Moti,https://youtu.be/6BJR_j4FHz4?si=hRLU-bLSvuuKWHgs,Bhajan|Chalisa|Katha|Ramji|Stuti|Wealth,Bhajan|Ramji,title_match:1.000|line:434
Mantra-Aur_audio_automation/new-tracks-payload.json,1079,ओ पालनहारे,O Palanhare,https://youtu.be/kbMinfmC3E0?si=EORk1j1UQxAqRLLu,Chalisa|Stuti|Wealth,Stuti|Wealth,title_match:1.000|line:1091
Mantra-Aur_audio_automation/new-tracks-payload.json,1080,मेरा आपकी कृपा से,Mera Aapki Kripa Se,https://youtu.be/C9EespXQCGE?si=IyEpmHHsEOLzOuXF,Chalisa|Stuti|Wealth,Stuti|Wealth,title_match:1.000|line:1092
Mantra-Aur_audio_automation/new-tracks-payload.json,1081,छोटी छोटी गईया,Chhoti Chhoti Gaiya,https://youtu.be/XzqJUoSDHZU?si=8-LAQkUg8tq7ov6T,Bhajan|Katha|KrishnaJi|Stuti|Wealth,Stuti|Wealth,title_match:1.000|line:1093
Mantra-Aur_audio_automation/new-tracks-payload.json,1084,गणेश श्लोक,Ganesha Shlok,https://youtube.com/shorts/1mCkCzBIvDo?si=gbomNeAXomyRR6Xw,Katha|Shloka|Wealth,Shloka|Wealth,title_match:1.000|line:1099
Mantra-Aur_audio_automation/new-tracks-payload.json,1085,शिव श्लोक,Shiv Shlok,https://youtube.com/shorts/IPmuTHmizWo?si=XZ2PxqPnPCnTi9QR,Katha|Shloka|Wealth,Shloka|Wealth,title_match:1.000|line:1100
Mantra-Aur_audio_automation/new-tracks-payload.json,1091,हनुमान श्लोक,Hanuman Shlok,https://youtu.be/iWd6VAWduZg?si=qrMcv4ayCSmC3X_q,HanumanJi|Katha|Mantra|Shloka|Strength|Stuti|Wealth,Shloka|Wealth,title_match:1.000|line:1106
Mantra-Aur_audio_automation/new-tracks-payload.json,1092,महामृत्युंजय मंत्र,Mahamrityunjay Mantra,https://youtu.be/OV9LXGOXjgs?si=0izGm1eYkmBS0343,Katha|Mantra|Peace|Shivji|Shloka|Strength|Wealth,Mantra|Shivji,title_match:1.000|line:6
Mantra-Aur_audio_automation/new-tracks-payload.json,1096,हनुमान स्वास्थ्य मंत्र,Hanuman Swasthya Mantra,https://youtu.be/FUpzgvsWkL8?si=qjtBffQzDjZu3rmc,HanumanJi|Katha|Mantra|Shloka|Wealth,Shloka|Wealth,title_match:1.000|line:1117
Mantra-Aur_audio_automation/new-tracks-payload.json,1098,दुर्गा आरोग्य मंत्र,Durga Arogya Mantra,https://youtu.be/OKRVaXU01kI?si=JiW7DxUS6igTBq2G,DurjaJi|Mantra|Shloka|Wealth,Shloka|Wealth,title_match:1.000|line:1119
Mantra-Aur_audio_automation/new-tracks-payload.json,1100,गायत्री मंत्र,Gayatri Mantra,https://youtu.be/nwRoHC83wx0?si=f1Akd4C3BSvXNJaE,Katha|Knowledge|Mantra|Peace|Shloka|Wealth,Mantra|Peace,title_match:1.000|line:730
Mantra-Aur_audio_automation/new-tracks-payload.json,1102,आदित्य हृदय स्तोत्र,Aditya Hridaya Stotra,https://youtu.be/invPCYDaWUE?si=-cwsyKTg-INmshaY,Katha|Ramji|Strength|Strotam|Wealth,Ramji|Strotam,title_match:1.000|line:395
Mantra-Aur_audio_automation/new-tracks-payload.json,1105,राम रक्षा स्तोत्र,Ram Raksha Stotra,https://youtu.be/y-Xv63obhKI?si=M5eZNo40oYpESgJA,Katha|Mantra|Ramji|Shloka|Strength|Strotam|Wealth,Strotam|Wealth,title_match:1.000|line:1129
Mantra-Aur_audio_automation/new-tracks-payload.json,1106,संकट नाशन गणेश स्तोत्र,Sankat Naashan Ganesh Stotra,https://youtu.be/aTFeZxXkL78?si=HaE-tYiH834XPpXn,GaneshJi|Katha|Strotam|Wealth,Strotam|Wealth,title_match:1.000|line:1130
Mantra-Aur_audio_automation/new-tracks-payload.json,1111,नारायण कवच,Narayan Kavach,https://youtu.be/BBV0HQI3NB4?si=LjPC9hE-1m_fAsBa,Katha|Strength|Strotam|Wealth,Strength,title_match:1.000|line:828
Mantra-Aur_audio_automation/new-tracks-payload.json,1113,हनुमान स्तुति,Hanuman Stuti,https://youtu.be/CIl1O1GwOfk?si=0PLRHfGike1eIJPN,HanumanJi|Katha|Shloka|Stuti|Wealth,Stuti|Wealth,title_match:1.000|line:1074
Mantra-Aur_audio_automation/new-tracks-payload.json,1115,दुर्गा स्तुति,Durga Stuti,https://youtu.be/Yof1Vrh5TK0?si=s3diaEG-5Tn4r_2c,DurjaJi|Mantra|Stuti|Wealth,Stuti|Wealth,title_match:1.000|line:1142
Mantra-Aur_audio_automation/new-tracks-payload.json,1116,राम स्तुति,Ram Stuti,https://youtu.be/leVoi6kkp3o?si=v3atP52xIcpUEFs8,Katha|Knowledge|Peace|Shloka|Stuti|Wealth,Stuti|Wealth,title_match:1.000|line:1143
Mantra-Aur_audio_automation/new-tracks-payload.json,1117,गणेश स्तुति,Ganesha Stuti,https://youtu.be/agqwzb3YzQ0?si=XnSUpCXTo4pmEzDK,Katha|Stuti|Wealth,Stuti|Wealth,title_match:1.000|line:1020
Mantra-Aur_audio_automation/new-tracks-payload.json,1118,नारायण स्तुति,Narayan Stuti,https://youtu.be/Im5TK-glA9M?si=9nkexVkWvXGF3cUA,Mantra|Peace|Stuti|VishnuJi|Wealth,Peace|Stuti,title_match:1.000|line:776
Mantra-Aur_audio_automation/new-tracks-payload.json,1119,विष्णु स्तुति,Vishnu Stuti,https://youtu.be/NE3SWh9_vR4?si=z8FGFGAzZeFHBd2I,Aarti|Katha|Shloka|Stuti|VishnuJi|Wealth,Stuti|Wealth,title_match:1.000|line:1146
Mantra-Aur_audio_automation/new-tracks-payload.json,1121,सरस्वती स्तुति,Saraswati Stuti,https://youtu.be/Njc1Hu6WPDU?si=2e_xq2AoGxLJomUg,Peace|Stuti|Wealth,Peace|Stuti,title_match:1.000|line:778
Mantra-Aur_audio_automation/new-tracks-payload.json,1122,हे दुख भंजन मारुति नंदन,He Dukh Bhanjan Maruti Nandan,https://youtu.be/n4fZknyZlsk?si=W6avmHz2Bl7IEuMr,Bhajan|HanumanJi|Katha|Stuti|Wealth,Bhajan|HanumanJi,title_match:1.000|line:133
Mantra-Aur_audio_automation/new-tracks-payload.json,1125,मेरा आपकी कृपा से,Mera Aapki Kripa Se,https://youtu.be/C9EespXQCGE?si=IyEpmHHsEOLzOuXF,Chalisa|Stuti|Wealth,Stuti|Wealth,title_match:1.000|line:1092
Mantra-Aur_audio_automation/new-tracks-payload.json,1126,अच्युतम केशवम,Achyutam Keshavam,https://youtu.be/3yczGKnskts?si=FvdBzJon0L1sUzSE,Bhajan|Chalisa|Katha|KrishnaJi|Peace|Shloka|Stuti|VishnuJi|Wealth,Peace,title_match:1.000|line:753
Mantra-Aur_audio_automation/new-tracks-payload.json,1127,ओ पालनहारे,O Palanhare,https://youtu.be/kbMinfmC3E0?si=EORk1j1UQxAqRLLu,Chalisa|Stuti|Wealth,Stuti|Wealth,title_match:1.000|line:1091
Mantra-Aur_audio_automation/new-tracks-payload.json,1128,राम नाम के हीरे मोती,Ram Naam Ke Heere Moti,https://youtu.be/6BJR_j4FHz4?si=hRLU-bLSvuuKWHgs,Bhajan|Chalisa|Katha|Ramji|Stuti|Wealth,Bhajan|Ramji,title_match:1.000|line:434
Mantra-Aur_audio_automation/new-tracks-payload.json,1129,इतनी शक्ति हमें देना दाता,Itni Shakti Humein Dena Data,https://youtu.be/3EnLaJKhO2A?si=7gCDpVLnLz5KZhbG,Chalisa|Stuti|Wealth,Stuti|Wealth,title_match:1.000|line:1159
Mantra-Aur_audio_automation/new-tracks-payload.json,1130,शिव शंकर को जिसने पूजा,Shiv Shankar Ko Jisne Puja,https://youtu.be/w7HbgKcQS_w?si=KCJVUE_VkpIA8tKc,Bhajan|Katha|Shivji|Stuti|Wealth,Bhajan|Shivji,title_match:1.000|line:58
Mantra-Aur_audio_automation/new-tracks-payload.json,1131,श्री रामचंद्र कृपालु,Shri Ramchandra Kripalu,https://youtu.be/leVoi6kkp3o?si=v3atP52xIcpUEFs8,Katha|Knowledge|Peace|Shloka|Stuti|Wealth,Stuti|Wealth,title_match:1.000|line:1084
Mantra-Aur_audio_automation/new-tracks-payload.json,1132,आरोग्य श्लोक,Arogya Shlok,https://youtu.be/OKRVaXU01kI?si=iCg0c1WVrhyIyDez,DurjaJi|Mantra|Shloka|Wealth,Shloka|Wealth,title_match:1.000|line:1165
Mantra-Aur_audio_automation/new-tracks-payload.json,1134,महामृत्युंजय,Mahamrityunjay,https://youtu.be/OV9LXGOXjgs?si=0izGm1eYkmBS0343,Katha|Mantra|Peace|Shivji|Shloka|Strength|Wealth,Katha|Wealth,title_match:1.000|line:1056
Mantra-Aur_audio_automation/new-tracks-payload.json,1135,हनुमान स्वास्थ्य,Hanuman Swasthya,https://youtu.be/FUpzgvsWkL8?si=IR8jegQlpVL8NtTl,HanumanJi|Katha|Mantra|Shloka|Wealth,Shloka|Wealth,title_match:1.000|line:1168
Mantra-Aur_audio_automation/new-tracks-payload.json,1142,गणेश मंत्र,Ganesha Mantra,https://youtu.be/Naruxgq6oMU?si=xqSFGrw15ZFcqKY-,GaneshJi|Katha|Knowledge|Mantra|Peace|Shloka|Wealth,Mantra|Peace,title_match:1.000|line:735
Mantra-Aur_audio_automation/new-tracks-payload.json,1143,महालक्ष्मी मंत्र,Mahalakshmi Mantra,https://youtu.be/bcs4geISuy0?si=iIlUMsgUwP0VAQdf,Katha|LakshmiJi|Mantra|Peace|Shloka|Wealth,Shloka|Wealth,title_match:1.000|line:1182
Mantra-Aur_audio_automation/new-tracks-payload.json,1144,गायत्री मंत्र,Gayatri Mantra,https://youtu.be/nwRoHC83wx0?si=f1Akd4C3BSvXNJaE,Katha|Knowledge|Mantra|Peace|Shloka|Wealth,Mantra|Peace,title_match:1.000|line:730
Mantra-Aur_audio_automation/new-tracks-payload.json,1145,सरस्वती मंत्र,Saraswati Mantra,https://youtu.be/-NqX8zOZ62w?si=DWcjvgR9t3KYkz-D,Knowledge|Mantra|Peace|Shloka|Wealth,Mantra|Peace,title_match:1.000|line:739
Mantra-Aur_audio_automation/new-tracks-payload.json,1146,हनुमान मंत्र,Hanuman Mantra,https://youtu.be/Zagf46kv7p8?si=adpqwJ6tLsIAHHr0,Katha|Shloka|Wealth,Katha|Wealth,title_match:1.000|line:1062
Mantra-Aur_audio_automation/new-tracks-payload.json,1147,सूर्य मंत्र,Surya Mantra,https://youtu.be/kOgaTaFcgjU?si=JDvMuvOFUXbD0Icu,Knowledge|Mantra|Shloka|Wealth,Shloka|Wealth,title_match:1.000|line:1186
Mantra-Aur_audio_automation/new-tracks-payload.json,1148,विष्णु मंत्र,Vishnu Mantra,https://youtu.be/felGgBmnx-I?si=YoB5C1tli8tX3Kpx,Katha|KrishnaJi|Mantra|Shloka|Wealth,Shloka|Wealth,title_match:1.000|line:1187
Mantra-Aur_audio_automation/new-tracks-payload.json,1149,कार्तिकेय मंत्र,Kartikeya Mantra,https://youtu.be/5arZWUzAQ2U?si=t1dIPuKyuZOw08Cb,Mantra|Shloka|Strength|Wealth,Mantra|Strength,title_match:1.000|line:814
Mantra-Aur_audio_automation/new-tracks-payload.json,1150,दुर्गा मंत्र,Durga Mantra,https://youtu.be/1kskWmG_u5Q?si=NtjDNiRY45StpS88,Shloka|Stuti|Wealth,Shloka|Wealth,title_match:1.000|line:1189
Mantra-Aur_audio_automation/new-tracks-payload.json,1151,कुबेर मंत्र,Kuber Mantra,https://youtu.be/IKGvPex_NQM?si=xMEMFFJwC-anq-r8,Mantra|Shloka|Wealth,Mantra|Wealth,title_match:1.000|line:925
Mantra-Aur_audio_automation/new-tracks-payload.json,1152,आदित्य हृदय स्तोत्र,Aditya Hridaya Stotra,https://youtu.be/invPCYDaWUE?si=-cwsyKTg-INmshaY,Katha|Ramji|Strength|Strotam|Wealth,Ramji|Strotam,title_match:1.000|line:395
Mantra-Aur_audio_automation/new-tracks-payload.json,1153,संकट नाशन गणेश स्तोत्र,Sankat Naashan Ganesh Stotra,https://youtu.be/aTFeZxXkL78?si=HaE-tYiH834XPpXn,GaneshJi|Katha|Strotam|Wealth,Strotam|Wealth,title_match:1.000|line:1130
Mantra-Aur_audio_automation/new-tracks-payload.json,1154,महालक्ष्मी अष्टकम,Mahalakshmi Ashtakam,https://youtube.com/shorts/7BEYmt8EeX8?si=kqi58ODFW_qjBs1A,Shloka|Strotam|Wealth,Strotam|Wealth,title_match:1.000|line:1196
Mantra-Aur_audio_automation/new-tracks-payload.json,1155,राम रक्षा स्तोत्र,Ram Raksha Stotra,https://youtu.be/y-Xv63obhKI?si=M5eZNo40oYpESgJA,Katha|Mantra|Ramji|Shloka|Strength|Strotam|Wealth,Strotam|Wealth,title_match:1.000|line:1129
Mantra-Aur_audio_automation/new-tracks-payload.json,1156,श्री सूक्तम,Shri Suktam,https://youtube.com/shorts/8hbV_LQKvv0?si=k4cFAIlX83ys0rDI,Shloka|Strotam|Wealth,Strotam|Wealth,title_match:1.000|line:1198
Mantra-Aur_audio_automation/new-tracks-payload.json,1157,बजरंग बाण,Bajrang Baan,https://youtu.be/h1lT6cxwsPw?si=KdhV4ABeZuxVKiuY,Katha|Strength|Strotam|Wealth,Strength|Strotam,title_match:1.000|line:827
Mantra-Aur_audio_automation/new-tracks-payload.json,1158,सरस्वती स्तोत्र,Saraswati Stotra,https://youtu.be/log_B4nMkH0?si=T7hhpGvgFFSaNdjq,Knowledge|Strotam|Wealth,Strotam|Wealth,title_match:1.000|line:1200
Mantra-Aur_audio_automation/new-tracks-payload.json,1159,नारायण कवच,Narayan Kavach,https://youtu.be/BBV0HQI3NB4?si=LjPC9hE-1m_fAsBa,Katha|Strength|Strotam|Wealth,Strength,title_match:1.000|line:828
Mantra-Aur_audio_automation/new-tracks-payload.json,1160,शिव पंचाक्षर स्तोत्र,Shiv Panchakshar Stotra,https://youtu.be/3rJ4HVA9cII?si=euKFMGNZX2c0rt5p,Shivji|Strotam|Wealth,Strotam|Wealth,title_match:1.000|line:1202
Mantra-Aur_audio_automation/new-tracks-payload.json,1161,हनुमान अष्टक,Hanuman Ashtak,https://youtu.be/HH_a6aRO1TE?si=k0J6WxtRY4t4yhi1,Ashtakam|Bhajan|HanumanJi|Katha|Strength|Strotam|Wealth,Strotam|Wealth,title_match:1.000|line:1203
Mantra-Aur_audio_automation/new-tracks-payload.json,1162,गणेश स्तुति,Ganesha Stuti,https://youtu.be/agqwzb3YzQ0?si=XnSUpCXTo4pmEzDK,Katha|Stuti|Wealth,Stuti|Wealth,title_match:1.000|line:1020
Mantra-Aur_audio_automation/new-tracks-payload.json,1163,श्री राम स्तुति,Shri Ram Stuti,https://youtu.be/leVoi6kkp3o?si=v3atP52xIcpUEFs8,Katha|Knowledge|Peace|Shloka|Stuti|Wealth,Peace|Stuti,title_match:1.000|line:774
Mantra-Aur_audio_automation/new-tracks-payload.json,1164,हनुमान स्तुति,Hanuman Stuti,https://youtu.be/CIl1O1GwOfk?si=0PLRHfGike1eIJPN,HanumanJi|Katha|Shloka|Stuti|Wealth,Stuti|Wealth,title_match:1.000|line:1074
Mantra-Aur_audio_automation/new-tracks-payload.json,1165,सरस्वती स्तुति,Saraswati Stuti,https://youtu.be/Njc1Hu6WPDU?si=2e_xq2AoGxLJomUg,Peace|Stuti|Wealth,Peace|Stuti,title_match:1.000|line:778
Mantra-Aur_audio_automation/new-tracks-payload.json,1169,नारायण स्तुति,Narayan Stuti,https://youtu.be/Im5TK-glA9M?si=9nkexVkWvXGF3cUA,Mantra|Peace|Stuti|VishnuJi|Wealth,Peace|Stuti,title_match:1.000|line:776
Mantra-Aur_audio_automation/new-tracks-payload.json,1170,दुर्गा स्तुति,Durga Stuti,https://youtu.be/Yof1Vrh5TK0?si=s3diaEG-5Tn4r_2c,DurjaJi|Mantra|Stuti|Wealth,Stuti|Wealth,title_match:1.000|line:1142
Mantra-Aur_audio_automation/new-tracks-payload.json,1171,विष्णु स्तुति,Vishnu Stuti,https://youtu.be/NE3SWh9_vR4?si=z8FGFGAzZeFHBd2I,Aarti|Katha|Shloka|Stuti|VishnuJi|Wealth,Stuti|Wealth,title_match:1.000|line:1146
Mantra-Aur_audio_automation/new-tracks-payload.json,1172,श्री हनुमान चालीसा,Shri Hanuman Chalisa,https://youtu.be/AETFvQonfV8?si=YezmW2nYi76Eoi6Q,Chalisa|HanumanJi|Katha|Strength|Wealth,Chalisa|Wealth,title_match:1.000|line:1221
Mantra-Aur_audio_automation/new-tracks-payload.json,1173,श्री गणेश चालीसा,Shri Ganesh Chalisa,https://youtu.be/WyHFSjN0miU?si=pCUb4V5RltoNG-DB,Chalisa|GaneshJi|Katha|Strength|Wealth,Chalisa|GaneshJi,title_match:1.000|line:176
Mantra-Aur_audio_automation/new-tracks-payload.json,1174,श्री लक्ष्मी चालीसा,Shri Lakshmi Chalisa,https://youtu.be/aLKLcvJZ2Hc?si=LghSz9KgBnH3YqXK,Chalisa|LakshmiJi|Shloka|Strength|Wealth,Chalisa|LakshmiJi,title_match:1.000|line:305
Mantra-Aur_audio_automation/new-tracks-payload.json,1175,श्री दुर्गा चालीसा,Shri Durga Chalisa,https://youtu.be/fsMzgFMMGxA?si=vMcngDgu3vYUf4te,Chalisa|DurjaJi|Strength|Wealth,Chalisa|DurjaJi,title_match:1.000|line:619
Mantra-Aur_audio_automation/new-tracks-payload.json,1177,इतनी शक्ति हमें देना दाता,Itni Shakti Humein Dena Data,https://youtu.be/3EnLaJKhO2A?si=7gCDpVLnLz5KZhbG,Chalisa|Stuti|Wealth,Stuti|Wealth,title_match:1.000|line:1159
Mantra-Aur_audio_automation/new-tracks-payload.json,1178,राम नाम के हीरे मोती,Ram Naam Ke Heere Moti,https://youtu.be/6BJR_j4FHz4?si=hRLU-bLSvuuKWHgs,Bhajan|Chalisa|Katha|Ramji|Stuti|Wealth,Bhajan|Ramji,title_match:1.000|line:434
Mantra-Aur_audio_automation/new-tracks-payload.json,1179,ऐसी लागी लगन,Aisi Lagi Lagan,https://youtu.be/dnCE-kSHES0?si=cYpIjXtwIhaE19YB,Chalisa|Katha|Stuti|Wealth,Stuti|Wealth,title_match:1.000|line:1033
Mantra-Aur_audio_automation/new-tracks-payload.json,1180,ओ पालनहारे,O Palanhare,https://youtu.be/kbMinfmC3E0?si=EORk1j1UQxAqRLLu,Chalisa|Stuti|Wealth,Stuti|Wealth,title_match:1.000|line:1091
Mantra-Aur_audio_automation/new-tracks-payload.json,1181,मेरा आपकी कृपा से,Mera Aapki Kripa Se,https://youtu.be/C9EespXQCGE?si=IyEpmHHsEOLzOuXF,Chalisa|Stuti|Wealth,Stuti|Wealth,title_match:1.000|line:1092
Mantra-Aur_audio_automation/new-tracks-payload.json,1184,अच्युतम केशवम,Achyutam Keshavam,https://youtu.be/3yczGKnskts?si=FvdBzJon0L1sUzSE,Bhajan|Chalisa|Katha|KrishnaJi|Peace|Shloka|Stuti|VishnuJi|Wealth,Peace,title_match:1.000|line:753
Mantra-Aur_audio_automation/new-tracks-payload.json,1187,कर्म श्लोक,Karm Shlok,https://youtu.be/m0VD0vSXNXQ?si=rYvcj8atb4ReJtxk,KrishnaJi|Shloka|Wealth,Shloka|Wealth,title_match:1.000|line:1242
Mantra-Aur_audio_automation/new-tracks-payload.json,1189,गणेश श्लोक,Ganesha Shlok,https://youtube.com/shorts/1mCkCzBIvDo?si=gbomNeAXomyRR6Xw,Katha|Shloka|Wealth,Shloka|Wealth,title_match:1.000|line:1099
Mantra-Aur_audio_automation/new-tracks-payload.json,1190,बुद्धि श्लोक,Buddhi Shlok,https://youtu.be/nwRoHC83wx0?si=f1Akd4C3BSvXNJaE,Katha|Knowledge|Mantra|Peace|Shloka|Wealth,Shloka|Wealth,title_match:1.000|line:1245
Mantra-Aur_audio_automation/new-tracks-payload.json,1193,शांति-विजय,Shanti-Vijay,https://youtu.be/vfzibQrVPoM?si=y7xPU6cE7-JtCkvc,Peace|Shloka|Wealth,Shloka|Wealth,title_match:1.000|line:1248
Mantra-Aur_audio_automation/new-tracks-payload.json,1195,गणेश गायत्री,Ganesh Gayatri,https://youtu.be/dkVlpm1mKFI?si=vJFkS8R3-PMxX_Ji,GaneshJi|Katha|Mantra|Shloka|Wealth,GaneshJi|Mantra,title_match:1.000|line:154
Mantra-Aur_audio_automation/new-tracks-payload.json,1196,लक्ष्मी बीज मंत्र,Lakshmi Beej Mantra,https://youtu.be/bcs4geISuy0?si=iIlUMsgUwP0VAQdf,Katha|LakshmiJi|Mantra|Peace|Shloka|Wealth,Shloka|Wealth,title_match:1.000|line:1260
Mantra-Aur_audio_automation/new-tracks-payload.json,1197,कुबेर मंत्र,Kuber Mantra,https://youtu.be/bcs4geISuy0?si=iIlUMsgUwP0VAQdf,Katha|LakshmiJi|Mantra|Peace|Shloka|Wealth,Shloka|Wealth,title_match:1.000|line:1261
Mantra-Aur_audio_automation/new-tracks-payload.json,1198,श्री सूक्तम,Shri Suktam,https://youtu.be/OC7LQxuhQUU?si=Dk4q0uGOrbCSfm7I,LakshmiJi|Shloka|Strotam|Wealth,LakshmiJi|Strotam,title_match:1.000|line:295
Mantra-Aur_audio_automation/new-tracks-payload.json,1199,वक्रतुण्ड महाकाय,Vakratunda Mahakaya,https://youtube.com/shorts/1mCkCzBIvDo?si=gbomNeAXomyRR6Xw,Katha|Shloka|Wealth,Shloka|Wealth,title_match:1.000|line:1263
Mantra-Aur_audio_automation/new-tracks-payload.json,1200,लक्ष्मी गायत्री,Lakshmi Gayatri,https://youtu.be/HeqiNrjiCfk?si=EyUBWgbK16-rLLp0,LakshmiJi|Mantra|Shloka|Wealth,Shloka|Wealth,title_match:1.000|line:1264
Mantra-Aur_audio_automation/new-tracks-payload.json,1201,सरस्वती मंत्र,Saraswati Mantra,https://youtu.be/-NqX8zOZ62w?si=DWcjvgR9t3KYkz-D,Knowledge|Mantra|Peace|Shloka|Wealth,Mantra|Peace,title_match:1.000|line:739
Mantra-Aur_audio_automation/new-tracks-payload.json,1202,गणेश मूल मंत्र,Ganesh Mool Mantra,https://youtu.be/Naruxgq6oMU?si=xqSFGrw15ZFcqKY-,GaneshJi|Katha|Knowledge|Mantra|Peace|Shloka|Wealth,Shloka|Wealth,title_match:1.000|line:1266
Mantra-Aur_audio_automation/new-tracks-payload.json,1203,महालक्ष्मी अष्टकम,Mahalakshmi Ashtakam,https://youtube.com/shorts/7BEYmt8EeX8?si=kqi58ODFW_qjBs1A,Shloka|Strotam|Wealth,Strotam|Wealth,title_match:1.000|line:1196
Mantra-Aur_audio_automation/new-tracks-payload.json,1204,विष्णु वंदना,Vishnu Vandana,https://youtu.be/XAxNnRPoyiU?si=SzEsaZlOfS48Hd-b,Knowledge|Shloka|Stuti|VishnuJi|Wealth,Shloka|Wealth,title_match:1.000|line:1268
Mantra-Aur_audio_automation/new-tracks-payload.json,1205,गायत्री मंत्र,Gayatri Mantra,https://youtu.be/nwRoHC83wx0?si=f1Akd4C3BSvXNJaE,Katha|Knowledge|Mantra|Peace|Shloka|Wealth,Mantra|Peace,title_match:1.000|line:730
Mantra-Aur_audio_automation/new-tracks-payload.json,1206,ओम जय लक्ष्मी माता,Om Jai Lakshmi Mata,https://youtu.be/zdZ67AM47u8?si=Ff03RfC0f0Fll-oI,Aarti|Shloka|Wealth,Shloka|Wealth,title_match:1.000|line:1273
Mantra-Aur_audio_automation/new-tracks-payload.json,1207,जय गणेश देवा,Jai Ganesh Deva,https://youtu.be/Yuex2EnsGiY?si=0_Pq00ZXiWo3JeVx,Aarti|GaneshJi|Katha|Shloka|Wealth,Aarti|GaneshJi,title_match:1.000|line:188
Mantra-Aur_audio_automation/new-tracks-payload.json,1208,ओम जय जगदीश हरे,Om Jai Jagdish Hare,https://youtu.be/NE3SWh9_vR4?si=oJOVnsbkOB7Qxw5b,Aarti|Katha|Shloka|Stuti|VishnuJi|Wealth,Aarti|VishnuJi,title_match:1.000|line:256
Mantra-Aur_audio_automation/new-tracks-payload.json,1209,श्री कुबेर आरती,Shri Kuber Aarti,https://youtu.be/c0J1WntPaDg?si=PMqDiJZ9LjbiqiFk,Aarti|Shloka|Wealth,Shloka|Wealth,title_match:1.000|line:1276
Mantra-Aur_audio_automation/new-tracks-payload.json,1210,महालक्ष्मी अष्टकम,Mahalakshmi Ashtakam,https://youtube.com/shorts/7BEYmt8EeX8?si=kqi58ODFW_qjBs1A,Shloka|Strotam|Wealth,Strotam|Wealth,title_match:1.000|line:1196
Mantra-Aur_audio_automation/new-tracks-payload.json,1211,श्री सूक्तम,Shri Suktam,https://youtu.be/OC7LQxuhQUU?si=Dk4q0uGOrbCSfm7I,LakshmiJi|Shloka|Strotam|Wealth,LakshmiJi|Strotam,title_match:1.000|line:295
Mantra-Aur_audio_automation/new-tracks-payload.json,1214,जय गणेश जय गणेश देवा,Jai Ganesh Jai Ganesh Deva,https://youtu.be/Yuex2EnsGiY?si=SN2TjtMVVhHmp7gl,Aarti|GaneshJi|Katha|Shloka|Wealth,Aarti|GaneshJi,title_match:1.000|line:188
Mantra-Aur_audio_automation/new-tracks-payload.json,1215,लक्ष्मी चालीसा,Lakshmi Chalisa,https://youtu.be/aLKLcvJZ2Hc?si=LghSz9KgBnH3YqXK,Chalisa|LakshmiJi|Shloka|Strength|Wealth,Chalisa|Strength,title_match:1.000|line:858
Mantra-Aur_audio_automation/new-tracks-payload.json,1216,श्री राम स्तुति,Shri Ram Stuti,https://youtu.be/leVoi6kkp3o?si=v3atP52xIcpUEFs8,Katha|Knowledge|Peace|Shloka|Stuti|Wealth,Peace|Stuti,title_match:1.000|line:774
Mantra-Aur_audio_automation/new-tracks-payload.json,1217,अच्युतम केशवम कृष्ण दामोदरम,Achyutam Keshavam Krishna Damodaram,https://youtu.be/3yczGKnskts?si=kXnjK3iThd_asoFy,Bhajan|Chalisa|Katha|KrishnaJi|Peace|Shloka|Stuti|VishnuJi|Wealth,Bhajan|VishnuJi,title_match:1.000|line:266
Mantra-Aur_audio_automation/new-tracks-payload.json,1218,ठुमक चलत रामचंद्र,Thumak Chalat Ramchandra,https://youtu.be/PT1CwFIoc98?si=xAYsyfQq1WC7E0z_,Bhajan|Katha|Ramji|Shloka|Wealth,Shloka|Wealth,title_match:1.000|line:1288
Mantra-Aur_audio_automation/new-tracks-payload.json,1219,महालक्ष्मी कवच,Mahalakshmi Kavach,https://youtu.be/OvimStyyQWI?si=SwrQDOQ7f47RApTT,LakshmiJi|Shloka|Strotam|Wealth,LakshmiJi|Strotam,title_match:1.000|line:299
Mantra-Aur_audio_automation/new-tracks-payload.json,1220,विष्णु सहस्रनाम,Vishnu Sahasranama,https://youtu.be/EvzntcbyjFU?si=hm8jdvkNsk7IYzFJ,Katha|Shloka|Wealth,Shloka|Wealth,title_match:1.000|line:1290
Mantra-Aur_audio_automation/new-tracks-payload.json,1221,मूल मंत्र,Mool Mantra,https://youtu.be/felGgBmnx-I?si=YoB5C1tli8tX3Kpx,Katha|KrishnaJi|Mantra|Shloka|Wealth,Katha|Wealth,title_match:1.000|line:1303
Mantra-Aur_audio_automation/new-tracks-payload.json,1222,महामंत्र,Mahamantra,https://youtu.be/Zdcth9NndEA?si=cBoFKjOpIFF2NbjP,Katha|KrishnaJi|Mantra|Peace|Wealth,KrishnaJi|Mantra,title_match:1.000|line:522
Mantra-Aur_audio_automation/new-tracks-payload.json,1223,कृष्ण गायत्री,Krishna Gayatri,https://youtu.be/yzwVyns93nc?si=UqzAJ3pjM1DUhsI7,Katha|KrishnaJi|Mantra|Wealth,KrishnaJi|Mantra,title_match:1.000|line:525
Mantra-Aur_audio_automation/new-tracks-payload.json,1225,कृष्ण बीज मंत्र,Krishna Beej Mantra,https://youtu.be/WqiKUywr55o?si=sx_88WGHIxnkZoNM,Katha|KrishnaJi|Mantra|Wealth,Katha|Wealth,title_match:1.000|line:1307
Mantra-Aur_audio_automation/new-tracks-payload.json,1227,शरण मंत्र,Sharan Mantra,https://youtu.be/1y2tRqtND1Y?si=j1s6RWWKKwE9EShB,Katha|KrishnaJi|Mantra|Peace|Wealth,Katha|Wealth,title_match:1.000|line:1309
Mantra-Aur_audio_automation/new-tracks-payload.json,1229,मधुराष्टकम,Madhurashtakam,https://youtu.be/sdZpM8paUnM?si=nAeAA34E_6X4S8uO,Ashtakam|Katha|Peace|Strotam|Wealth,Ashtakam|Peace,title_match:1.000|line:762
Mantra-Aur_audio_automation/new-tracks-payload.json,1230,अच्युतम केशवम,Achyutam Keshavam,https://youtu.be/3yczGKnskts?si=kXnjK3iThd_asoFy,Bhajan|Chalisa|Katha|KrishnaJi|Peace|Shloka|Stuti|VishnuJi|Wealth,Peace,title_match:1.000|line:753
Mantra-Aur_audio_automation/new-tracks-payload.json,1231,आरती कुंज बिहारी की,Aarti Kunj Bihari Ki,https://youtu.be/EMO1AT1UQf0?si=MkZfeLJzerN3VqU3,Aarti|Katha|KrishnaJi|Wealth,Katha|Wealth,title_match:1.000|line:1316
Mantra-Aur_audio_automation/new-tracks-payload.json,1232,जय गणेश देवा,Jai Ganesh Deva,https://youtu.be/Yuex2EnsGiY?si=0_Pq00ZXiWo3JeVx,Aarti|GaneshJi|Katha|Shloka|Wealth,Aarti|GaneshJi,title_match:1.000|line:188
Mantra-Aur_audio_automation/new-tracks-payload.json,1233,बांके बिहारी की आरती,Banke Bihari Ki Aarti,https://youtu.be/6LO2PRgbutc?si=5jlVXHicQQJxmGEG,Aarti|Katha|KrishnaJi|Wealth,Katha|Wealth,title_match:1.000|line:1318
Mantra-Aur_audio_automation/new-tracks-payload.json,1234,ओम जय जगदीश हरे,Om Jai Jagdish Hare,https://youtu.be/NE3SWh9_vR4?si=oJOVnsbkOB7Qxw5b,Aarti|Katha|Shloka|Stuti|VishnuJi|Wealth,Aarti|VishnuJi,title_match:1.000|line:256
Mantra-Aur_audio_automation/new-tracks-payload.json,1235,मधुराष्टकम (अधरं मधुरं),Madhurashtakam (Adharam Madhuram),https://youtu.be/sdZpM8paUnM?si=nAeAA34E_6X4S8uO,Ashtakam|Katha|Peace|Strotam|Wealth,Katha|Wealth,title_match:1.000|line:1324
Mantra-Aur_audio_automation/new-tracks-payload.json,1236,अच्युतम केशवम कृष्ण दामोदरम,Achyutam Keshavam Krishna Damodaram,https://youtu.be/3yczGKnskts?si=kXnjK3iThd_asoFy,Bhajan|Chalisa|Katha|KrishnaJi|Peace|Shloka|Stuti|VishnuJi|Wealth,Bhajan|VishnuJi,title_match:1.000|line:266
Mantra-Aur_audio_automation/new-tracks-payload.json,1237,यशोमती मैया से बोले नंदलाला,Yashomati Maiya Se Bole Nandlala,https://youtu.be/RIYVVqu2XY4?si=zZcShWvTzV_kAWCQ,Katha|Stuti|Wealth,Katha|Wealth,title_match:1.000|line:1326
Mantra-Aur_audio_automation/new-tracks-payload.json,1240,छोटी छोटी गईया छोटे छोटे ग्वाल,Chhoti Chhoti Gaiya Chhote Chhote Gwal,https://youtu.be/XzqJUoSDHZU?si=8-LAQkUg8tq7ov6T,Bhajan|Katha|KrishnaJi|Stuti|Wealth,Bhajan|KrishnaJi,title_match:1.000|line:572
Mantra-Aur_audio_automation/new-tracks-payload.json,1242,श्याम तेरी बंसी पुकारे राधा नाम,Shyam Teri Bansi Pukare Radha Naam,https://youtu.be/XJqKbDxAa3U?si=8QX2YAec4EyoDiPP,Bhajan|Katha|KrishnaJi|Wealth,Bhajan|KrishnaJi,title_match:1.000|line:573
Mantra-Aur_audio_automation/new-tracks-payload.json,1244,ऐसी लागी लगन मीरा हो गई मगन,Aisi Lagi Lagan Meera Ho Gayi Magan,https://youtu.be/dnCE-kSHES0?si=yTCI8n72etTZr0XL,Chalisa|Katha|Stuti|Wealth,Katha|Wealth,title_match:1.000|line:1333
Mantra-Aur_audio_automation/new-tracks-payload-deduped.json,0,पंचाक्षरी मन्त्र,Panchakshari Mantra,https://youtu.be/bc1obsjb58c?si=oQIb1G1Fx1wOJ8Gw,Mantra|Peace|Shivji|Shloka|Strength|Wealth,Mantra|Shivji,title_match:1.000|line:5
Mantra-Aur_audio_automation/new-tracks-payload-deduped.json,1,महामृत्युंजय मंत्र,Mahamrityunjay Mantra,https://youtu.be/OV9LXGOXjgs?si=0izGm1eYkmBS0343,Katha|Mantra|Peace|Shivji|Shloka|Strength|Wealth,Mantra|Shivji,title_match:1.000|line:6
Mantra-Aur_audio_automation/new-tracks-payload-deduped.json,2,रुद्र मंत्र,Rudra Mantra,https://youtu.be/iEAPaA9Yf1s?si=lGmdeqXsCqtQQzx1,Katha|Mantra|Shivji|Wealth,Mantra|Shivji,title_match:1.000|line:7
Mantra-Aur_audio_automation/new-tracks-payload-deduped.json,3,शिव गायत्री मंत्र,Shiv Gayatri Mantra,https://youtu.be/ytV08faCJwg?si=eXY_cZGO-FsueNS1,Katha|Mantra|Shivji|Wealth,Mantra|Shivji,title_match:1.000|line:8
Mantra-Aur_audio_automation/new-tracks-payload-deduped.json,4,शिव स्तुति मंत्र,Shiv Stuti Mantra,https://youtu.be/Ly_Md1OOyTE?si=nCT-_G7dkRiPuF7QQ,Katha|Mantra|Shivji|Shloka|Wealth,Mantra|Shivji,title_match:1.000|line:9
Mantra-Aur_audio_automation/new-tracks-payload-deduped.json,5,शिव तांडव स्तोत्रम (संक्षिप्त अंश - रावण रचित) [1],Shiv Tandav Stotram,https://youtu.be/S980-z1qx3g?si=skvwCt7XGHenuWbP,Katha|Shivji|Strength|Strotam|Wealth,Shivji|Strotam,title_match:1.000|line:12
Mantra-Aur_audio_automation/new-tracks-payload-deduped.json,6,शिव पंचाक्षर स्तोत्रम्:,Shiv Panchakshar Stotram:,https://youtu.be/3rJ4HVA9cII?si=euKFMGNZX2c0rt5p,Shivji|Strotam|Wealth,Shivji|Strotam,title_match:1.000|line:21
Mantra-Aur_audio_automation/new-tracks-payload-deduped.json,9,शिव चालीसा,Shiv Chalisa,https://youtu.be/-mUoM-sSzkc?si=a3TP0d2Z_b5S-kCr,Chalisa|Shivji|Strength,Chalisa|Shivji,title_match:1.000|line:36
Mantra-Aur_audio_automation/new-tracks-payload-deduped.json,14,शिव शंकर को जिसने पूजा,Shiv Shankar Ko Jisne Puja,https://youtu.be/w7HbgKcQS_w?si=KCJVUE_VkpIA8tKc,Bhajan|Katha|Shivji|Stuti|Wealth,Bhajan|Shivji,title_match:1.000|line:58
Mantra-Aur_audio_automation/new-tracks-payload-deduped.json,28,हनुमान बीज मंत्र,Hanuman Beej Mantra,https://youtu.be/o5Uk1sxGBZU?si=aIuPQqmzIrromxMt,HanumanJi|Mantra|Strength,HanumanJi|Mantra,title_match:1.000|line:79
Mantra-Aur_audio_automation/new-tracks-payload-deduped.json,29,हनुमान गायत्री मंत्र:,Hanuman Gayatri Mantra:,https://youtu.be/AXDLxXIbxAs?si=LRLn7ZBIQYzSWhry,HanumanJi|Mantra|Shloka,HanumanJi|Mantra,title_match:1.000|line:80
Mantra-Aur_audio_automation/new-tracks-payload-deduped.json,30,मनोजवं मारुततुल्यवेगं मंत्र:,Manojavam Marutatulyavegam Mantra:,https://youtu.be/iWd6VAWduZg?si=qrMcv4ayCSmC3X_q,HanumanJi|Katha|Mantra|Shloka|Strength|Stuti|Wealth,HanumanJi|Mantra,title_match:1.000|line:82
Mantra-Aur_audio_automation/new-tracks-payload-deduped.json,33,प्रमुख मंत्र:,Pramukh Mantra:,https://youtu.be/FUpzgvsWkL8?si=XDpQmK9jpt227gC0,HanumanJi|Katha|Mantra|Shloka|Wealth,HanumanJi|Mantra,title_match:1.000|line:88
Mantra-Aur_audio_automation/new-tracks-payload-deduped.json,39,हनुमान चालीसा,Hanuman Chalisa,https://youtu.be/AETFvQonfV8?si=YezmW2nYi76Eoi6Q,Chalisa|HanumanJi|Katha|Strength|Wealth,Chalisa|HanumanJi,title_match:1.000|line:107
Mantra-Aur_audio_automation/new-tracks-payload-deduped.json,40,संकटमोचन हनुमान अष्टक,Sankatmochan Hanuman Ashtak,https://youtu.be/HH_a6aRO1TE?si=oQ72oac9OI-c9FEL,Ashtakam|Bhajan|HanumanJi|Katha|Strength|Strotam|Wealth,Ashtakam|HanumanJi,title_match:1.000|line:111
Mantra-Aur_audio_automation/new-tracks-payload-deduped.json,41,"अतुलितबलधामं हेमशैलाभदेहं,","Atulitbaladhamam Hemashailabhadeham,",https://youtu.be/CIl1O1GwOfk?si=l5pF_ixmqVuHcdOn,HanumanJi|Katha|Shloka|Stuti|Wealth,HanumanJi|Stuti,title_match:1.000|line:114
Mantra-Aur_audio_automation/new-tracks-payload-deduped.json,42,आरती कीजै हनुमान लला की,Aarti Keeje Hanuman Lala Ki,https://youtu.be/r7GJ8GoGSD8?si=5vKJpH3tM6QoFwzl,Aarti|HanumanJi|Katha|Wealth,Aarti|HanumanJi,title_match:1.000|line:117
Mantra-Aur_audio_automation/new-tracks-payload-deduped.json,44,हनुमान गायत्री,Hanuman Gayatri,https://youtu.be/AXDLxXIbxAs?si=61Ag66LJRXixtINz,HanumanJi|Mantra|Shloka,HanumanJi|Shloka,title_match:1.000|line:123
Mantra-Aur_audio_automation/new-tracks-payload-deduped.json,47,अतुलितबलधामं श्लोक,Atulitbaladhamam Shlok,https://youtu.be/CIl1O1GwOfk?si=0PLRHfGike1eIJPN,HanumanJi|Katha|Shloka|Stuti|Wealth,HanumanJi|Stuti,title_match:0.333|line:114
Mantra-Aur_audio_automation/new-tracks-payload-deduped.json,48,दुनिया चले न श्री राम के बिना,Duniya Chale Na Shri Ram Ke Bina,https://youtu.be/sDhrWWWBQLI?si=x0qKB6U3A5R2FSQr,Bhajan|HanumanJi|Katha|Wealth,Bhajan|HanumanJi,title_match:1.000|line:132
Mantra-Aur_audio_automation/new-tracks-payload-deduped.json,49,हे दुख भंजन मारुति नंदन,He Dukh Bhanjan Maruti Nandan,https://youtu.be/n4fZknyZlsk?si=W6avmHz2Bl7IEuMr,Bhajan|HanumanJi|Katha|Stuti|Wealth,Bhajan|HanumanJi,title_match:1.000|line:133
Mantra-Aur_audio_automation/new-tracks-payload-deduped.json,51,संकट मोचन नाम तिहारो,Sankat Mochan Naam Tiharo,https://youtu.be/HH_a6aRO1TE?si=rTY4-xxT-cJfpz4W,Ashtakam|Bhajan|HanumanJi|Katha|Strength|Strotam|Wealth,Bhajan|HanumanJi,title_match:1.000|line:135
Mantra-Aur_audio_automation/new-tracks-payload-deduped.json,52,बजरंग बली मेरी नाव चली,Bajrang Bali Meri Naav Chali,https://youtu.be/eH89BxWg9P4?si=5IOyC_otVc9JKSFd,Bhajan|HanumanJi|Katha|Wealth,Bhajan|HanumanJi,title_match:1.000|line:136
Mantra-Aur_audio_automation/new-tracks-payload-deduped.json,57,हनुमान जनम कथा,Hanuman Janm Katha,https://youtu.be/JGi64RoqZ9g?si=LzuKJAoqe1TsPcav,HanumanJi|Katha|Wealth,HanumanJi|Katha,title_match:1.000|line:143
Mantra-Aur_audio_automation/new-tracks-payload-deduped.json,60,मूल बीज मंत्र,Mool Beej Mantra,https://youtu.be/Naruxgq6oMU?si=FcMrbfkDJoW6MNjX,GaneshJi|Katha|Knowledge|Mantra|Peace|Shloka|Wealth,GaneshJi|Mantra,title_match:1.000|line:151
Mantra-Aur_audio_automation/new-tracks-payload-deduped.json,62,गणेश गायत्री,Ganesh Gayatri,https://youtu.be/dkVlpm1mKFI?si=crdKp9jnOOfpOZx7,GaneshJi|Katha|Mantra|Shloka|Wealth,GaneshJi|Mantra,title_match:1.000|line:154
Mantra-Aur_audio_automation/new-tracks-payload-deduped.json,66,श्री संकटनाशन गणेश स्तोत्र:,Shri Sankatnashan Ganesh Stotra:,https://youtu.be/aTFeZxXkL78?si=m5lUjY4i8013BWXj,GaneshJi|Katha|Strotam|Wealth,GaneshJi|Strotam,title_match:1.000|line:460
Mantra-Aur_audio_automation/new-tracks-payload-deduped.json,67,गणेश अथर्वशीर्ष:,Ganesh Atharvashirsha:,https://youtu.be/Tssx17scqO4?si=uOt96Cx7Sz5DPI5b,GaneshJi|Katha|Strotam|Wealth,GaneshJi|Strotam,title_match:1.000|line:164
Mantra-Aur_audio_automation/new-tracks-payload-deduped.json,69,श्री गणेश कवच:,Shri Ganesh Kavach:,https://youtu.be/av9FFShVYBU?si=Ad06fEsAnohtH32q,GaneshJi|Katha|Strotam|Wealth,GaneshJi|Strotam,title_match:1.000|line:170
Mantra-Aur_audio_automation/new-tracks-payload-deduped.json,72,श्री गणेश चालीसा,Shri Ganesh Chalisa,https://youtu.be/WyHFSjN0miU?si=pCUb4V5RltoNG-DB,Chalisa|GaneshJi|Katha|Strength|Wealth,Chalisa|GaneshJi,title_match:1.000|line:176
Mantra-Aur_audio_automation/new-tracks-payload-deduped.json,73,श्री गणेशपञ्चरत्नम्,Shri Ganeshpancharatnam,https://youtu.be/vYFOV9nj-_w?si=r49ExtqDfppGq1cg,Ashtakam|GaneshJi|Katha|Knowledge|Strotam|Wealth,Ashtakam|GaneshJi,title_match:1.000|line:179
Mantra-Aur_audio_automation/new-tracks-payload-deduped.json,77,जय गणेश जय गणेश देवा,Jai Ganesh Jai Ganesh Deva,https://youtu.be/Yuex2EnsGiY?si=SN2TjtMVVhHmp7gl,Aarti|GaneshJi|Katha|Shloka|Wealth,Aarti|GaneshJi,title_match:1.000|line:188
Mantra-Aur_audio_automation/new-tracks-payload-deduped.json,78,सुखकर्ता दुखहर्ता वार्ता विघ्नाची,Sukhakarta Dukhaharta Varta Vighnachi,https://youtu.be/gFr5p5AyuD0?si=QD5VW5nRGb8TXEFJ,Aarti|GaneshJi|Katha|Wealth,Aarti|GaneshJi,title_match:1.000|line:189
Mantra-Aur_audio_automation/new-tracks-payload-deduped.json,79,शेंदूर लाल चढ़ायो अच्छा गजमुख को,Shendur Lal Chadhayo Achchha Gajmukh Ko,https://youtu.be/bo62sjQ0CmE?si=t1lAn32pD2F23gVQ,Aarti|GaneshJi|Katha|Wealth,Aarti|GaneshJi,title_match:1.000|line:190
Mantra-Aur_audio_automation/new-tracks-payload-deduped.json,83,गजाननं श्लोक,Gajananm Shloka,https://youtu.be/6fl5JFL-SoA?si=uMzDR8I4B2c9dy8-,GaneshJi|Knowledge|Shloka|Stuti,Knowledge|Stuti,title_match:0.200|line:894
Mantra-Aur_audio_automation/new-tracks-payload-deduped.json,87,घर में पधारो,Ghar Mein Padharo,https://youtu.be/nLUmRxc6140?si=tDzujtf2OLcvCbDf,Bhajan|GaneshJi|Katha|Wealth,Katha|Wealth,title_match:0.600|line:1472
Mantra-Aur_audio_automation/new-tracks-payload-deduped.json,89,तेरी जय हो गणेश,Teri Jai Ho Ganesh,https://youtu.be/enalr0CvqVM?si=WMYDWThqcqx9a4pP,Bhajan|GaneshJi|Katha|Wealth,Bhajan|GaneshJi,title_match:1.000|line:204
Mantra-Aur_audio_automation/new-tracks-payload-deduped.json,98,ॐ नमो नारायणाय,Om Namo Narayanaya,https://youtu.be/BLn-f2DZN4Y?si=tdz0GGjNGQIWYzX4,Mantra|Peace|VishnuJi,Mantra|VishnuJi,title_match:1.000|line:220
Mantra-Aur_audio_automation/new-tracks-payload-deduped.json,99,श्रीमन नारायण नारायण हरी हरी,Shriman Narayan Narayan Hari Hari,https://youtu.be/MuVrsDfgwI0?si=TpM7uKaIrn00Acbk,Bhajan|Mantra|VishnuJi,Mantra|VishnuJi,title_match:1.000|line:221
Mantra-Aur_audio_automation/new-tracks-payload-deduped.json,104,शान्ताकारं भुजगशयनं पद्मनाभं सुरेशं,Shantakaram Bhujagashayanam Padmanabham Suresham,https://youtu.be/Im5TK-glA9M?si=HrtM-508EyU_APJO,Mantra|Peace|Stuti|VishnuJi|Wealth,Mantra|VishnuJi,title_match:1.000|line:227
Mantra-Aur_audio_automation/new-tracks-payload-deduped.json,106,विष्णु सहस्रनाम स्तोत्रम्:,Vishnu Sahasranama Stotram:,https://youtu.be/zKC17254flc?si=1RLal5iLIRaiuuMb,Strength|Strotam|VishnuJi,Strotam|VishnuJi,title_match:1.000|line:232
Mantra-Aur_audio_automation/new-tracks-payload-deduped.json,108,लक्ष्मी नारायण स्तोत्र,Lakshmi Narayan Stotra,https://youtu.be/EkAUXHqqaLk?si=c4jgf8zmawRwmVRl,Strotam|VishnuJi|Wealth,Strotam|VishnuJi,title_match:1.000|line:235
Mantra-Aur_audio_automation/new-tracks-payload-deduped.json,110,नारायण सुक्तम,Narayan Suktam,https://youtu.be/vLP6gdiDbOU?si=jO6MgHWC3vJEyRrd,Strotam|VishnuJi|Wealth,Strotam|VishnuJi,title_match:1.000|line:238
Mantra-Aur_audio_automation/new-tracks-payload-deduped.json,112,श्री हरि स्तोत्रम्,Shri Hari Stotram,https://youtu.be/gsHIPGDctJ0?si=0M-JKLTSQ47e8TaB,Peace|Strotam|VishnuJi,Strotam|VishnuJi,title_match:1.000|line:242
Mantra-Aur_audio_automation/new-tracks-payload-deduped.json,115,श्री विष्णु स्तुति,Shri Vishnu Stuti,https://youtu.be/XAxNnRPoyiU?si=SzEsaZlOfS48Hd-b,Knowledge|Shloka|Stuti|VishnuJi|Wealth,Stuti|VishnuJi,title_match:1.000|line:252
Mantra-Aur_audio_automation/new-tracks-payload-deduped.json,116,ओम जय जगदीश हरे,Om Jai Jagdish Hare,https://youtu.be/NE3SWh9_vR4?si=oJOVnsbkOB7Qxw5b,Aarti|Katha|Shloka|Stuti|VishnuJi|Wealth,Aarti|VishnuJi,title_match:1.000|line:256
Mantra-Aur_audio_automation/new-tracks-payload-deduped.json,118,यदा यदा ही धर्मस्य,Yada Yada Hi Dharmasya,https://youtu.be/1AOgbhmP0ig?si=41xOtRemY_fBbdT2,KrishnaJi|Shloka|VishnuJi,Shloka|VishnuJi,title_match:1.000|line:260
Mantra-Aur_audio_automation/new-tracks-payload-deduped.json,119,कायेन वाचा,Kayena Vacha,https://youtu.be/CAc9h7oTjrM?si=oeZgKcwyJsEpKqOo,Shloka|VishnuJi|PoojaKeSamay,Shloka|VishnuJi,title_match:1.000|line:261
Mantra-Aur_audio_automation/new-tracks-payload-deduped.json,121,त्वमेव माता च पिता त्वमेव,Tvameva Mata Cha Pita Tvameva,https://youtu.be/JSVctoNlPKs?si=W7kvcuUvTsv_KM5A,Peace|Shloka|VishnuJi,Shloka|VishnuJi,title_match:1.000|line:263
Mantra-Aur_audio_automation/new-tracks-payload-deduped.json,122,अच्युतम केशवम कृष्ण दामोदरम,Achyutam Keshavam Krishna Damodaram,https://youtu.be/3yczGKnskts?si=--z5nTrp4XW8mSRd,Bhajan|Chalisa|Katha|KrishnaJi|Peace|Shloka|Stuti|VishnuJi|Wealth,Bhajan|VishnuJi,title_match:1.000|line:266
Mantra-Aur_audio_automation/new-tracks-payload-deduped.json,123,श्रीमन नारायण नारायण हरी हरी,Shriman Narayan Narayan Hari Hari,https://youtu.be/MuVrsDfgwI0?si=ttg63rMJqtDATiJg,Bhajan|Mantra|VishnuJi,Mantra|VishnuJi,title_match:1.000|line:221
Mantra-Aur_audio_automation/new-tracks-payload-deduped.json,133,शालिग्राम बनने की कथा,Shaligram Banne Ki Katha,https://youtu.be/Ik_zhFLWVA0?si=cC6xuVXf48XoS0dP,Katha|VishnuJi|Wealth,Katha|VishnuJi,title_match:1.000|line:279
Mantra-Aur_audio_automation/new-tracks-payload-deduped.json,135,महालक्ष्मी बीज मंत्र,Mahalakshmi Beej Mantra,https://youtu.be/bcs4geISuy0?si=iIlUMsgUwP0VAQdf,Katha|LakshmiJi|Mantra|Peace|Shloka|Wealth,LakshmiJi|Mantra,title_match:1.000|line:286
Mantra-Aur_audio_automation/new-tracks-payload-deduped.json,136,ॐ श्री महालक्ष्म्यै नमः,Om Shri Mahalakshmyai Namah,https://youtu.be/g_czAYo3MKQ?si=gMXItXZe4oVrD-co,LakshmiJi|Mantra|Wealth,LakshmiJi|Mantra,title_match:1.000|line:287
Mantra-Aur_audio_automation/new-tracks-payload-deduped.json,137,लक्ष्मी गायत्री मंत्र,Lakshmi Gayatri Mantra,https://youtu.be/HeqiNrjiCfk?si=euAnm4LHlwCrPpSH,LakshmiJi|Mantra|Shloka|Wealth,LakshmiJi|Mantra,title_match:1.000|line:288
Mantra-Aur_audio_automation/new-tracks-payload-deduped.json,138,श्री सिद्ध लक्ष्मी मंत्र,Shri Siddha Lakshmi Mantra,https://youtu.be/m8hvtU9Lzzk?si=Y9IBp48e1VidVKd4,LakshmiJi|Mantra|Wealth,LakshmiJi|Mantra,title_match:1.000|line:289
Mantra-Aur_audio_automation/new-tracks-payload-deduped.json,142,श्री सूक्तम:,Shri Suktam:,https://youtu.be/OC7LQxuhQUU?si=Dk4q0uGOrbCSfm7I,LakshmiJi|Shloka|Strotam|Wealth,LakshmiJi|Strotam,title_match:1.000|line:295
Mantra-Aur_audio_automation/new-tracks-payload-deduped.json,143,कनकधारा स्तोत्र:,Kanakadhara Stotra:,https://youtu.be/3Y1JGvieOBk?si=wIIGJG8nmjPlyBfv,LakshmiJi|Strotam|Wealth,LakshmiJi|Strotam,title_match:1.000|line:297
Mantra-Aur_audio_automation/new-tracks-payload-deduped.json,144,लक्ष्मी हृदय स्तोत्र,Lakshmi Hridaya Stotra,https://youtu.be/phOoGvDu_h4?si=XKx4FvAb65DYm0Vv,LakshmiJi|Strotam|Wealth,LakshmiJi|Strotam,title_match:1.000|line:298
Mantra-Aur_audio_automation/new-tracks-payload-deduped.json,145,महालक्ष्मी कवच,Mahalakshmi Kavach,https://youtu.be/OvimStyyQWI?si=SwrQDOQ7f47RApTT,LakshmiJi|Shloka|Strotam|Wealth,LakshmiJi|Strotam,title_match:1.000|line:299
Mantra-Aur_audio_automation/new-tracks-payload-deduped.json,146,अष्टलक्ष्मी स्तोत्र,Ashtalakshmi Stotra,https://youtu.be/qb5EuozSWA0?si=1DOqyZO7j9BrmhKi,LakshmiJi|Strotam|Wealth,LakshmiJi|Strotam,title_match:1.000|line:300
Mantra-Aur_audio_automation/new-tracks-payload-deduped.json,148,श्री लक्ष्मी चालीसा,Shri Lakshmi Chalisa,https://youtu.be/aLKLcvJZ2Hc?si=LghSz9KgBnH3YqXK,Chalisa|LakshmiJi|Shloka|Strength|Wealth,Chalisa|LakshmiJi,title_match:1.000|line:305
Mantra-Aur_audio_automation/new-tracks-payload-deduped.json,153,नमस्तेऽस्तु महामाये,Namastestu Mahamaye,https://youtu.be/RDWtngDhknA?si=6BoczvScrpmaOros,LakshmiJi|Shloka|Strotam|Wealth,LakshmiJi|Shloka,title_match:0.250|line:320
Mantra-Aur_audio_automation/new-tracks-payload-deduped.json,160,लक्ष्मी जी की अवतार कथा |,Lakshmi Ji Ki Avatar Katha |,https://youtu.be/BL5lLnsLUrA?si=tKilMUx3mU_eIVe5,Katha|LakshmiJi|Wealth,Katha|LakshmiJi,title_match:1.000|line:331
Mantra-Aur_audio_automation/new-tracks-payload-deduped.json,172,शनि चालीसा,Shani Chalisa,https://youtu.be/MJ14wONWjWg?si=DEpgPZC7NuC6rPgX,Chalisa|ShaniiDevJi|Strength,Chalisa|ShaniiDevJi,title_match:1.000|line:351
Mantra-Aur_audio_automation/new-tracks-payload-deduped.json,188,ॐ रामाय नमः,Om Ramaya Namah,https://youtu.be/CA8RcKyO0Y4?si=lQGTY9Ov96Uhu8JI,Katha|Mantra|Ramji|Wealth,Mantra|Ramji,title_match:1.000|line:385
Mantra-Aur_audio_automation/new-tracks-payload-deduped.json,189,ॐ राम रामाय नमः,Om Ram Ramaya Namah,https://youtu.be/-YVDlWff_5o?si=gNU9ViaghJWwBl-E,Katha|Mantra|Ramji|Wealth,Mantra|Ramji,title_match:1.000|line:386
Mantra-Aur_audio_automation/new-tracks-payload-deduped.json,190,श्री राम जय राम जय जय राम,Shri Ram Jai Ram Jai Jai Ram,https://youtu.be/-1udu-1LpOo?si=pmbGDDSFyq5uJhX0,Katha|Mantra|Peace|Ramji|Wealth,Mantra|Ramji,title_match:1.000|line:387
Mantra-Aur_audio_automation/new-tracks-payload-deduped.json,191,ॐ श्री रामचन्द्राय नमः,Om Shri Ramchandraya Namah,https://youtu.be/n_DeYZEy4Y4?si=wdZ7kUQSQ35qIs_5,Katha|Mantra|Ramji|Wealth,Mantra|Ramji,title_match:1.000|line:388
Mantra-Aur_audio_automation/new-tracks-payload-deduped.json,192,ॐ नमो भगवते रामचंद्राय,Om Namo Bhagavate Ramchandraya,https://youtu.be/sRjLbmFjjQ0?si=BflcnYp06jrhbI1r,Katha|Mantra|Ramji|Wealth,Mantra|Ramji,title_match:1.000|line:389
Mantra-Aur_audio_automation/new-tracks-payload-deduped.json,196,आदित्य हृदय स्तोत्र:,Aditya Hridaya Stotra:,https://youtu.be/invPCYDaWUE?si=0CRahD-R2NNXDnCu,Katha|Ramji|Strength|Strotam|Wealth,Ramji|Strotam,title_match:1.000|line:395
Mantra-Aur_audio_automation/new-tracks-payload-deduped.json,198,नाम रामायणम्,Nama Ramayanam,https://youtu.be/9IqAtf_DTb8?si=7qKSbxov-_kWaUeO,Katha|Ramji|Strotam|Wealth,Ramji|Strotam,title_match:1.000|line:398
Mantra-Aur_audio_automation/new-tracks-payload-deduped.json,201,श्री राम चालीसा,Shri Ram Chalisa,https://youtu.be/MoJw2s6q4P0?si=R2XibwgmtcN1lazL,Chalisa|Katha|Ramji|Strength|Wealth,Chalisa|Ramji,title_match:1.000|line:403
Mantra-Aur_audio_automation/new-tracks-payload-deduped.json,202,श्री राम अष्टकम,Shri Ram Ashtakam,https://youtu.be/EvfGBluQkSk?si=6DRbdUZBZsWzEX86,Ashtakam|Katha|Peace|Ramji|Wealth,Ashtakam|Ramji,title_match:1.000|line:406
Mantra-Aur_audio_automation/new-tracks-payload-deduped.json,204,जानकी स्तुति,Janki Stuti,https://youtu.be/RlNJspksnbg?si=jjexZNZPhPFgs0np,Ramji|Stuti|Wealth,Ramji|Stuti,title_match:1.000|line:410
Mantra-Aur_audio_automation/new-tracks-payload-deduped.json,213,"आपदामपहर्तारं दातारं सर्वसंपदाम्।
लोकाभिरामं श्रीरामं भूयो भूयो नमाम्यहम्॥","Apadamapahartaram Dataram Sarvasampadam.
Lokabhiramam Shriramam Bhuyo Bhuyo Namamyaham.",https://youtu.be/y-Xv63obhKI?si=M5eZNo40oYpESgJA,Katha|Mantra|Ramji|Shloka|Strength|Strotam|Wealth,Ramji|Shloka,title_match:1.000|line:423
Mantra-Aur_audio_automation/new-tracks-payload-deduped.json,215,ठुमक चलत रामचंद्र बाजत पैंजनिया,Thumak Chalat Ramchandra Bajat Painjaniya,https://youtu.be/PT1CwFIoc98?si=xAYsyfQq1WC7E0z_,Bhajan|Katha|Ramji|Shloka|Wealth,Bhajan|Ramji,title_match:1.000|line:427
Mantra-Aur_audio_automation/new-tracks-payload-deduped.json,219,नगरी हो अयोध्या सी,Nagari Ho Ayodhya Si,https://youtu.be/ZkKStVgGEJY?si=LGnO8DtUL_iEf1ei,Bhajan|Katha|Ramji|Wealth,Bhajan|Ramji,title_match:1.000|line:431
Mantra-Aur_audio_automation/new-tracks-payload-deduped.json,220,राम जी की निकली सवारी,Ram Ji Ki Nikli Sawari,https://youtu.be/bZ-Zrc-GPoc?si=pLzw80vTt6ty2tJt,Bhajan|Katha|Ramji|Wealth,Bhajan|Ramji,title_match:1.000|line:432
Mantra-Aur_audio_automation/new-tracks-payload-deduped.json,222,राम नाम के हीरे मोती,Ram Naam Ke Heere Moti,https://youtu.be/6BJR_j4FHz4?si=hRLU-bLSvuuKWHgs,Bhajan|Chalisa|Katha|Ramji|Stuti|Wealth,Bhajan|Ramji,title_match:1.000|line:434
Mantra-Aur_audio_automation/new-tracks-payload-deduped.json,230,विजयादशमी - राम रावण अंतिम युद्ध की सम्पूर्ण कथा |,Vijayadashami - Ram Ravan Antim Yudh Ki Sampurn Katha |,https://youtu.be/MtbVsknZP-A?si=EpGnCXoRWCCtKUhi,Katha|Ramji|Wealth,Katha|Ramji,title_match:1.000|line:444
Mantra-Aur_audio_automation/new-tracks-payload-deduped.json,231,बीज मंत्र,Beej Mantra,https://youtu.be/Naruxgq6oMU?si=xqSFGrw15ZFcqKY-,GaneshJi|Katha|Knowledge|Mantra|Peace|Shloka|Wealth,GaneshJi|Mantra,title_match:1.000|line:450
Mantra-Aur_audio_automation/new-tracks-payload-deduped.json,232,ॐ वक्रतुण्डाय हुम्,Om Vakratundaya Hum,https://youtu.be/cidhzMLBUPQ?si=fXMWhEu5ZeeOpj3l,GaneshJi|Katha|Mantra|Wealth,GaneshJi|Mantra,title_match:1.000|line:451
Mantra-Aur_audio_automation/new-tracks-payload-deduped.json,238,गणेश गायत्री,Ganesh Gayatri,https://youtu.be/dkVlpm1mKFI?si=vJFkS8R3-PMxX_Ji,GaneshJi|Katha|Mantra|Shloka|Wealth,GaneshJi|Mantra,title_match:1.000|line:154
Mantra-Aur_audio_automation/new-tracks-payload-deduped.json,239,श्री संकटनाशन गणेश स्तोत्र,Shri Sankatnashan Ganesh Stotra,https://youtu.be/aTFeZxXkL78?si=HFj5YBPqHTqebgZi,GaneshJi|Katha|Strotam|Wealth,GaneshJi|Strotam,title_match:1.000|line:460
Mantra-Aur_audio_automation/new-tracks-payload-deduped.json,240,गणेश अथर्वशीर्ष,Ganesh Atharvashirsha,https://youtu.be/Tssx17scqO4?si=WWEOC-sAGbJPwWoB,GaneshJi|Katha|Strotam|Wealth,GaneshJi|Strotam,title_match:1.000|line:164
Mantra-Aur_audio_automation/new-tracks-payload-deduped.json,246,गणेश चालीसा,Ganesh Chalisa,https://youtu.be/WyHFSjN0miU?si=C2PbbebEskn6KqLR,Chalisa|GaneshJi|Katha|Strength|Wealth,Chalisa|GaneshJi,title_match:1.000|line:471
Mantra-Aur_audio_automation/new-tracks-payload-deduped.json,247,गणेश अष्टकम,Ganesh Ashtakam,https://youtu.be/BhrCfQ0xyp8?si=Y8ihF6eLhRKE0QZ1,Ashtakam|GaneshJi|Katha|Wealth,Ashtakam|GaneshJi,title_match:1.000|line:474
Mantra-Aur_audio_automation/new-tracks-payload-deduped.json,253,श्री गणेश जी की आरती,Shri Ganesh Ji Ki Aarti,https://youtu.be/Yuex2EnsGiY?si=0_Pq00ZXiWo3JeVx,Aarti|GaneshJi|Katha|Shloka|Wealth,Aarti|GaneshJi,title_match:1.000|line:486
Mantra-Aur_audio_automation/new-tracks-payload-deduped.json,260,ॐ श्रीं गं सौभाग्य गणपतये वर्वर्द सर्वजन्म में वषमान्य स्वाहा,Om Shreem Gam Saubhagya Ganapataye Varvarada Sarvajanma Me Vashamanya Swaha,https://youtu.be/nbfyD78Dke0?si=--jK-lqu9SvtXhzK,GaneshJi|Katha|Shloka|Wealth,GaneshJi|Shloka,title_match:1.000|line:496
Mantra-Aur_audio_automation/new-tracks-payload-deduped.json,262,मौर्या रे बाप्पा मौर्या रे,Maurya Re Bappa Maurya Re,https://youtu.be/8jff2wz3Hpk?si=QNsZeRhwDjGRQ5Hs,Bhajan|GaneshJi|Katha|Wealth,Bhajan|GaneshJi,title_match:1.000|line:500
Mantra-Aur_audio_automation/new-tracks-payload-deduped.json,263,गजानना श्री गणराया,Gajanana Shri Ganaraya,https://youtu.be/fV8WIzEHD-E?si=QoCkMznHOJj-qUjD,Bhajan|GaneshJi|Katha|Wealth,Bhajan|GaneshJi,title_match:1.000|line:501
Mantra-Aur_audio_automation/new-tracks-payload-deduped.json,265,गणपति अपने गाँव चले,Ganpati Apne Gaon Chale,https://youtu.be/wiIJr3qihaQ?si=-f9FdXR6zpC7iHDa,Bhajan|GaneshJi|Katha|Wealth,Bhajan|GaneshJi,title_match:1.000|line:503
Mantra-Aur_audio_automation/new-tracks-payload-deduped.json,266,"मेरे मन मंदिर में तुम भगवान रहे,",Mere Man Mandir Mein Tum Bhagwan Rahe,https://youtu.be/GiUkwTxsaYA?si=tAnNkeZ1LrxBim0v,Bhajan|GaneshJi|Katha|Wealth,Bhajan|GaneshJi,title_match:1.000|line:504
Mantra-Aur_audio_automation/new-tracks-payload-deduped.json,277,मुक्ति मंत्र,Mukti Mantra,https://youtu.be/felGgBmnx-I?si=YoB5C1tli8tX3Kpx,Katha|KrishnaJi|Mantra|Shloka|Wealth,KrishnaJi|Mantra,title_match:1.000|line:521
Mantra-Aur_audio_automation/new-tracks-payload-deduped.json,278,महामंत्र,Mahamantra,https://youtu.be/Zdcth9NndEA?si=cBoFKjOpIFF2NbjP,Katha|KrishnaJi|Mantra|Peace|Wealth,KrishnaJi|Mantra,title_match:1.000|line:522
Mantra-Aur_audio_automation/new-tracks-payload-deduped.json,279,श्री कृष्णाय शरणं मम,Shri Krishnaya Sharanam Mama,https://youtu.be/1y2tRqtND1Y?si=Oc1VslQStdIS9Z13,Katha|KrishnaJi|Mantra|Peace|Wealth,KrishnaJi|Mantra,title_match:1.000|line:523
Mantra-Aur_audio_automation/new-tracks-payload-deduped.json,280,ॐ क्लीं कृष्णाय नमः,Om Kleem Krishnaya Namah,https://youtu.be/WqiKUywr55o?si=sx_88WGHIxnkZoNM,Katha|KrishnaJi|Mantra|Wealth,KrishnaJi|Mantra,title_match:1.000|line:524
Mantra-Aur_audio_automation/new-tracks-payload-deduped.json,281,कृष्ण गायत्री,Krishna Gayatri,https://youtu.be/yzwVyns93nc?si=UqzAJ3pjM1DUhsI7,Katha|KrishnaJi|Mantra|Wealth,KrishnaJi|Mantra,title_match:1.000|line:525
Mantra-Aur_audio_automation/new-tracks-payload-deduped.json,290,संतान गोपाल स्तोत्र,Santan Gopal Stotra,https://youtu.be/gyLT2Yz_yHo?si=6boX0E4ODR2nuxV9,KrishnaJi|Strotam|Stuti|Wealth,KrishnaJi|Strotam,title_match:1.000|line:536
Mantra-Aur_audio_automation/new-tracks-payload-deduped.json,293,कृष्ण अष्टकम,Krishna Ashtakam,https://youtu.be/PvdeDNeCiQc?si=T6FiME_l0gc5pd7S,Ashtakam|KrishnaJi|Peace|Strotam|Wealth,Ashtakam|KrishnaJi,title_match:1.000|line:543
Mantra-Aur_audio_automation/new-tracks-payload-deduped.json,298,आरती कुंजबिहारी की,Aarti Kunjbihari Ki,https://youtu.be/EMO1AT1UQf0?si=YEPhm4K955xBp6RB,Aarti|Katha|KrishnaJi|Wealth,Aarti|KrishnaJi,title_match:1.000|line:552
Mantra-Aur_audio_automation/new-tracks-payload-deduped.json,300,आरती श्री बांके बिहारी तेरी आरती गाऊं,Aarti Shri Banke Bihari Teri Aarti Gaun,https://youtu.be/6LO2PRgbutc?si=yww6-9PsBDlf4jy1,Aarti|Katha|KrishnaJi|Wealth,Aarti|KrishnaJi,title_match:1.000|line:554
Mantra-Aur_audio_automation/new-tracks-payload-deduped.json,308,यदा यदा ही धर्मस्य,Yada Yada Hi Dharmasya,https://youtu.be/1AOgbhmP0ig?si=HztCRx46d8XXa16m,KrishnaJi|Shloka|VishnuJi,Shloka|VishnuJi,title_match:1.000|line:260
Mantra-Aur_audio_automation/new-tracks-payload-deduped.json,309,कर्मण्येवाधिकारस्ते,Karmanyevadhikaraste,https://youtu.be/m0VD0vSXNXQ?si=rYvcj8atb4ReJtxk,KrishnaJi|Shloka|Wealth,KrishnaJi|Shloka,title_match:0.143|line:565
Mantra-Aur_audio_automation/new-tracks-payload-deduped.json,312,अच्युतम केशवम कृष्ण दामोदरम,Achyutam Keshavam Krishna Damodaram,https://youtu.be/3yczGKnskts?si=kXnjK3iThd_asoFy,Bhajan|Chalisa|Katha|KrishnaJi|Peace|Shloka|Stuti|VishnuJi|Wealth,Bhajan|VishnuJi,title_match:1.000|line:266
Mantra-Aur_audio_automation/new-tracks-payload-deduped.json,314,छोटी छोटी गईया छोटे छोटे ग्वाल,Chhoti Chhoti Gaiya Chhote Chhote Gwal,https://youtu.be/XzqJUoSDHZU?si=8-LAQkUg8tq7ov6T,Bhajan|Katha|KrishnaJi|Stuti|Wealth,Bhajan|KrishnaJi,title_match:1.000|line:572
Mantra-Aur_audio_automation/new-tracks-payload-deduped.json,315,श्याम तेरी बंसी पुकारे राधा नाम,Shyam Teri Bansi Pukare Radha Naam,https://youtu.be/XJqKbDxAa3U?si=8QX2YAec4EyoDiPP,Bhajan|Katha|KrishnaJi|Wealth,Bhajan|KrishnaJi,title_match:1.000|line:573
Mantra-Aur_audio_automation/new-tracks-payload-deduped.json,316,यशमति मैया से बोले नंदलाला,Yashomati Maiya Se Bole Nandlala,https://youtu.be/yWTN6bsDWN4?si=Lzw6_QbV5g85uOt9,Bhajan|KrishnaJi|Stuti|Wealth,Bhajan|KrishnaJi,title_match:1.000|line:574
Mantra-Aur_audio_automation/new-tracks-payload-deduped.json,321,श्री कृष्ण जन्म कथा:,Shri Krishna Janm Katha:,https://youtu.be/DCkMeVhmiC4?si=jcdhcguIvw6rcsQE,Katha|KrishnaJi|Wealth,Katha|KrishnaJi,title_match:1.000|line:581
Mantra-Aur_audio_automation/new-tracks-payload-deduped.json,323,गोवर्धन जी कथा,Govardhan Ji Katha,https://youtu.be/mmVbmowFswQ?si=pZE5fw0QkulqRM2W,Katha|KrishnaJi|Wealth,Katha|KrishnaJi,title_match:1.000|line:583
Mantra-Aur_audio_automation/new-tracks-payload-deduped.json,329,बीज मंत्र,Beej Mantra,https://youtu.be/jB4aaP2X7S4?si=fNw_s_3Ep9aH-uJZ,DurjaJi|Katha|Mantra|Peace|Strength|Wealth,DurjaJi|Mantra,title_match:1.000|line:594
Mantra-Aur_audio_automation/new-tracks-payload-deduped.json,331,सर्वमंगल मांगल्ये,Sarvamangala Mangalye,https://youtu.be/Yof1Vrh5TK0?si=s3diaEG-5Tn4r_2c,DurjaJi|Mantra|Stuti|Wealth,DurjaJi|Mantra,title_match:0.200|line:596
Mantra-Aur_audio_automation/new-tracks-payload-deduped.json,332,ॐ ह्रीं दुं दुर्गायै नमः,Om Hreem Dum Durgayai Namah,https://youtu.be/GHBynIok2Lo?si=uHYmAAtpv22yQ64n,DurjaJi|Mantra|Strength,DurjaJi|Mantra,title_match:1.000|line:597
Mantra-Aur_audio_automation/new-tracks-payload-deduped.json,334,सौभाग्य प्राप्ति हेतु,Saubhagya Prapti Hetu,https://youtu.be/OKRVaXU01kI?si=3YMdFbLtHjcGJ4sE,DurjaJi|Mantra|Shloka|Wealth,DurjaJi|Mantra,title_match:1.000|line:599
Mantra-Aur_audio_automation/new-tracks-payload-deduped.json,335,शरणागत दीनार्त,Sharanagata Deenarta,https://youtu.be/O0dGIsqbMsw?si=shotKSeK8r1k9C7N,DurjaJi|Mantra|Shloka,DurjaJi|Mantra,title_match:0.250|line:600
Mantra-Aur_audio_automation/new-tracks-payload-deduped.json,336,जयन्ती मङ्गला काली,Jayanti Mangala Kali,https://youtu.be/r66ySZ7iipM?si=FM_yp5XcLh9cQ4q0,DurjaJi|Mantra|Shloka,DurjaJi|Mantra,title_match:0.231|line:601
Mantra-Aur_audio_automation/new-tracks-payload-deduped.json,340,श्री अर्गला स्तोत्रम,Shri Argala Stotram,https://youtu.be/YD0eXOX6gbo?si=imwcbkJIn2dnyT97,DurjaJi|Strength|Strotam,DurjaJi|Strotam,title_match:1.000|line:607
Mantra-Aur_audio_automation/new-tracks-payload-deduped.json,341,कीलक स्तोत्रम,Keelak Stotram,https://youtu.be/5hPQUvaahhg?si=cqtLDH7VLQkac6QA,DurjaJi|Strength|Strotam,DurjaJi|Strotam,title_match:1.000|line:608
Mantra-Aur_audio_automation/new-tracks-payload-deduped.json,345,महिषासुरमर्दिनी स्तोत्र,Mahishasuramardini Stotra,https://youtu.be/4CKpFcQdJXk?si=2OkdCoCBxDs78Tcv,DurjaJi|Strength|Strotam,DurjaJi|Strotam,title_match:1.000|line:614
Mantra-Aur_audio_automation/new-tracks-payload-deduped.json,348,श्री दुर्गा चालीसा,Shri Durga Chalisa,https://youtu.be/fsMzgFMMGxA?si=vMcngDgu3vYUf4te,Chalisa|DurjaJi|Strength|Wealth,Chalisa|DurjaJi,title_match:1.000|line:619
Mantra-Aur_audio_automation/new-tracks-payload-deduped.json,357,"अम्बे तू है जगदम्बे काली, जय दुर्गे खप्पर वाली","Ambe Tu Hai Jagdambe Kali, Jai Durge Khappar Wali",https://youtu.be/dVTUUtOHUCA?si=Uk_2RDtvaypwtFhK,Aarti|DurjaJi|Katha|Wealth,Aarti|DurjaJi,title_match:1.000|line:635
Mantra-Aur_audio_automation/new-tracks-payload-deduped.json,366,जयन्ती मङ्गला काली,Jayanti Mangala Kali,https://youtu.be/r66ySZ7iipM?si=NEjamA32NPb6T0qz,DurjaJi|Mantra|Shloka,DurjaJi|Mantra,title_match:0.231|line:601
Mantra-Aur_audio_automation/new-tracks-payload-deduped.json,367,देहि सौभाग्यमारोग्यं,Dehi Saubhagyamarogyam,https://youtu.be/OKRVaXU01kI?si=_uw6ukhpng-Bgeg6,DurjaJi|Mantra|Shloka|Wealth,DurjaJi|Shloka,title_match:0.200|line:647
Mantra-Aur_audio_automation/new-tracks-payload-deduped.json,368,शरणागत दीनार्त,Sharanagata Deenarta,https://youtu.be/O0dGIsqbMsw?si=YMDdBnbEnw14QNiR,DurjaJi|Mantra|Shloka,DurjaJi|Mantra,title_match:0.250|line:600
Mantra-Aur_audio_automation/new-tracks-payload-deduped.json,395,तुलसी-शालिग्राम,Tulsi-Shaligram,https://youtu.be/Ik_zhFLWVA0?si=VDJeXDG4eTL8qrcf,Katha|VishnuJi|Wealth,Katha|Wealth,title_match:1.000|line:1047
Mantra-Aur_audio_automation/new-tracks-payload-deduped.json,397,अच्युतम केशवम,Achyutam Keshavam,https://youtu.be/3yczGKnskts?si=FvdBzJon0L1sUzSE,Bhajan|Chalisa|Katha|KrishnaJi|Peace|Shloka|Stuti|VishnuJi|Wealth,Peace,title_match:1.000|line:753
Mantra-Aur_audio_automation/new-tracks-payload-deduped.json,399,ऐसी लागी लगन,Aisi Lagi Lagan,https://youtu.be/dnCE-kSHES0?si=cYpIjXtwIhaE19YB,Chalisa|Katha|Stuti|Wealth,Stuti|Wealth,title_match:1.000|line:1033
Mantra-Aur_audio_automation/new-tracks-payload-deduped.json,400,श्री रामचंद्र कृपालु,Shri Ramchandra Kripalu,https://youtu.be/leVoi6kkp3o?si=v3atP52xIcpUEFs8,Katha|Knowledge|Peace|Shloka|Stuti|Wealth,Stuti|Wealth,title_match:1.000|line:1084
Mantra-Aur_audio_automation/new-tracks-payload-deduped.json,402,यशोमती मैया से बोले,Yashomati Maiya Se Bole,https://youtu.be/RIYVVqu2XY4?si=zZcShWvTzV_kAWCQ,Katha|Stuti|Wealth,Stuti|Wealth,title_match:1.000|line:1086
Mantra-Aur_audio_automation/new-tracks-payload-deduped.json,403,राम नाम के हीरे मोती,Ram Naam Ke Heere Moti,https://youtu.be/6BJR_j4FHz4?si=hRLU-bLSvuuKWHgs,Bhajan|Chalisa|Katha|Ramji|Stuti|Wealth,Bhajan|Ramji,title_match:1.000|line:434
Mantra-Aur_audio_automation/new-tracks-payload-deduped.json,407,ओ पालनहारे,O Palanhare,https://youtu.be/kbMinfmC3E0?si=EORk1j1UQxAqRLLu,Chalisa|Stuti|Wealth,Stuti|Wealth,title_match:1.000|line:1091
Mantra-Aur_audio_automation/new-tracks-payload-deduped.json,408,मेरा आपकी कृपा से,Mera Aapki Kripa Se,https://youtu.be/C9EespXQCGE?si=IyEpmHHsEOLzOuXF,Chalisa|Stuti|Wealth,Stuti|Wealth,title_match:1.000|line:1092
Mantra-Aur_audio_automation/new-tracks-payload-deduped.json,409,छोटी छोटी गईया,Chhoti Chhoti Gaiya,https://youtu.be/XzqJUoSDHZU?si=8-LAQkUg8tq7ov6T,Bhajan|Katha|KrishnaJi|Stuti|Wealth,Stuti|Wealth,title_match:1.000|line:1093
Mantra-Aur_audio_automation/new-tracks-payload-deduped.json,410,आदित्य हृदय स्तोत्र,Aditya Hridaya Stotra,https://youtu.be/invPCYDaWUE?si=-cwsyKTg-INmshaY,Katha|Ramji|Strength|Strotam|Wealth,Ramji|Strotam,title_match:1.000|line:395
Mantra-Aur_audio_automation/new-tracks-payload-deduped.json,413,राम रक्षा स्तोत्र,Ram Raksha Stotra,https://youtu.be/y-Xv63obhKI?si=M5eZNo40oYpESgJA,Katha|Mantra|Ramji|Shloka|Strength|Strotam|Wealth,Strotam|Wealth,title_match:1.000|line:1129
Mantra-Aur_audio_automation/new-tracks-payload-deduped.json,414,संकट नाशन गणेश स्तोत्र,Sankat Nashan Ganesh Stotra,https://youtu.be/aTFeZxXkL78?si=HaE-tYiH834XPpXn,GaneshJi|Katha|Strotam|Wealth,Strotam|Wealth,title_match:1.000|line:1130
Mantra-Aur_audio_automation/new-tracks-payload-deduped.json,419,नारायण कवच,Narayan Kavach,https://youtu.be/BBV0HQI3NB4?si=LjPC9hE-1m_fAsBa,Katha|Strength|Strotam|Wealth,Strength,title_match:1.000|line:828
Mantra-Aur_audio_automation/new-tracks-payload-deduped.json,420,हे दुख भंजन मारुति नंदन,He Dukh Bhanjan Maruti Nandan,https://youtu.be/n4fZknyZlsk?si=W6avmHz2Bl7IEuMr,Bhajan|HanumanJi|Katha|Stuti|Wealth,Bhajan|HanumanJi,title_match:1.000|line:133
Mantra-Aur_audio_automation/new-tracks-payload-deduped.json,423,इतनी शक्ति हमें देना दाता,Itni Shakti Humein Dena Data,https://youtu.be/3EnLaJKhO2A?si=7gCDpVLnLz5KZhbG,Chalisa|Stuti|Wealth,Stuti|Wealth,title_match:1.000|line:1159
Mantra-Aur_audio_automation/new-tracks-payload-deduped.json,424,शिव शंकर को जिसने पूजा,Shiv Shankar Ko Jisne Puja,https://youtu.be/w7HbgKcQS_w?si=KCJVUE_VkpIA8tKc,Bhajan|Katha|Shivji|Stuti|Wealth,Bhajan|Shivji,title_match:1.000|line:58
Mantra-Aur_audio_automation/new-tracks-payload-deduped.json,425,महालक्ष्मी अष्टकम,Mahalakshmi Ashtakam,https://youtube.com/shorts/7BEYmt8EeX8?si=kqi58ODFW_qjBs1A,Shloka|Strotam|Wealth,Strotam|Wealth,title_match:1.000|line:1196
Mantra-Aur_audio_automation/new-tracks-payload-deduped.json,426,श्री सूक्तम,Shri Suktam,https://youtube.com/shorts/8hbV_LQKvv0?si=k4cFAIlX83ys0rDI,Shloka|Strotam|Wealth,Strotam|Wealth,title_match:1.000|line:1198
Mantra-Aur_audio_automation/new-tracks-payload-deduped.json,427,बजरंग बाण,Bajrang Baan,https://youtu.be/h1lT6cxwsPw?si=KdhV4ABeZuxVKiuY,Katha|Strength|Strotam|Wealth,Strength|Strotam,title_match:1.000|line:827
Mantra-Aur_audio_automation/new-tracks-payload-deduped.json,428,सरस्वती स्तोत्र,Saraswati Stotra,https://youtu.be/log_B4nMkH0?si=T7hhpGvgFFSaNdjq,Knowledge|Strotam|Wealth,Strotam|Wealth,title_match:1.000|line:1200
Mantra-Aur_audio_automation/new-tracks-payload-deduped.json,429,शिव पंचाक्षर स्तोत्र,Shiv Panchakshar Stotra,https://youtu.be/3rJ4HVA9cII?si=euKFMGNZX2c0rt5p,Shivji|Strotam|Wealth,Strotam|Wealth,title_match:1.000|line:1202
Mantra-Aur_audio_automation/new-tracks-payload-deduped.json,430,हनुमान अष्टक,Hanuman Ashtak,https://youtu.be/HH_a6aRO1TE?si=k0J6WxtRY4t4yhi1,Ashtakam|Bhajan|HanumanJi|Katha|Strength|Strotam|Wealth,Strotam|Wealth,title_match:1.000|line:1203
Mantra-Aur_audio_automation/new-tracks-payload-deduped.json,431,श्री हनुमान चालीसा,Shri Hanuman Chalisa,https://youtu.be/AETFvQonfV8?si=YezmW2nYi76Eoi6Q,Chalisa|HanumanJi|Katha|Strength|Wealth,Chalisa|Wealth,title_match:1.000|line:1221
Mantra-Aur_audio_automation/new-tracks-payload-deduped.json,432,श्री गणेश चालीसा,Shri Ganesh Chalisa,https://youtu.be/WyHFSjN0miU?si=pCUb4V5RltoNG-DB,Chalisa|GaneshJi|Katha|Strength|Wealth,Chalisa|GaneshJi,title_match:1.000|line:176
Mantra-Aur_audio_automation/new-tracks-payload-deduped.json,433,श्री लक्ष्मी चालीसा,Shri Lakshmi Chalisa,https://youtu.be/aLKLcvJZ2Hc?si=LghSz9KgBnH3YqXK,Chalisa|LakshmiJi|Shloka|Strength|Wealth,Chalisa|LakshmiJi,title_match:1.000|line:305
Mantra-Aur_audio_automation/new-tracks-payload-deduped.json,434,श्री दुर्गा चालीसा,Shri Durga Chalisa,https://youtu.be/fsMzgFMMGxA?si=vMcngDgu3vYUf4te,Chalisa|DurjaJi|Strength|Wealth,Chalisa|DurjaJi,title_match:1.000|line:619
Mantra-Aur_audio_automation/new-tracks-payload-deduped.json,436,पंचाक्षरी मन्त्र,Panchakshari Mantra,https://youtu.be/bc1obsjb58c?si=oQIb1G1Fx1wOJ8Gw,Mantra|Peace|Shivji|Shloka|Strength|Wealth,Mantra|Shivji,title_match:1.000|line:5
Mantra-Aur_audio_automation/new-tracks-payload-deduped.json,437,महामृत्युंजय मंत्र,Mahamrityunjay Mantra,https://youtu.be/OV9LXGOXjgs?si=0izGm1eYkmBS0343,Katha|Mantra|Peace|Shivji|Shloka|Strength|Wealth,Mantra|Shivji,title_match:1.000|line:6
Mantra-Aur_audio_automation/new-tracks-payload-deduped.json,438,रुद्र मंत्र,Rudra Mantra,https://youtu.be/iEAPaA9Yf1s?si=lGmdeqXsCqtQQzx1,Katha|Mantra|Shivji|Wealth,Mantra|Shivji,title_match:1.000|line:7
Mantra-Aur_audio_automation/new-tracks-payload-deduped.json,439,शिव गायत्री मंत्र,Shiv Gayatri Mantra,https://youtu.be/ytV08faCJwg?si=eXY_cZGO-FsueNS1,Katha|Mantra|Shivji|Wealth,Mantra|Shivji,title_match:1.000|line:8
Mantra-Aur_audio_automation/new-tracks-payload-deduped.json,440,शिव स्तुति मंत्र,Shiv Stuti Mantra,https://youtu.be/Ly_Md1OOyTE?si=nCT-_G7dkRiPuF7QQ,Katha|Mantra|Shivji|Shloka|Wealth,Mantra|Shivji,title_match:1.000|line:9
Mantra-Aur_audio_automation/new-tracks-payload-deduped.json,441,शिव तांडव स्तोत्रम (संक्षिप्त अंश - रावण रचित) [1],Shiv Tandav Stotram (Sankshipt Ansh - Ravan Rachit),https://youtu.be/S980-z1qx3g?si=skvwCt7XGHenuWbP,Katha|Shivji|Strength|Strotam|Wealth,Shivji|Strotam,title_match:1.000|line:12
Mantra-Aur_audio_automation/new-tracks-payload-deduped.json,442,शिव पंचाक्षर स्तोत्रम्:,Shiv Panchakshar Stotram:,https://youtu.be/3rJ4HVA9cII?si=euKFMGNZX2c0rt5p,Shivji|Strotam|Wealth,Shivji|Strotam,title_match:1.000|line:21
Mantra-Aur_audio_automation/new-tracks-payload-deduped.json,445,शिव चालीसा,Shiv Chalisa,https://youtu.be/-mUoM-sSzkc?si=a3TP0d2Z_b5S-kCr,Chalisa|Shivji|Strength,Chalisa|Shivji,title_match:1.000|line:36
Mantra-Aur_audio_automation/new-tracks-payload-deduped.json,450,शिव शंकर को जिसने पूजा,Shiv Shankar Ko Jisne Puja,https://youtu.be/w7HbgKcQS_w?si=KCJVUE_VkpIA8tKc,Bhajan|Katha|Shivji|Stuti|Wealth,Bhajan|Shivji,title_match:1.000|line:58
Mantra-Aur_audio_automation/new-tracks-payload-deduped.json,464,हनुमान बीज मंत्र,Hanuman Beej Mantra,https://youtu.be/o5Uk1sxGBZU?si=aIuPQqmzIrromxMt,HanumanJi|Mantra|Strength,HanumanJi|Mantra,title_match:1.000|line:79
Mantra-Aur_audio_automation/new-tracks-payload-deduped.json,465,हनुमान गायत्री मंत्र:,Hanuman Gayatri Mantra:,https://youtu.be/AXDLxXIbxAs?si=LRLn7ZBIQYzSWhry,HanumanJi|Mantra|Shloka,HanumanJi|Mantra,title_match:1.000|line:80
Mantra-Aur_audio_automation/new-tracks-payload-deduped.json,466,मनोजवं मारुततुल्यवेगं मंत्र:,Manojavam Marutatulyavegam Mantra:,https://youtu.be/iWd6VAWduZg?si=qrMcv4ayCSmC3X_q,HanumanJi|Katha|Mantra|Shloka|Strength|Stuti|Wealth,HanumanJi|Mantra,title_match:1.000|line:82
Mantra-Aur_audio_automation/new-tracks-payload-deduped.json,469,प्रमुख मंत्र:,Pramukh Mantra:,https://youtu.be/FUpzgvsWkL8?si=XDpQmK9jpt227gC0,HanumanJi|Katha|Mantra|Shloka|Wealth,HanumanJi|Mantra,title_match:1.000|line:88
Mantra-Aur_audio_automation/new-tracks-payload-deduped.json,475,हनुमान चालीसा,Hanuman Chalisa,https://youtu.be/AETFvQonfV8?si=YezmW2nYi76Eoi6Q,Chalisa|HanumanJi|Katha|Strength|Wealth,Chalisa|HanumanJi,title_match:1.000|line:107
Mantra-Aur_audio_automation/new-tracks-payload-deduped.json,476,संकटमोचन हनुमान अष्टक,Sankatmochan Hanuman Ashtak,https://youtu.be/HH_a6aRO1TE?si=oQ72oac9OI-c9FEL,Ashtakam|Bhajan|HanumanJi|Katha|Strength|Strotam|Wealth,Ashtakam|HanumanJi,title_match:1.000|line:111
Mantra-Aur_audio_automation/new-tracks-payload-deduped.json,477,"अतुलितबलधामं हेमशैलाभदेहं,","Atulitbaladhamam Hemashailabhadeham,",https://youtu.be/CIl1O1GwOfk?si=l5pF_ixmqVuHcdOn,HanumanJi|Katha|Shloka|Stuti|Wealth,HanumanJi|Stuti,title_match:1.000|line:114
Mantra-Aur_audio_automation/new-tracks-payload-deduped.json,478,आरती कीजै हनुमान लला की,Aarti Keeje Hanuman Lala Ki,https://youtu.be/r7GJ8GoGSD8?si=5vKJpH3tM6QoFwzl,Aarti|HanumanJi|Katha|Wealth,Aarti|HanumanJi,title_match:1.000|line:117
Mantra-Aur_audio_automation/new-tracks-payload-deduped.json,480,हनुमान गायत्री,Hanuman Gayatri,https://youtu.be/AXDLxXIbxAs?si=61Ag66LJRXixtINz,HanumanJi|Mantra|Shloka,HanumanJi|Shloka,title_match:1.000|line:123
Mantra-Aur_audio_automation/new-tracks-payload-deduped.json,483,अतुलितबलधामं,Atulitbaladhamam,https://youtu.be/CIl1O1GwOfk?si=0PLRHfGike1eIJPN,HanumanJi|Katha|Shloka|Stuti|Wealth,HanumanJi|Stuti,title_match:0.500|line:114
Mantra-Aur_audio_automation/new-tracks-payload-deduped.json,484,दुनिया चले न श्री राम के बिना,Duniya Chale Na Shri Ram Ke Bina,https://youtu.be/sDhrWWWBQLI?si=x0qKB6U3A5R2FSQr,Bhajan|HanumanJi|Katha|Wealth,Bhajan|HanumanJi,title_match:1.000|line:132
Mantra-Aur_audio_automation/new-tracks-payload-deduped.json,485,हे दुख भंजन मारुति नंदन,He Dukh Bhanjan Maruti Nandan,https://youtu.be/n4fZknyZlsk?si=W6avmHz2Bl7IEuMr,Bhajan|HanumanJi|Katha|Stuti|Wealth,Bhajan|HanumanJi,title_match:1.000|line:133
Mantra-Aur_audio_automation/new-tracks-payload-deduped.json,487,संकट मोचन नाम तिहारो,Sankat Mochan Naam Tiharo,https://youtu.be/HH_a6aRO1TE?si=rTY4-xxT-cJfpz4W,Ashtakam|Bhajan|HanumanJi|Katha|Strength|Strotam|Wealth,Bhajan|HanumanJi,title_match:1.000|line:135
Mantra-Aur_audio_automation/new-tracks-payload-deduped.json,488,बजरंग बली मेरी नाव चली,Bajrang Bali Meri Naav Chali,https://youtu.be/eH89BxWg9P4?si=5IOyC_otVc9JKSFd,Bhajan|HanumanJi|Katha|Wealth,Bhajan|HanumanJi,title_match:1.000|line:136
Mantra-Aur_audio_automation/new-tracks-payload-deduped.json,493,हनुमान जनम कथा,Hanuman Janm Katha,https://youtu.be/JGi64RoqZ9g?si=LzuKJAoqe1TsPcav,HanumanJi|Katha|Wealth,HanumanJi|Katha,title_match:1.000|line:143
Mantra-Aur_audio_automation/new-tracks-payload-deduped.json,496,मूल बीज मंत्र,Mool Beej Mantra,https://youtu.be/Naruxgq6oMU?si=FcMrbfkDJoW6MNjX,GaneshJi|Katha|Knowledge|Mantra|Peace|Shloka|Wealth,GaneshJi|Mantra,title_match:1.000|line:151
Mantra-Aur_audio_automation/new-tracks-payload-deduped.json,498,गणेश गायत्री,Ganesh Gayatri,https://youtu.be/dkVlpm1mKFI?si=crdKp9jnOOfpOZx7,GaneshJi|Katha|Mantra|Shloka|Wealth,GaneshJi|Mantra,title_match:1.000|line:154
Mantra-Aur_audio_automation/new-tracks-payload-deduped.json,501,गणेश अथर्वशीर्ष:,Ganesh Atharvashirsha:,https://youtu.be/Tssx17scqO4?si=uOt96Cx7Sz5DPI5b,GaneshJi|Katha|Strotam|Wealth,GaneshJi|Strotam,title_match:1.000|line:164
Mantra-Aur_audio_automation/new-tracks-payload-deduped.json,503,श्री गणेश कवच:,Shri Ganesh Kavach:,https://youtu.be/av9FFShVYBU?si=Ad06fEsAnohtH32q,GaneshJi|Katha|Strotam|Wealth,GaneshJi|Strotam,title_match:1.000|line:170
Mantra-Aur_audio_automation/new-tracks-payload-deduped.json,506,श्री गणेश चालीसा,Shri Ganesh Chalisa,https://youtu.be/WyHFSjN0miU?si=pCUb4V5RltoNG-DB,Chalisa|GaneshJi|Katha|Strength|Wealth,Chalisa|GaneshJi,title_match:1.000|line:176
Mantra-Aur_audio_automation/new-tracks-payload-deduped.json,507,श्री गणेशपञ्चरत्नम्,Shri Ganeshpancharatnam,https://youtu.be/vYFOV9nj-_w?si=r49ExtqDfppGq1cg,Ashtakam|GaneshJi|Katha|Knowledge|Strotam|Wealth,Ashtakam|GaneshJi,title_match:1.000|line:179
Mantra-Aur_audio_automation/new-tracks-payload-deduped.json,511,जय गणेश जय गणेश देवा,Jai Ganesh Jai Ganesh Deva,https://youtu.be/Yuex2EnsGiY?si=SN2TjtMVVhHmp7gl,Aarti|GaneshJi|Katha|Shloka|Wealth,Aarti|GaneshJi,title_match:1.000|line:188
Mantra-Aur_audio_automation/new-tracks-payload-deduped.json,512,सुखकर्ता दुखहर्ता वार्ता विघ्नाची,Sukhakarta Dukhaharta Varta Vighnachi,https://youtu.be/gFr5p5AyuD0?si=QD5VW5nRGb8TXEFJ,Aarti|GaneshJi|Katha|Wealth,Aarti|GaneshJi,title_match:1.000|line:189
Mantra-Aur_audio_automation/new-tracks-payload-deduped.json,513,शेंदूर लाल चढ़ायो अच्छा गजमुख को,Shendur Lal Chadhayo Achchha Gajmukh Ko,https://youtu.be/bo62sjQ0CmE?si=t1lAn32pD2F23gVQ,Aarti|GaneshJi|Katha|Wealth,Aarti|GaneshJi,title_match:1.000|line:190
Mantra-Aur_audio_automation/new-tracks-payload-deduped.json,517,गजाननं भूतगणादि,Gajananm Bhuta Ganadi,https://youtu.be/6fl5JFL-SoA?si=uMzDR8I4B2c9dy8-,GaneshJi|Knowledge|Shloka|Stuti,Knowledge|Stuti,title_match:0.200|line:894
Mantra-Aur_audio_automation/new-tracks-payload-deduped.json,521,घर में पधारो गजानंद जी मेरे घर में पधारो,Ghar Mein Padharo Gajanand Ji Mere Ghar Mein Padharo,https://youtu.be/nLUmRxc6140?si=tDzujtf2OLcvCbDf,Bhajan|GaneshJi|Katha|Wealth,Bhajan|GaneshJi,title_match:1.000|line:202
Mantra-Aur_audio_automation/new-tracks-payload-deduped.json,523,तेरी जय हो गणेश,Teri Jai Ho Ganesh,https://youtu.be/enalr0CvqVM?si=WMYDWThqcqx9a4pP,Bhajan|GaneshJi|Katha|Wealth,Bhajan|GaneshJi,title_match:1.000|line:204
Mantra-Aur_audio_automation/new-tracks-payload-deduped.json,532,ॐ नमो नारायणाय,Om Namo Narayanaya,https://youtu.be/BLn-f2DZN4Y?si=tdz0GGjNGQIWYzX4,Mantra|Peace|VishnuJi,Mantra|VishnuJi,title_match:1.000|line:220
Mantra-Aur_audio_automation/new-tracks-payload-deduped.json,533,श्रीमन नारायण नारायण हरी हरी,Shriman Narayan Narayan Hari Hari,https://youtu.be/MuVrsDfgwI0?si=TpM7uKaIrn00Acbk,Bhajan|Mantra|VishnuJi,Mantra|VishnuJi,title_match:1.000|line:221
Mantra-Aur_audio_automation/new-tracks-payload-deduped.json,538,शान्ताकारं भुजगशयनं पद्मनाभं सुरेशं,Shantakaram Bhujagashayanam Padmanabham Suresham,https://youtu.be/Im5TK-glA9M?si=HrtM-508EyU_APJO,Mantra|Peace|Stuti|VishnuJi|Wealth,Mantra|VishnuJi,title_match:1.000|line:227
Mantra-Aur_audio_automation/new-tracks-payload-deduped.json,540,विष्णु सहस्रनाम स्तोत्रम्:,Vishnu Sahasranama Stotram:,https://youtu.be/zKC17254flc?si=1RLal5iLIRaiuuMb,Strength|Strotam|VishnuJi,Strotam|VishnuJi,title_match:1.000|line:232
Mantra-Aur_audio_automation/new-tracks-payload-deduped.json,542,लक्ष्मी नारायण स्तोत्र,Lakshmi Narayan Stotra,https://youtu.be/EkAUXHqqaLk?si=c4jgf8zmawRwmVRl,Strotam|VishnuJi|Wealth,Strotam|VishnuJi,title_match:1.000|line:235
Mantra-Aur_audio_automation/new-tracks-payload-deduped.json,544,नारायण सुक्तम,Narayan Suktam,https://youtu.be/vLP6gdiDbOU?si=jO6MgHWC3vJEyRrd,Strotam|VishnuJi|Wealth,Strotam|VishnuJi,title_match:1.000|line:238
Mantra-Aur_audio_automation/new-tracks-payload-deduped.json,546,श्री हरि स्तोत्रम्,Shri Hari Stotram,https://youtu.be/gsHIPGDctJ0?si=0M-JKLTSQ47e8TaB,Peace|Strotam|VishnuJi,Strotam|VishnuJi,title_match:1.000|line:242
Mantra-Aur_audio_automation/new-tracks-payload-deduped.json,549,श्री विष्णु स्तुति,Shri Vishnu Stuti,https://youtu.be/XAxNnRPoyiU?si=SzEsaZlOfS48Hd-b,Knowledge|Shloka|Stuti|VishnuJi|Wealth,Stuti|VishnuJi,title_match:1.000|line:252
Mantra-Aur_audio_automation/new-tracks-payload-deduped.json,550,ओम जय जगदीश हरे,Om Jai Jagdish Hare,https://youtu.be/NE3SWh9_vR4?si=oJOVnsbkOB7Qxw5b,Aarti|Katha|Shloka|Stuti|VishnuJi|Wealth,Aarti|VishnuJi,title_match:1.000|line:256
Mantra-Aur_audio_automation/new-tracks-payload-deduped.json,552,यदा यदा ही धर्मस्य,Yada Yada Hi Dharmasya,https://youtu.be/1AOgbhmP0ig?si=41xOtRemY_fBbdT2,KrishnaJi|Shloka|VishnuJi,Shloka|VishnuJi,title_match:1.000|line:260
Mantra-Aur_audio_automation/new-tracks-payload-deduped.json,553,कायेन वाचा,Kayena Vacha,https://youtu.be/CAc9h7oTjrM?si=oeZgKcwyJsEpKqOo,Shloka|VishnuJi|PoojaKeSamay,Shloka|VishnuJi,title_match:1.000|line:261
Mantra-Aur_audio_automation/new-tracks-payload-deduped.json,555,त्वमेव माता च पिता त्वमेव,Tvameva Mata Cha Pita Tvameva,https://youtu.be/JSVctoNlPKs?si=W7kvcuUvTsv_KM5A,Peace|Shloka|VishnuJi,Shloka|VishnuJi,title_match:1.000|line:263
Mantra-Aur_audio_automation/new-tracks-payload-deduped.json,556,अच्युतम केशवम कृष्ण दामोदरम,Achyutam Keshavam Krishna Damodaram,https://youtu.be/3yczGKnskts?si=--z5nTrp4XW8mSRd,Bhajan|Chalisa|Katha|KrishnaJi|Peace|Shloka|Stuti|VishnuJi|Wealth,Bhajan|VishnuJi,title_match:1.000|line:266
Mantra-Aur_audio_automation/new-tracks-payload-deduped.json,557,श्रीमन नारायण नारायण हरी हरी,Shriman Narayan Narayan Hari Hari,https://youtu.be/MuVrsDfgwI0?si=ttg63rMJqtDATiJg,Bhajan|Mantra|VishnuJi,Mantra|VishnuJi,title_match:1.000|line:221
Mantra-Aur_audio_automation/new-tracks-payload-deduped.json,567,शालिग्राम बनने की कथा,Shaligram Banne Ki Katha,https://youtu.be/Ik_zhFLWVA0?si=cC6xuVXf48XoS0dP,Katha|VishnuJi|Wealth,Katha|VishnuJi,title_match:1.000|line:279
Mantra-Aur_audio_automation/new-tracks-payload-deduped.json,569,महालक्ष्मी बीज मंत्र,Mahalakshmi Beej Mantra,https://youtu.be/bcs4geISuy0?si=iIlUMsgUwP0VAQdf,Katha|LakshmiJi|Mantra|Peace|Shloka|Wealth,LakshmiJi|Mantra,title_match:1.000|line:286
Mantra-Aur_audio_automation/new-tracks-payload-deduped.json,570,ॐ श्री महालक्ष्म्यै नमः,Om Shri Mahalakshmyai Namah,https://youtu.be/g_czAYo3MKQ?si=gMXItXZe4oVrD-co,LakshmiJi|Mantra|Wealth,LakshmiJi|Mantra,title_match:1.000|line:287
Mantra-Aur_audio_automation/new-tracks-payload-deduped.json,571,लक्ष्मी गायत्री मंत्र,Lakshmi Gayatri Mantra,https://youtu.be/HeqiNrjiCfk?si=euAnm4LHlwCrPpSH,LakshmiJi|Mantra|Shloka|Wealth,LakshmiJi|Mantra,title_match:1.000|line:288
Mantra-Aur_audio_automation/new-tracks-payload-deduped.json,572,श्री सिद्ध लक्ष्मी मंत्र,Shri Siddha Lakshmi Mantra,https://youtu.be/m8hvtU9Lzzk?si=Y9IBp48e1VidVKd4,LakshmiJi|Mantra|Wealth,LakshmiJi|Mantra,title_match:1.000|line:289
Mantra-Aur_audio_automation/new-tracks-payload-deduped.json,576,श्री सूक्तम:,Shri Suktam:,https://youtu.be/OC7LQxuhQUU?si=Dk4q0uGOrbCSfm7I,LakshmiJi|Shloka|Strotam|Wealth,LakshmiJi|Strotam,title_match:1.000|line:295
Mantra-Aur_audio_automation/new-tracks-payload-deduped.json,577,कनकधारा स्तोत्र:,Kanakadhara Stotra:,https://youtu.be/3Y1JGvieOBk?si=wIIGJG8nmjPlyBfv,LakshmiJi|Strotam|Wealth,LakshmiJi|Strotam,title_match:1.000|line:297
Mantra-Aur_audio_automation/new-tracks-payload-deduped.json,578,लक्ष्मी हृदय स्तोत्र,Lakshmi Hridaya Stotra,https://youtu.be/phOoGvDu_h4?si=XKx4FvAb65DYm0Vv,LakshmiJi|Strotam|Wealth,LakshmiJi|Strotam,title_match:1.000|line:298
Mantra-Aur_audio_automation/new-tracks-payload-deduped.json,579,महालक्ष्मी कवच,Mahalakshmi Kavach,https://youtu.be/OvimStyyQWI?si=SwrQDOQ7f47RApTT,LakshmiJi|Shloka|Strotam|Wealth,LakshmiJi|Strotam,title_match:1.000|line:299
Mantra-Aur_audio_automation/new-tracks-payload-deduped.json,580,अष्टलक्ष्मी स्तोत्र,Ashtalakshmi Stotra,https://youtu.be/qb5EuozSWA0?si=1DOqyZO7j9BrmhKi,LakshmiJi|Strotam|Wealth,LakshmiJi|Strotam,title_match:1.000|line:300
Mantra-Aur_audio_automation/new-tracks-payload-deduped.json,582,श्री लक्ष्मी चालीसा,Shri Lakshmi Chalisa,https://youtu.be/aLKLcvJZ2Hc?si=LghSz9KgBnH3YqXK,Chalisa|LakshmiJi|Shloka|Strength|Wealth,Chalisa|LakshmiJi,title_match:1.000|line:305
Mantra-Aur_audio_automation/new-tracks-payload-deduped.json,587,नमस्तेऽस्तु महामाये,Namastestu Mahamaye,https://youtu.be/RDWtngDhknA?si=6BoczvScrpmaOros,LakshmiJi|Shloka|Strotam|Wealth,LakshmiJi|Shloka,title_match:0.250|line:320
Mantra-Aur_audio_automation/new-tracks-payload-deduped.json,594,लक्ष्मी जी की अवतार कथा |,Lakshmi Ji Ki Avatar Katha |,https://youtu.be/BL5lLnsLUrA?si=tKilMUx3mU_eIVe5,Katha|LakshmiJi|Wealth,Katha|LakshmiJi,title_match:1.000|line:331
Mantra-Aur_audio_automation/new-tracks-payload-deduped.json,598,"आपदामपहर्तारं दातारं सर्वसंपदाम्।
लोकाभिरामं श्रीरामं भूयो भूयो नमाम्यहम्॥","Apadamapahartaram Dataram Sarvasampadam.
Lokabhiramam Shriramam Bhuyo Bhuyo Namamyaham.",https://youtu.be/y-Xv63obhKI?si=M5eZNo40oYpESgJA,Katha|Mantra|Ramji|Shloka|Strength|Strotam|Wealth,Ramji|Shloka,title_match:1.000|line:423
Mantra-Aur_audio_automation/new-tracks-payload-deduped.json,601,गायत्री मंत्र,Gayatri Mantra,https://youtu.be/nwRoHC83wx0?si=f1Akd4C3BSvXNJaE,Katha|Knowledge|Mantra|Peace|Shloka|Wealth,Mantra|Peace,title_match:1.000|line:730
Mantra-Aur_audio_automation/new-tracks-payload-deduped.json,602,शांति मंत्र,Shanti Mantra,https://youtu.be/iRVIbOMymj0?si=p9yfDWWAsb63wtMq,BhojanSePehle|Katha|Mantra|Peace|Shloka|Wealth,BhojanSePehle,title_match:1.000|line:697
Mantra-Aur_audio_automation/new-tracks-payload-deduped.json,603,महामृत्युंजय मंत्र,Mahamrityunjay Mantra,https://youtu.be/OV9LXGOXjgs?si=0izGm1eYkmBS0343,Katha|Mantra|Peace|Shivji|Shloka|Strength|Wealth,Mantra|Shivji,title_match:1.000|line:6
Mantra-Aur_audio_automation/new-tracks-payload-deduped.json,604,शिव मंत्र,Shiv Mantra,https://youtu.be/bc1obsjb58c?si=oQIb1G1Fx1wOJ8Gw,Mantra|Peace|Shivji|Shloka|Strength|Wealth,Mantra|Peace,title_match:1.000|line:733
Mantra-Aur_audio_automation/new-tracks-payload-deduped.json,605,महामंत्र,Mahamantra,https://youtu.be/Zdcth9NndEA?si=cBoFKjOpIFF2NbjP,Katha|KrishnaJi|Mantra|Peace|Wealth,KrishnaJi|Mantra,title_match:1.000|line:522
Mantra-Aur_audio_automation/new-tracks-payload-deduped.json,606,गणेश मंत्र,Ganesh Mantra,https://youtu.be/Naruxgq6oMU?si=xqSFGrw15ZFcqKY-,GaneshJi|Katha|Knowledge|Mantra|Peace|Shloka|Wealth,Mantra|Peace,title_match:1.000|line:735
Mantra-Aur_audio_automation/new-tracks-payload-deduped.json,608,बुद्ध मंत्र,Buddha Mantra,https://youtu.be/ntpeQR7K0PI?si=4_9jjQ1cbxYs7wRa,Katha|Mantra|Peace|Wealth,Mantra|Peace,title_match:1.000|line:737
Mantra-Aur_audio_automation/new-tracks-payload-deduped.json,610,सरस्वती मंत्र,Saraswati Mantra,https://youtu.be/-NqX8zOZ62w?si=DWcjvgR9t3KYkz-D,Knowledge|Mantra|Peace|Shloka|Wealth,Mantra|Peace,title_match:1.000|line:739
Mantra-Aur_audio_automation/new-tracks-payload-deduped.json,613,गुरु मंत्र,Guru Mantra,https://youtu.be/jXPk7TnZC4c?si=3IMkISoz8uz7DN_R,Knowledge|Mantra|Peace|Shloka,Mantra|Peace,title_match:1.000|line:742
Mantra-Aur_audio_automation/new-tracks-payload-deduped.json,615,महालक्ष्मी बीज मंत्र,Mahalakshmi Beej Mantra,https://youtu.be/bcs4geISuy0?si=iIlUMsgUwP0VAQdf,Katha|LakshmiJi|Mantra|Peace|Shloka|Wealth,LakshmiJi|Mantra,title_match:1.000|line:286
Mantra-Aur_audio_automation/new-tracks-payload-deduped.json,617,दुर्गा मंत्र,Durga Mantra,https://youtu.be/jB4aaP2X7S4?si=fNw_s_3Ep9aH-uJZ,DurjaJi|Katha|Mantra|Peace|Strength|Wealth,Mantra|Peace,title_match:1.000|line:746
Mantra-Aur_audio_automation/new-tracks-payload-deduped.json,620,राम मंत्र,Rama Mantra,https://youtu.be/-1udu-1LpOo?si=pmbGDDSFyq5uJhX0,Katha|Mantra|Peace|Ramji|Wealth,Mantra|Peace,title_match:1.000|line:749
Mantra-Aur_audio_automation/new-tracks-payload-deduped.json,621,कृष्ण शरणम,Krishna Sharanam,https://youtu.be/1y2tRqtND1Y?si=wVq_YTMXmSeZFrYr,Katha|KrishnaJi|Mantra|Peace|Wealth,Peace,title_match:1.000|line:750
Mantra-Aur_audio_automation/new-tracks-payload-deduped.json,622,नारायण मंत्र,Narayan Mantra,https://youtu.be/BLn-f2DZN4Y?si=tdz0GGjNGQIWYzX4,Mantra|Peace|VishnuJi,Mantra|Peace,title_match:1.000|line:751
Mantra-Aur_audio_automation/new-tracks-payload-deduped.json,623,त्वमेव माता च पिता त्वमेव,Tvameva Mata Cha Pita Tvameva,https://youtu.be/JSVctoNlPKs?si=W7kvcuUvTsv_KM5A,Peace|Shloka|VishnuJi,Shloka|VishnuJi,title_match:1.000|line:263
Mantra-Aur_audio_automation/new-tracks-payload-deduped.json,624,अच्युतम केशवम,Achyutam Keshavam,https://youtu.be/3yczGKnskts?si=kXnjK3iThd_asoFy,Bhajan|Chalisa|Katha|KrishnaJi|Peace|Shloka|Stuti|VishnuJi|Wealth,Peace,title_match:1.000|line:753
Mantra-Aur_audio_automation/new-tracks-payload-deduped.json,625,गणेश बीज,Ganesha Beej,https://youtu.be/Naruxgq6oMU?si=FcMrbfkDJoW6MNjX,GaneshJi|Katha|Knowledge|Mantra|Peace|Shloka|Wealth,Peace,title_match:1.000|line:754
Mantra-Aur_audio_automation/new-tracks-payload-deduped.json,628,शिव मानस पूजा,Shiv Manas Puja,https://youtu.be/zukqadAe9N8?si=M1D-iNfUXiTaOKDm,Katha|Peace|Strotam|Wealth,Peace|Strotam,title_match:1.000|line:761
Mantra-Aur_audio_automation/new-tracks-payload-deduped.json,629,मधुराष्टकम,Madhurashtakam,https://youtu.be/sdZpM8paUnM?si=nAeAA34E_6X4S8uO,Ashtakam|Katha|Peace|Strotam|Wealth,Ashtakam|Peace,title_match:1.000|line:762
Mantra-Aur_audio_automation/new-tracks-payload-deduped.json,630,नारायण स्तोत्रम,Narayan Stotram,https://youtu.be/gsHIPGDctJ0?si=lAIFco1_0UhAKruS,Peace|Strotam|VishnuJi,Peace|Strotam,title_match:1.000|line:763
Mantra-Aur_audio_automation/new-tracks-payload-deduped.json,632,दक्षिणमूर्ति स्तोत्रम,Dakshinamurti Stotram,https://youtu.be/LNrQLgfTGJA?si=Ny6Y5AKVVghnbuXG,Knowledge|Peace|Strotam,Peace|Strotam,title_match:1.000|line:765
Mantra-Aur_audio_automation/new-tracks-payload-deduped.json,633,राम अष्टकम,Ram Ashtakam,https://youtu.be/EvfGBluQkSk?si=7z6NrixCl74aIvH_,Ashtakam|Katha|Peace|Ramji|Wealth,Ashtakam|Peace,title_match:1.000|line:766
Mantra-Aur_audio_automation/new-tracks-payload-deduped.json,635,कृष्ण अष्टकम,Krishna Ashtakam,https://youtu.be/PvdeDNeCiQc?si=GEiACiPyXCFv9oen,Ashtakam|KrishnaJi|Peace|Strotam|Wealth,Ashtakam|KrishnaJi,title_match:1.000|line:543
Mantra-Aur_audio_automation/new-tracks-payload-deduped.json,636,कर दर्शन स्तुति,Kar Darshan Stuti,https://youtu.be/UJZZyryDK00?si=pS4DwK9XFn84QOnQ,Peace|Stuti|SubahUthteHi,Peace|Stuti,title_match:1.000|line:773
Mantra-Aur_audio_automation/new-tracks-payload-deduped.json,637,श्री राम स्तुति,Shri Ram Stuti,https://youtu.be/leVoi6kkp3o?si=v3atP52xIcpUEFs8,Katha|Knowledge|Peace|Shloka|Stuti|Wealth,Peace|Stuti,title_match:1.000|line:774
Mantra-Aur_audio_automation/new-tracks-payload-deduped.json,638,शिव रुद्राष्टकम स्तुति,Shiv Rudrashtakam Stuti,https://youtu.be/8xvbnfVIJL4?si=nj45iNF3J8MaTlA_,Katha|Peace|Stuti|Wealth,Peace|Stuti,title_match:1.000|line:775
Mantra-Aur_audio_automation/new-tracks-payload-deduped.json,639,नारायण स्तुति,Narayan Stuti,https://youtu.be/Im5TK-glA9M?si=9nkexVkWvXGF3cUA,Mantra|Peace|Stuti|VishnuJi|Wealth,Peace|Stuti,title_match:1.000|line:776
Mantra-Aur_audio_automation/new-tracks-payload-deduped.json,640,शिव मानस स्तुति,Shiv Manas Stuti,https://youtu.be/HblVEP-ecEo?si=XaU9U-v4WoR7-NDE,Knowledge|Peace|Stuti,Peace|Stuti,title_match:1.000|line:777
Mantra-Aur_audio_automation/new-tracks-payload-deduped.json,641,सरस्वती स्तुति,Saraswati Stuti,https://youtu.be/Njc1Hu6WPDU?si=2e_xq2AoGxLJomUg,Peace|Stuti|Wealth,Peace|Stuti,title_match:1.000|line:778
Mantra-Aur_audio_automation/new-tracks-payload-deduped.json,644,श्री कृष्ण स्तुति,Shri Krishna Stuti,https://youtu.be/f_tCqLX6GNU?si=g9esdPlr_XnbbTWa,Knowledge|Peace|Stuti|Wealth,Peace|Stuti,title_match:1.000|line:781
Mantra-Aur_audio_automation/new-tracks-payload-deduped.json,646,उपनिषद शांति पाठ,Upanishad Shanti Path,https://youtu.be/vfzibQrVPoM?si=y7xPU6cE7-JtCkvc,Peace|Shloka|Wealth,Peace|Shloka,title_match:1.000|line:786
Mantra-Aur_audio_automation/new-tracks-payload-deduped.json,651,कठोपनिषद शांति,Kathopanishad Shanti,https://youtu.be/iRVIbOMymj0?si=cFBjMhHR-DcFq9_Y,BhojanSePehle|Katha|Mantra|Peace|Shloka|Wealth,Peace|Shloka,title_match:1.000|line:792
Mantra-Aur_audio_automation/new-tracks-payload-deduped.json,656,अध्यात्म श्लोक,Adhyatma Shlok,https://youtube.com/shorts/vp2Wp1mtb7o?si=ZDoZPcitIfChkb7U,Knowledge|Peace|Shloka,Peace|Shloka,title_match:1.000|line:797
Mantra-Aur_audio_automation/new-tracks-payload-deduped.json,657,दुर्गा बीज मंत्र,Durga Beej Mantra,https://youtu.be/jB4aaP2X7S4?si=fNw_s_3Ep9aH-uJZ,DurjaJi|Katha|Mantra|Peace|Strength|Wealth,Mantra|Strength,title_match:1.000|line:803
Mantra-Aur_audio_automation/new-tracks-payload-deduped.json,658,हनुमान बीज मंत्र,Hanuman Beej Mantra,https://youtu.be/o5Uk1sxGBZU?si=aIuPQqmzIrromxMt,HanumanJi|Mantra|Strength,HanumanJi|Mantra,title_match:1.000|line:79
Mantra-Aur_audio_automation/new-tracks-payload-deduped.json,661,हनुमान स्तुति मंत्र,Hanuman Stuti Mantra,https://youtu.be/iWd6VAWduZg?si=qrMcv4ayCSmC3X_q,HanumanJi|Katha|Mantra|Shloka|Strength|Stuti|Wealth,Strength|Stuti,title_match:1.000|line:807
Mantra-Aur_audio_automation/new-tracks-payload-deduped.json,662,दुर्गा दुःस्वप्न निवारण,Durga Duhswapna Nivaran,https://youtu.be/GHBynIok2Lo?si=uHYmAAtpv22yQ64n,DurjaJi|Mantra|Strength,Strength,title_match:1.000|line:808
Mantra-Aur_audio_automation/new-tracks-payload-deduped.json,664,राम रक्षा कवच मंत्र,Ram Raksha Kavach Mantra,https://youtu.be/y-Xv63obhKI?si=M5eZNo40oYpESgJA,Katha|Mantra|Ramji|Shloka|Strength|Strotam|Wealth,Mantra|Strength,title_match:1.000|line:811
Mantra-Aur_audio_automation/new-tracks-payload-deduped.json,665,महामृत्युंजय मंत्र,Mahamrityunjay Mantra,https://youtu.be/OV9LXGOXjgs?si=0izGm1eYkmBS0343,Katha|Mantra|Peace|Shivji|Shloka|Strength|Wealth,Mantra|Shivji,title_match:1.000|line:6
Mantra-Aur_audio_automation/new-tracks-payload-deduped.json,667,कार्तिकेय मंत्र,Kartikeya Mantra,https://youtu.be/5arZWUzAQ2U?si=t1dIPuKyuZOw08Cb,Mantra|Shloka|Strength|Wealth,Mantra|Strength,title_match:1.000|line:814
Mantra-Aur_audio_automation/new-tracks-payload-deduped.json,670,सर्व सुरक्षा मंत्र,Sarva Suraksha Mantra,https://youtu.be/bc1obsjb58c?si=oQIb1G1Fx1wOJ8Gw,Mantra|Peace|Shivji|Shloka|Strength|Wealth,Mantra|Strength,title_match:1.000|line:817
Mantra-Aur_audio_automation/new-tracks-payload-deduped.json,671,हनुमान चालीसा,Hanuman Chalisa,https://youtu.be/AETFvQonfV8?si=YezmW2nYi76Eoi6Q,Chalisa|HanumanJi|Katha|Strength|Wealth,Chalisa|HanumanJi,title_match:1.000|line:107
Mantra-Aur_audio_automation/new-tracks-payload-deduped.json,672,दुर्गा चालीसा,Durga Chalisa,https://youtu.be/fsMzgFMMGxA?si=vMcngDgu3vYUf4te,Chalisa|DurjaJi|Strength|Wealth,Chalisa|Strength,title_match:1.000|line:845
Mantra-Aur_audio_automation/new-tracks-payload-deduped.json,673,शिव चालीसा,Shiv Chalisa,https://youtu.be/-mUoM-sSzkc?si=a3TP0d2Z_b5S-kCr,Chalisa|Shivji|Strength,Chalisa|Shivji,title_match:1.000|line:36
Mantra-Aur_audio_automation/new-tracks-payload-deduped.json,677,शनि चालीसा,Shani Chalisa,https://youtu.be/MJ14wONWjWg?si=DEpgPZC7NuC6rPgX,Chalisa|ShaniiDevJi|Strength,Chalisa|ShaniiDevJi,title_match:1.000|line:351
Mantra-Aur_audio_automation/new-tracks-payload-deduped.json,678,राम चालीसा,Ram Chalisa,https://youtu.be/MoJw2s6q4P0?si=R2XibwgmtcN1lazL,Chalisa|Katha|Ramji|Strength|Wealth,Chalisa|Strength,title_match:1.000|line:851
Mantra-Aur_audio_automation/new-tracks-payload-deduped.json,683,गणेश चालीसा,Ganesh Chalisa,https://youtu.be/WyHFSjN0miU?si=C2PbbebEskn6KqLR,Chalisa|GaneshJi|Katha|Strength|Wealth,Chalisa|GaneshJi,title_match:1.000|line:471
Mantra-Aur_audio_automation/new-tracks-payload-deduped.json,684,सरस्वती चालीसा,Saraswati Chalisa,https://youtu.be/w19sRwFqbwY?si=gQYxs5wL-HxhsoAF,Chalisa|Strength|Wealth,Chalisa|Strength,title_match:1.000|line:857
Mantra-Aur_audio_automation/new-tracks-payload-deduped.json,685,लक्ष्मी चालीसा,Lakshmi Chalisa,https://youtu.be/aLKLcvJZ2Hc?si=LghSz9KgBnH3YqXK,Chalisa|LakshmiJi|Shloka|Strength|Wealth,Chalisa|Strength,title_match:1.000|line:858
Mantra-Aur_audio_automation/new-tracks-payload-deduped.json,686,सरस्वती बीज मंत्र,Saraswati Beej Mantra,https://youtu.be/B2Mbb_uUC8E?si=9o3n9FgDqedN50LH,Knowledge|Mantra|Shloka|Wealth,Knowledge|Mantra,title_match:1.000|line:865
Mantra-Aur_audio_automation/new-tracks-payload-deduped.json,687,गायत्री मंत्र,Gayatri Mantra,https://youtu.be/nwRoHC83wx0?si=f1Akd4C3BSvXNJaE,Katha|Knowledge|Mantra|Peace|Shloka|Wealth,Mantra|Peace,title_match:1.000|line:730
Mantra-Aur_audio_automation/new-tracks-payload-deduped.json,688,विद्या प्राप्ति मंत्र,Vidya Prapti Mantra,https://youtube.com/shorts/8HTkpFKRqbw?si=gXDWT4gUuB1QS0Sj,Knowledge|Mantra|Shloka,Knowledge|Mantra,title_match:1.000|line:867
Mantra-Aur_audio_automation/new-tracks-payload-deduped.json,689,गणेश विद्या मंत्र,Ganesh Vidya Mantra,https://youtu.be/Naruxgq6oMU?si=FcMrbfkDJoW6MNjX,GaneshJi|Katha|Knowledge|Mantra|Peace|Shloka|Wealth,Knowledge|Mantra,title_match:1.000|line:868
Mantra-Aur_audio_automation/new-tracks-payload-deduped.json,693,नवग्रह सरस्वती,Navgrah Saraswati,https://youtu.be/-NqX8zOZ62w?si=Gama0RD6ZBaBqVBt,Knowledge|Mantra|Peace|Shloka|Wealth,Knowledge,title_match:1.000|line:872
Mantra-Aur_audio_automation/new-tracks-payload-deduped.json,695,सूर्य प्रज्ञा मंत्र,Surya Pragya Mantra,https://youtu.be/kOgaTaFcgjU?si=JDvMuvOFUXbD0Icu,Knowledge|Mantra|Shloka|Wealth,Knowledge|Mantra,title_match:1.000|line:874
Mantra-Aur_audio_automation/new-tracks-payload-deduped.json,699,नील सरस्वती स्तोत्र,Neel Saraswati Stotra,https://youtu.be/log_B4nMkH0?si=T7hhpGvgFFSaNdjq,Knowledge|Strotam|Wealth,Knowledge|Strotam,title_match:1.000|line:882
Mantra-Aur_audio_automation/new-tracks-payload-deduped.json,701,दक्षिणमूर्ति स्तोत्र,Dakshinamurti Stotra,https://youtu.be/LNrQLgfTGJA?si=Ny6Y5AKVVghnbuXG,Knowledge|Peace|Strotam,Knowledge|Strotam,title_match:1.000|line:884
Mantra-Aur_audio_automation/new-tracks-payload-deduped.json,702,बृहस्पति स्तोत्र,Brihaspati Stotra,https://youtu.be/R15QXx7yRUo?si=aCpS8BKqgcMwoOqs,Knowledge|Strotam|Stuti,Knowledge|Strotam,title_match:1.000|line:885
Mantra-Aur_audio_automation/new-tracks-payload-deduped.json,706,गणेश पंचरत्न स्तोत्र,Ganesh Pancharatna Stotra,https://youtu.be/vYFOV9nj-_w?si=_NycUXJsmBt6Da4d,Ashtakam|GaneshJi|Katha|Knowledge|Strotam|Wealth,Knowledge|Strotam,title_match:1.000|line:889
Mantra-Aur_audio_automation/new-tracks-payload-deduped.json,708,गणेश स्तुति (गजाननं भूत..),Ganesh Stuti (Gajananm Bhut..),https://youtu.be/6fl5JFL-SoA?si=q5d9ZR9bNuB-cEot,GaneshJi|Knowledge|Shloka|Stuti,Knowledge|Stuti,title_match:1.000|line:894
Mantra-Aur_audio_automation/new-tracks-payload-deduped.json,709,गुरु वंदना (गुरुर्ब्रह्मा..),Guru Vandana (Gururbrahma..),https://youtube.com/shorts/ycvqpPFyQSU?si=tJjnZm6QMTDBoMPY,Knowledge|PoojaKeSamay|Stuti,Knowledge|Stuti,title_match:1.000|line:895
Mantra-Aur_audio_automation/new-tracks-payload-deduped.json,710,शिव मानस स्तुति,Shiv Manas Stuti,https://youtu.be/HblVEP-ecEo?si=XaU9U-v4WoR7-NDE,Knowledge|Peace|Stuti,Peace|Stuti,title_match:1.000|line:777
Mantra-Aur_audio_automation/new-tracks-payload-deduped.json,711,हनुमान बुद्धि स्तुति,Hanuman Buddhi Stuti,https://youtu.be/OOS-Pcovi-4?si=vJZVLePUjRe5jde6,Katha|Knowledge|Stuti|Wealth,Knowledge|Stuti,title_match:1.000|line:897
Mantra-Aur_audio_automation/new-tracks-payload-deduped.json,713,विष्णु स्तुति (शान्ताकारं..),Vishnu Stuti (Shantakaram..),https://youtu.be/XAxNnRPoyiU?si=SzEsaZlOfS48Hd-b,Knowledge|Shloka|Stuti|VishnuJi|Wealth,Knowledge|Stuti,title_match:1.000|line:899
Mantra-Aur_audio_automation/new-tracks-payload-deduped.json,714,राम स्तुति (श्री रामचन्द्र..),Ram Stuti (Shri Ramchandra..),https://youtu.be/leVoi6kkp3o?si=v3atP52xIcpUEFs8,Katha|Knowledge|Peace|Shloka|Stuti|Wealth,Knowledge|Stuti,title_match:1.000|line:900
Mantra-Aur_audio_automation/new-tracks-payload-deduped.json,716,कृष्ण स्तुति (कस्तूरी तिलकम..),Krishna Stuti (Kasturi Tilakam..),https://youtu.be/f_tCqLX6GNU?si=g9esdPlr_XnbbTWa,Knowledge|Peace|Stuti|Wealth,Knowledge|Stuti,title_match:1.000|line:902
Mantra-Aur_audio_automation/new-tracks-payload-deduped.json,717,बृहस्पति स्तुति,Brihaspati Stuti,https://youtu.be/R15QXx7yRUo?si=F8f5-iFv9tBh6OJx,Knowledge|Strotam|Stuti,Knowledge|Stuti,title_match:1.000|line:903
Mantra-Aur_audio_automation/new-tracks-payload-deduped.json,718,गुरु श्लोक,Guru Shlok,https://youtu.be/jXPk7TnZC4c?si=3IMkISoz8uz7DN_R,Knowledge|Mantra|Peace|Shloka,Knowledge|Shloka,title_match:1.000|line:907
Mantra-Aur_audio_automation/new-tracks-payload-deduped.json,723,वैदिक विद्या,Vedic Vidya,https://youtube.com/shorts/vp2Wp1mtb7o?si=94qjGBD7qZDFoWA3,Knowledge|Peace|Shloka,Knowledge|Shloka,title_match:1.000|line:912
Mantra-Aur_audio_automation/new-tracks-payload-deduped.json,724,सरस्वती श्लोक,Saraswati Shlok,https://youtube.com/shorts/8HTkpFKRqbw?si=lKsOmUxq3-s1g_eR,Knowledge|Mantra|Shloka,Knowledge|Shloka,title_match:1.000|line:913
Mantra-Aur_audio_automation/new-tracks-payload-deduped.json,727,गीता श्लोक 2,Gita Shlok 2,https://youtube.com/shorts/8-qBFaUbKfs?si=KrUhmC4PxuR0yc_a,Knowledge|Shloka|Wealth,Knowledge|Shloka,title_match:1.000|line:916
Mantra-Aur_audio_automation/new-tracks-payload-deduped.json,729,महालक्ष्मी बीज मंत्र,Mahalakshmi Beej Mantra,https://youtu.be/bcs4geISuy0?si=iIlUMsgUwP0VAQdf,Katha|LakshmiJi|Mantra|Peace|Shloka|Wealth,LakshmiJi|Mantra,title_match:1.000|line:286
Mantra-Aur_audio_automation/new-tracks-payload-deduped.json,730,कुबेर मंत्र,Kuber Mantra,https://youtu.be/IKGvPex_NQM?si=1DrV4jmYl-n-B0rm,Mantra|Shloka|Wealth,Mantra|Wealth,title_match:1.000|line:925
Mantra-Aur_audio_automation/new-tracks-payload-deduped.json,731,महालक्ष्मी मूल मंत्र,Mahalakshmi Mool Mantra,https://youtu.be/m8hvtU9Lzzk?si=1K9flqSsHLdbD1bx,LakshmiJi|Mantra|Wealth,Mantra|Wealth,title_match:1.000|line:926
Mantra-Aur_audio_automation/new-tracks-payload-deduped.json,732,लक्ष्मी मंत्र,Lakshmi Mantra,https://youtu.be/g_czAYo3MKQ?si=-LU0VBJs1MmgBg7t,LakshmiJi|Mantra|Wealth,Mantra|Wealth,title_match:1.000|line:927
Mantra-Aur_audio_automation/new-tracks-payload-deduped.json,735,विष्णु लक्ष्मी मंत्र,Vishnu Lakshmi Mantra,https://youtu.be/4-XRc7ofCkM?si=bWMvUOXKrHoN6k3S,Mantra|Shloka|Wealth,Mantra|Wealth,title_match:1.000|line:930
Mantra-Aur_audio_automation/new-tracks-payload-deduped.json,736,महालक्ष्मी गायत्री,Mahalakshmi Gayatri,https://youtu.be/HeqiNrjiCfk?si=EyUBWgbK16-rLLp0,LakshmiJi|Mantra|Shloka|Wealth,Wealth,title_match:1.000|line:931
Mantra-Aur_audio_automation/new-tracks-payload-deduped.json,739,कनकधारा स्तोत्र,Kanakdhara Stotra,https://youtu.be/3Y1JGvieOBk?si=-Vziy6rODds0zN_H,LakshmiJi|Strotam|Wealth,LakshmiJi|Strotam,title_match:1.000|line:297
Mantra-Aur_audio_automation/new-tracks-payload-deduped.json,740,श्री सूक्तम,Shri Suktam,https://youtu.be/OC7LQxuhQUU?si=Dk4q0uGOrbCSfm7I,LakshmiJi|Shloka|Strotam|Wealth,LakshmiJi|Strotam,title_match:1.000|line:295
Mantra-Aur_audio_automation/new-tracks-payload-deduped.json,741,महालक्ष्मी अष्टकम,Mahalakshmi Ashtakam,https://youtu.be/RDWtngDhknA?si=WCTJjON7OPrv6Hdy,LakshmiJi|Shloka|Strotam|Wealth,Strotam|Wealth,title_match:1.000|line:939
Mantra-Aur_audio_automation/new-tracks-payload-deduped.json,743,अष्टलक्ष्मी स्तोत्र,Ashtalakshmi Stotra,https://youtu.be/qb5EuozSWA0?si=1DOqyZO7j9BrmhKi,LakshmiJi|Strotam|Wealth,LakshmiJi|Strotam,title_match:1.000|line:300
Mantra-Aur_audio_automation/new-tracks-payload-deduped.json,744,लक्ष्मी हृदय स्तोत्र,Lakshmi Hridaya Stotra,https://youtu.be/phOoGvDu_h4?si=XKx4FvAb65DYm0Vv,LakshmiJi|Strotam|Wealth,LakshmiJi|Strotam,title_match:1.000|line:298
Mantra-Aur_audio_automation/new-tracks-payload-deduped.json,745,गणेश संकटनाशन स्तोत्र,Ganesh Sankatnashan Stotra,https://youtu.be/aTFeZxXkL78?si=duxsc5pwTGoNRBpq,GaneshJi|Katha|Strotam|Wealth,Strotam|Wealth,title_match:1.000|line:943
Mantra-Aur_audio_automation/new-tracks-payload-deduped.json,748,नारायण सूक्तम,Narayan Suktam,https://youtu.be/vLP6gdiDbOU?si=m7rY9Wm1sygwWuaf,Strotam|VishnuJi|Wealth,Strotam|Wealth,title_match:1.000|line:946
Mantra-Aur_audio_automation/new-tracks-payload-deduped.json,752,गणेश चालीसा,Ganesh Chalisa,https://youtu.be/WyHFSjN0miU?si=C2PbbebEskn6KqLR,Chalisa|GaneshJi|Katha|Strength|Wealth,Chalisa|GaneshJi,title_match:1.000|line:471
Mantra-Aur_audio_automation/new-tracks-payload-deduped.json,753,सरस्वती चालीसा,Saraswati Chalisa,https://youtu.be/w19sRwFqbwY?si=gQYxs5wL-HxhsoAF,Chalisa|Strength|Wealth,Chalisa|Strength,title_match:1.000|line:857
Mantra-Aur_audio_automation/new-tracks-payload-deduped.json,755,लक्ष्मी जी की आरती,Lakshmi Ji Ki Aarti,https://youtu.be/zdZ67AM47u8?si=Ff03RfC0f0Fll-oI,Aarti|Shloka|Wealth,Aarti|Wealth,title_match:1.000|line:960
Mantra-Aur_audio_automation/new-tracks-payload-deduped.json,756,कुबेर जी की आरती,Kuber Ji Ki Aarti,https://youtu.be/c0J1WntPaDg?si=MKuPTGQBJ6wKVF5s,Aarti|Shloka|Wealth,Aarti|Wealth,title_match:1.000|line:961
Mantra-Aur_audio_automation/new-tracks-payload-deduped.json,759,नमो नमस्तेऽस्तु महामाये श्रीपीठे सुरपूजिते,Namo Namastestu Mahamaye Shripithe Surapujite,https://youtube.com/shorts/7BEYmt8EeX8?si=kqi58ODFW_qjBs1A,Shloka|Strotam|Wealth,Shloka|Wealth,title_match:1.000|line:967
Mantra-Aur_audio_automation/new-tracks-payload-deduped.json,760,धनं धान्यं पशुं बहुपुत्रलाभं शतसंवत्सरं दीर्घमायुः,Dhanam Dhanyam Pashum Bahuputralabham Shatasamvatsaram DirghamAyuh,https://youtube.com/shorts/8hbV_LQKvv0?si=k4cFAIlX83ys0rDI,Shloka|Strotam|Wealth,Shloka|Wealth,title_match:1.000|line:968
Mantra-Aur_audio_automation/new-tracks-payload-deduped.json,763,यक्षाय कुबेराय वैश्रवणाय धनधान्याधिपतये,Yakshaya Kuberaya Vaishravanaya Dhanadhanyadhipataye,https://youtu.be/IKGvPex_NQM?si=wE8sis6qTbHLMdVg,Mantra|Shloka|Wealth,Shloka|Wealth,title_match:1.000|line:973
Mantra-Aur_audio_automation/new-tracks-payload-deduped.json,764,कर्मण्येवाधिकारस्ते मा फलेषु कदाचन,Karmanyevadhikaraste Ma Phaleshu Kadachana,https://youtube.com/shorts/8-qBFaUbKfs?si=3v_PngXwBsh9bHST,Knowledge|Shloka|Wealth,Shloka|Wealth,title_match:1.000|line:974
Mantra-Aur_audio_automation/new-tracks-payload-deduped.json,765,सर्वमङ्गलमाङ्गल्ये शिवे सर्वार्थसाधिके,Sarvamangalamangalye Shive Sarvarthasadhike,https://youtu.be/ZdBVEV5u2To?si=em-5O2iYoV9z50BF,DurjaJi|Shloka|Wealth,Shloka|Wealth,title_match:1.000|line:975
Mantra-Aur_audio_automation/new-tracks-payload-deduped.json,766,आपदामपहर्तारं दातारं सर्वसंपदाम्,Apadamapahartaram Dataram Sarvasampadam,https://youtu.be/y-Xv63obhKI?si=M5eZNo40oYpESgJA,Katha|Mantra|Ramji|Shloka|Strength|Strotam|Wealth,Shloka|Wealth,title_match:1.000|line:976
Mantra-Aur_audio_automation/new-tracks-payload-deduped.json,769,कात्यायनी मंत्र,Katyayani Mantra,https://youtu.be/6YC07U56lEE?si=yMIUoQan-D0osO7O,Shloka|Stuti|Wealth,Shloka|Wealth,title_match:1.000|line:985
Mantra-Aur_audio_automation/new-tracks-payload-deduped.json,772,विष्णु-लक्ष्मी मंत्र,Vishnu-Lakshmi Mantra,https://youtu.be/4-XRc7ofCkM?si=X27vyybJleAeslG2,Mantra|Shloka|Wealth,Mantra|Wealth,title_match:1.000|line:930
Mantra-Aur_audio_automation/new-tracks-payload-deduped.json,773,शिव शक्ति मंत्र,Shiv Shakti Mantra,https://youtu.be/Ly_Md1OOyTE?si=ni-k1rrLMF2suMfD,Katha|Mantra|Shivji|Shloka|Wealth,Shloka|Wealth,title_match:1.000|line:989
Mantra-Aur_audio_automation/new-tracks-payload-deduped.json,774,रुद्र मंत्र,Rudra Mantra,https://youtu.be/bc1obsjb58c?si=oQIb1G1Fx1wOJ8Gw,Mantra|Peace|Shivji|Shloka|Strength|Wealth,Shloka|Wealth,title_match:1.000|line:990
Mantra-Aur_audio_automation/new-tracks-payload-deduped.json,776,माँ सरस्वती मंत्र,Maa Saraswati Mantra,https://youtu.be/B2Mbb_uUC8E?si=9o3n9FgDqedN50LH,Knowledge|Mantra|Shloka|Wealth,Shloka|Wealth,title_match:1.000|line:992
Mantra-Aur_audio_automation/new-tracks-payload-deduped.json,778,मधुराष्टकम,Madhurashtakam,https://youtu.be/sdZpM8paUnM?si=nAeAA34E_6X4S8uO,Ashtakam|Katha|Peace|Strotam|Wealth,Ashtakam|Peace,title_match:1.000|line:762
Mantra-Aur_audio_automation/new-tracks-payload-deduped.json,783,लक्ष्मी नारायण स्तोत्र,Lakshmi Narayan Stotra,https://youtu.be/EkAUXHqqaLk?si=b2ZaLaeUWX9IOTP5,Strotam|VishnuJi|Wealth,Strotam|VishnuJi,title_match:1.000|line:235
Mantra-Aur_audio_automation/new-tracks-payload-deduped.json,784,कृष्ण अष्टकम,Krishna Ashtakam,https://youtu.be/PvdeDNeCiQc?si=GEiACiPyXCFv9oen,Ashtakam|KrishnaJi|Peace|Strotam|Wealth,Ashtakam|KrishnaJi,title_match:1.000|line:543
Mantra-Aur_audio_automation/new-tracks-payload-deduped.json,789,सीता स्तुति,Sita Stuti,https://youtu.be/RlNJspksnbg?si=RCael-63gpq5zKU4,Ramji|Stuti|Wealth,Stuti|Wealth,title_match:1.000|line:1012
Mantra-Aur_audio_automation/new-tracks-payload-deduped.json,790,कृष्ण स्तुति,Krishna Stuti,https://youtu.be/f_tCqLX6GNU?si=g9esdPlr_XnbbTWa,Knowledge|Peace|Stuti|Wealth,Stuti|Wealth,title_match:1.000|line:1013
Mantra-Aur_audio_automation/new-tracks-payload-deduped.json,792,गोपाल स्तुति,Gopal Stuti,https://youtu.be/gyLT2Yz_yHo?si=nhoDAX1GtLKoJJzs,KrishnaJi|Strotam|Stuti|Wealth,Stuti|Wealth,title_match:1.000|line:1015
Mantra-Aur_audio_automation/new-tracks-payload-deduped.json,793,दुर्गा स्तुति,Durga Stuti,https://youtu.be/1kskWmG_u5Q?si=NtjDNiRY45StpS88,Shloka|Stuti|Wealth,Stuti|Wealth,title_match:1.000|line:1016
Mantra-Aur_audio_automation/new-tracks-payload-deduped.json,794,नारायण स्तुति,Narayan Stuti,https://youtu.be/Im5TK-glA9M?si=9nkexVkWvXGF3cUA,Mantra|Peace|Stuti|VishnuJi|Wealth,Peace|Stuti,title_match:1.000|line:776
Mantra-Aur_audio_automation/new-tracks-payload-deduped.json,795,सरस्वती स्तुति,Saraswati Stuti,https://youtu.be/Njc1Hu6WPDU?si=2e_xq2AoGxLJomUg,Peace|Stuti|Wealth,Peace|Stuti,title_match:1.000|line:778
Mantra-Aur_audio_automation/new-tracks-payload-deduped.json,796,हनुमान स्तुति,Hanuman Stuti,https://youtu.be/iWd6VAWduZg?si=qrMcv4ayCSmC3X_q,HanumanJi|Katha|Mantra|Shloka|Strength|Stuti|Wealth,Stuti|Wealth,title_match:1.000|line:1019
Mantra-Aur_audio_automation/new-tracks-payload-deduped.json,797,गणेश स्तुति,Ganesh Stuti,https://youtu.be/agqwzb3YzQ0?si=XnSUpCXTo4pmEzDK,Katha|Stuti|Wealth,Stuti|Wealth,title_match:1.000|line:1020
Mantra-Aur_audio_automation/new-tracks-payload-deduped.json,799,अच्युतम केशवम,Achyutam Keshavam,https://youtu.be/3yczGKnskts?si=FvdBzJon0L1sUzSE,Bhajan|Chalisa|Katha|KrishnaJi|Peace|Shloka|Stuti|VishnuJi|Wealth,Peace,title_match:1.000|line:753
Mantra-Aur_audio_automation/new-tracks-payload-deduped.json,802,यशोमती मैया से बोले,Yashomati Maiya Se Bole,https://youtu.be/yWTN6bsDWN4?si=UqPSo0fBRLeKdbXM,Bhajan|KrishnaJi|Stuti|Wealth,Stuti|Wealth,title_match:1.000|line:1028
Mantra-Aur_audio_automation/new-tracks-payload-deduped.json,807,ऐसी लागी लगन,Aisi Lagi Lagan,https://youtu.be/dnCE-kSHES0?si=cYpIjXtwIhaE19YB,Chalisa|Katha|Stuti|Wealth,Stuti|Wealth,title_match:1.000|line:1033
Mantra-Aur_audio_automation/new-tracks-payload-deduped.json,809,गायत्री मंत्र,Gayatri Mantra,https://youtu.be/nwRoHC83wx0?si=f1Akd4C3BSvXNJaE,Katha|Knowledge|Mantra|Peace|Shloka|Wealth,Mantra|Peace,title_match:1.000|line:730
Mantra-Aur_audio_automation/new-tracks-payload-deduped.json,810,महामृत्युंजय,Mahamrityunjay,https://youtu.be/OV9LXGOXjgs?si=0izGm1eYkmBS0343,Katha|Mantra|Peace|Shivji|Shloka|Strength|Wealth,Katha|Wealth,title_match:1.000|line:1056
Mantra-Aur_audio_automation/new-tracks-payload-deduped.json,811,हरे कृष्ण महामंत्र,Hare Krishna Mahamantra,https://youtu.be/Zdcth9NndEA?si=cBoFKjOpIFF2NbjP,Katha|KrishnaJi|Mantra|Peace|Wealth,Katha|Wealth,title_match:1.000|line:1057
Mantra-Aur_audio_automation/new-tracks-payload-deduped.json,812,गणेश मंत्र,Ganesha Mantra,https://youtu.be/Naruxgq6oMU?si=xqSFGrw15ZFcqKY-,GaneshJi|Katha|Knowledge|Mantra|Peace|Shloka|Wealth,Mantra|Peace,title_match:1.000|line:735
Mantra-Aur_audio_automation/new-tracks-payload-deduped.json,813,शांति मंत्र,Shanti Mantra,https://youtu.be/iRVIbOMymj0?si=p9yfDWWAsb63wtMq,BhojanSePehle|Katha|Mantra|Peace|Shloka|Wealth,BhojanSePehle,title_match:1.000|line:697
Mantra-Aur_audio_automation/new-tracks-payload-deduped.json,814,शिव पंचाक्षर,Shiv Panchakshar,https://youtube.com/shorts/AK-fDVxDV6A?si=hJqXBNcFgGpUmF7A,Katha|NahaneKeBaad|Wealth,NahaneKeBaad,title_match:1.000|line:690
Mantra-Aur_audio_automation/new-tracks-payload-deduped.json,815,लक्ष्मी मंत्र,Lakshmi Mantra,https://youtu.be/bcs4geISuy0?si=-BYP11FJGKAQ7fk3,Katha|LakshmiJi|Mantra|Peace|Shloka|Wealth,Katha|Wealth,title_match:1.000|line:1061
Mantra-Aur_audio_automation/new-tracks-payload-deduped.json,816,हनुमान मंत्र,Hanuman Mantra,https://youtu.be/Zagf46kv7p8?si=adpqwJ6tLsIAHHr0,Katha|Shloka|Wealth,Katha|Wealth,title_match:1.000|line:1062
Mantra-Aur_audio_automation/new-tracks-payload-deduped.json,817,कृष्ण शरणम,Krishna Sharanam,https://youtu.be/1y2tRqtND1Y?si=wVq_YTMXmSeZFrYr,Katha|KrishnaJi|Mantra|Peace|Wealth,Peace,title_match:1.000|line:750
Mantra-Aur_audio_automation/new-tracks-payload-deduped.json,818,नारायण मंत्र,Narayan Mantra,https://youtu.be/BBV0HQI3NB4?si=hqwyrr6ZWl8nXuSc,Katha|Strength|Strotam|Wealth,Katha|Wealth,title_match:1.000|line:1064
Mantra-Aur_audio_automation/new-tracks-payload-deduped.json,819,बुद्ध मंत्र,Buddha Mantra,https://youtu.be/ntpeQR7K0PI?si=4_9jjQ1cbxYs7wRa,Katha|Mantra|Peace|Wealth,Mantra|Peace,title_match:1.000|line:737
Mantra-Aur_audio_automation/new-tracks-payload-deduped.json,820,श्री राम स्तुति,Shri Ram Stuti,https://youtu.be/leVoi6kkp3o?si=v3atP52xIcpUEFs8,Katha|Knowledge|Peace|Shloka|Stuti|Wealth,Peace|Stuti,title_match:1.000|line:774
Mantra-Aur_audio_automation/new-tracks-payload-deduped.json,822,गणेश स्तुति,Ganesha Stuti,https://youtu.be/agqwzb3YzQ0?si=XnSUpCXTo4pmEzDK,Katha|Stuti|Wealth,Stuti|Wealth,title_match:1.000|line:1020
Mantra-Aur_audio_automation/new-tracks-payload-deduped.json,823,नारायण स्तुति,Narayan Stuti,https://youtu.be/Im5TK-glA9M?si=9nkexVkWvXGF3cUA,Mantra|Peace|Stuti|VishnuJi|Wealth,Peace|Stuti,title_match:1.000|line:776
Mantra-Aur_audio_automation/new-tracks-payload-deduped.json,824,सरस्वती स्तुति,Saraswati Stuti,https://youtu.be/Njc1Hu6WPDU?si=2e_xq2AoGxLJomUg,Peace|Stuti|Wealth,Peace|Stuti,title_match:1.000|line:778
Mantra-Aur_audio_automation/new-tracks-payload-deduped.json,825,हनुमान स्तुति,Hanuman Stuti,https://youtu.be/CIl1O1GwOfk?si=S3QRakW4DlnGi8eb,HanumanJi|Katha|Shloka|Stuti|Wealth,Stuti|Wealth,title_match:1.000|line:1074
Mantra-Aur_audio_automation/new-tracks-payload-deduped.json,826,दुर्गा स्तुति,Durga Stuti,https://youtu.be/1kskWmG_u5Q?si=NtjDNiRY45StpS88,Shloka|Stuti|Wealth,Stuti|Wealth,title_match:1.000|line:1016
Mantra-Aur_audio_automation/new-tracks-payload-deduped.json,827,कात्यायनी स्तुति,Katyayani Stuti,https://youtu.be/6YC07U56lEE?si=yMIUoQan-D0osO7O,Shloka|Stuti|Wealth,Stuti|Wealth,title_match:1.000|line:1076
Mantra-Aur_audio_automation/new-tracks-payload-deduped.json,828,कृष्ण स्तुति,Krishna Stuti,https://youtu.be/f_tCqLX6GNU?si=g9esdPlr_XnbbTWa,Knowledge|Peace|Stuti|Wealth,Stuti|Wealth,title_match:1.000|line:1013
Mantra-Aur_audio_automation/new-tracks-payload-deduped.json,831,गणेश श्लोक,Ganesha Shlok,https://youtube.com/shorts/1mCkCzBIvDo?si=gbomNeAXomyRR6Xw,Katha|Shloka|Wealth,Shloka|Wealth,title_match:1.000|line:1099
Mantra-Aur_audio_automation/new-tracks-payload-deduped.json,832,शिव श्लोक,Shiv Shlok,https://youtube.com/shorts/IPmuTHmizWo?si=XZ2PxqPnPCnTi9QR,Katha|Shloka|Wealth,Shloka|Wealth,title_match:1.000|line:1100
Mantra-Aur_audio_automation/new-tracks-payload-deduped.json,838,हनुमान श्लोक,Hanuman Shlok,https://youtu.be/iWd6VAWduZg?si=qrMcv4ayCSmC3X_q,HanumanJi|Katha|Mantra|Shloka|Strength|Stuti|Wealth,Shloka|Wealth,title_match:1.000|line:1106
Mantra-Aur_audio_automation/new-tracks-payload-deduped.json,839,महामृत्युंजय मंत्र,Mahamrityunjay Mantra,https://youtu.be/OV9LXGOXjgs?si=0izGm1eYkmBS0343,Katha|Mantra|Peace|Shivji|Shloka|Strength|Wealth,Mantra|Shivji,title_match:1.000|line:6
Mantra-Aur_audio_automation/new-tracks-payload-deduped.json,843,हनुमान स्वास्थ्य मंत्र,Hanuman Swasthya Mantra,https://youtu.be/FUpzgvsWkL8?si=qjtBffQzDjZu3rmc,HanumanJi|Katha|Mantra|Shloka|Wealth,Shloka|Wealth,title_match:1.000|line:1117
Mantra-Aur_audio_automation/new-tracks-payload-deduped.json,845,दुर्गा आरोग्य मंत्र,Durga Arogya Mantra,https://youtu.be/OKRVaXU01kI?si=JiW7DxUS6igTBq2G,DurjaJi|Mantra|Shloka|Wealth,Shloka|Wealth,title_match:1.000|line:1119
Mantra-Aur_audio_automation/new-tracks-payload-deduped.json,847,गायत्री मंत्र,Gayatri Mantra,https://youtu.be/nwRoHC83wx0?si=f1Akd4C3BSvXNJaE,Katha|Knowledge|Mantra|Peace|Shloka|Wealth,Mantra|Peace,title_match:1.000|line:730
Mantra-Aur_audio_automation/new-tracks-payload-deduped.json,849,संकट नाशन गणेश स्तोत्र,Sankat Naashan Ganesh Stotra,https://youtu.be/aTFeZxXkL78?si=HaE-tYiH834XPpXn,GaneshJi|Katha|Strotam|Wealth,Strotam|Wealth,title_match:1.000|line:1130
Mantra-Aur_audio_automation/new-tracks-payload-deduped.json,851,हनुमान स्तुति,Hanuman Stuti,https://youtu.be/CIl1O1GwOfk?si=0PLRHfGike1eIJPN,HanumanJi|Katha|Shloka|Stuti|Wealth,Stuti|Wealth,title_match:1.000|line:1074
Mantra-Aur_audio_automation/new-tracks-payload-deduped.json,853,दुर्गा स्तुति,Durga Stuti,https://youtu.be/Yof1Vrh5TK0?si=s3diaEG-5Tn4r_2c,DurjaJi|Mantra|Stuti|Wealth,Stuti|Wealth,title_match:1.000|line:1142
Mantra-Aur_audio_automation/new-tracks-payload-deduped.json,854,राम स्तुति,Ram Stuti,https://youtu.be/leVoi6kkp3o?si=v3atP52xIcpUEFs8,Katha|Knowledge|Peace|Shloka|Stuti|Wealth,Stuti|Wealth,title_match:1.000|line:1143
Mantra-Aur_audio_automation/new-tracks-payload-deduped.json,855,गणेश स्तुति,Ganesha Stuti,https://youtu.be/agqwzb3YzQ0?si=XnSUpCXTo4pmEzDK,Katha|Stuti|Wealth,Stuti|Wealth,title_match:1.000|line:1020
Mantra-Aur_audio_automation/new-tracks-payload-deduped.json,856,नारायण स्तुति,Narayan Stuti,https://youtu.be/Im5TK-glA9M?si=9nkexVkWvXGF3cUA,Mantra|Peace|Stuti|VishnuJi|Wealth,Peace|Stuti,title_match:1.000|line:776
Mantra-Aur_audio_automation/new-tracks-payload-deduped.json,857,विष्णु स्तुति,Vishnu Stuti,https://youtu.be/NE3SWh9_vR4?si=z8FGFGAzZeFHBd2I,Aarti|Katha|Shloka|Stuti|VishnuJi|Wealth,Stuti|Wealth,title_match:1.000|line:1146
Mantra-Aur_audio_automation/new-tracks-payload-deduped.json,859,सरस्वती स्तुति,Saraswati Stuti,https://youtu.be/Njc1Hu6WPDU?si=2e_xq2AoGxLJomUg,Peace|Stuti|Wealth,Peace|Stuti,title_match:1.000|line:778
Mantra-Aur_audio_automation/new-tracks-payload-deduped.json,860,आरोग्य श्लोक,Arogya Shlok,https://youtu.be/OKRVaXU01kI?si=iCg0c1WVrhyIyDez,DurjaJi|Mantra|Shloka|Wealth,Shloka|Wealth,title_match:1.000|line:1165
Mantra-Aur_audio_automation/new-tracks-payload-deduped.json,862,महामृत्युंजय,Mahamrityunjay,https://youtu.be/OV9LXGOXjgs?si=0izGm1eYkmBS0343,Katha|Mantra|Peace|Shivji|Shloka|Strength|Wealth,Katha|Wealth,title_match:1.000|line:1056
Mantra-Aur_audio_automation/new-tracks-payload-deduped.json,863,हनुमान स्वास्थ्य,Hanuman Swasthya,https://youtu.be/FUpzgvsWkL8?si=IR8jegQlpVL8NtTl,HanumanJi|Katha|Mantra|Shloka|Wealth,Shloka|Wealth,title_match:1.000|line:1168
Mantra-Aur_audio_automation/new-tracks-payload-deduped.json,870,गणेश मंत्र,Ganesha Mantra,https://youtu.be/Naruxgq6oMU?si=xqSFGrw15ZFcqKY-,GaneshJi|Katha|Knowledge|Mantra|Peace|Shloka|Wealth,Mantra|Peace,title_match:1.000|line:735
Mantra-Aur_audio_automation/new-tracks-payload-deduped.json,871,महालक्ष्मी मंत्र,Mahalakshmi Mantra,https://youtu.be/bcs4geISuy0?si=iIlUMsgUwP0VAQdf,Katha|LakshmiJi|Mantra|Peace|Shloka|Wealth,Shloka|Wealth,title_match:1.000|line:1182
Mantra-Aur_audio_automation/new-tracks-payload-deduped.json,872,गायत्री मंत्र,Gayatri Mantra,https://youtu.be/nwRoHC83wx0?si=f1Akd4C3BSvXNJaE,Katha|Knowledge|Mantra|Peace|Shloka|Wealth,Mantra|Peace,title_match:1.000|line:730
Mantra-Aur_audio_automation/new-tracks-payload-deduped.json,873,सरस्वती मंत्र,Saraswati Mantra,https://youtu.be/-NqX8zOZ62w?si=DWcjvgR9t3KYkz-D,Knowledge|Mantra|Peace|Shloka|Wealth,Mantra|Peace,title_match:1.000|line:739
Mantra-Aur_audio_automation/new-tracks-payload-deduped.json,874,हनुमान मंत्र,Hanuman Mantra,https://youtu.be/Zagf46kv7p8?si=adpqwJ6tLsIAHHr0,Katha|Shloka|Wealth,Katha|Wealth,title_match:1.000|line:1062
Mantra-Aur_audio_automation/new-tracks-payload-deduped.json,875,सूर्य मंत्र,Surya Mantra,https://youtu.be/kOgaTaFcgjU?si=JDvMuvOFUXbD0Icu,Knowledge|Mantra|Shloka|Wealth,Shloka|Wealth,title_match:1.000|line:1186
Mantra-Aur_audio_automation/new-tracks-payload-deduped.json,876,विष्णु मंत्र,Vishnu Mantra,https://youtu.be/felGgBmnx-I?si=YoB5C1tli8tX3Kpx,Katha|KrishnaJi|Mantra|Shloka|Wealth,Shloka|Wealth,title_match:1.000|line:1187
Mantra-Aur_audio_automation/new-tracks-payload-deduped.json,877,कार्तिकेय मंत्र,Kartikeya Mantra,https://youtu.be/5arZWUzAQ2U?si=t1dIPuKyuZOw08Cb,Mantra|Shloka|Strength|Wealth,Mantra|Strength,title_match:1.000|line:814
Mantra-Aur_audio_automation/new-tracks-payload-deduped.json,878,दुर्गा मंत्र,Durga Mantra,https://youtu.be/1kskWmG_u5Q?si=NtjDNiRY45StpS88,Shloka|Stuti|Wealth,Shloka|Wealth,title_match:1.000|line:1189
Mantra-Aur_audio_automation/new-tracks-payload-deduped.json,879,कुबेर मंत्र,Kuber Mantra,https://youtu.be/IKGvPex_NQM?si=xMEMFFJwC-anq-r8,Mantra|Shloka|Wealth,Mantra|Wealth,title_match:1.000|line:925
Mantra-Aur_audio_automation/new-tracks-payload-deduped.json,880,गणेश स्तुति,Ganesha Stuti,https://youtu.be/agqwzb3YzQ0?si=XnSUpCXTo4pmEzDK,Katha|Stuti|Wealth,Stuti|Wealth,title_match:1.000|line:1020
Mantra-Aur_audio_automation/new-tracks-payload-deduped.json,881,श्री राम स्तुति,Shri Ram Stuti,https://youtu.be/leVoi6kkp3o?si=v3atP52xIcpUEFs8,Katha|Knowledge|Peace|Shloka|Stuti|Wealth,Peace|Stuti,title_match:1.000|line:774
Mantra-Aur_audio_automation/new-tracks-payload-deduped.json,882,हनुमान स्तुति,Hanuman Stuti,https://youtu.be/CIl1O1GwOfk?si=0PLRHfGike1eIJPN,HanumanJi|Katha|Shloka|Stuti|Wealth,Stuti|Wealth,title_match:1.000|line:1074
Mantra-Aur_audio_automation/new-tracks-payload-deduped.json,883,सरस्वती स्तुति,Saraswati Stuti,https://youtu.be/Njc1Hu6WPDU?si=2e_xq2AoGxLJomUg,Peace|Stuti|Wealth,Peace|Stuti,title_match:1.000|line:778
Mantra-Aur_audio_automation/new-tracks-payload-deduped.json,887,नारायण स्तुति,Narayan Stuti,https://youtu.be/Im5TK-glA9M?si=9nkexVkWvXGF3cUA,Mantra|Peace|Stuti|VishnuJi|Wealth,Peace|Stuti,title_match:1.000|line:776
Mantra-Aur_audio_automation/new-tracks-payload-deduped.json,888,दुर्गा स्तुति,Durga Stuti,https://youtu.be/Yof1Vrh5TK0?si=s3diaEG-5Tn4r_2c,DurjaJi|Mantra|Stuti|Wealth,Stuti|Wealth,title_match:1.000|line:1142
Mantra-Aur_audio_automation/new-tracks-payload-deduped.json,889,विष्णु स्तुति,Vishnu Stuti,https://youtu.be/NE3SWh9_vR4?si=z8FGFGAzZeFHBd2I,Aarti|Katha|Shloka|Stuti|VishnuJi|Wealth,Stuti|Wealth,title_match:1.000|line:1146
Mantra-Aur_audio_automation/new-tracks-payload-deduped.json,890,इतनी शक्ति हमें देना दाता,Itni Shakti Humein Dena Data,https://youtu.be/3EnLaJKhO2A?si=7gCDpVLnLz5KZhbG,Chalisa|Stuti|Wealth,Stuti|Wealth,title_match:1.000|line:1159
Mantra-Aur_audio_automation/new-tracks-payload-deduped.json,891,राम नाम के हीरे मोती,Ram Naam Ke Heere Moti,https://youtu.be/6BJR_j4FHz4?si=hRLU-bLSvuuKWHgs,Bhajan|Chalisa|Katha|Ramji|Stuti|Wealth,Bhajan|Ramji,title_match:1.000|line:434
Mantra-Aur_audio_automation/new-tracks-payload-deduped.json,892,ऐसी लागी लगन,Aisi Lagi Lagan,https://youtu.be/dnCE-kSHES0?si=cYpIjXtwIhaE19YB,Chalisa|Katha|Stuti|Wealth,Stuti|Wealth,title_match:1.000|line:1033
Mantra-Aur_audio_automation/new-tracks-payload-deduped.json,893,ओ पालनहारे,O Palanhare,https://youtu.be/kbMinfmC3E0?si=EORk1j1UQxAqRLLu,Chalisa|Stuti|Wealth,Stuti|Wealth,title_match:1.000|line:1091
Mantra-Aur_audio_automation/new-tracks-payload-deduped.json,894,मेरा आपकी कृपा से,Mera Aapki Kripa Se,https://youtu.be/C9EespXQCGE?si=IyEpmHHsEOLzOuXF,Chalisa|Stuti|Wealth,Stuti|Wealth,title_match:1.000|line:1092
Mantra-Aur_audio_automation/new-tracks-payload-deduped.json,897,अच्युतम केशवम,Achyutam Keshavam,https://youtu.be/3yczGKnskts?si=FvdBzJon0L1sUzSE,Bhajan|Chalisa|Katha|KrishnaJi|Peace|Shloka|Stuti|VishnuJi|Wealth,Peace,title_match:1.000|line:753
Mantra-Aur_audio_automation/new-tracks-payload-deduped.json,900,कर्म श्लोक,Karm Shlok,https://youtu.be/m0VD0vSXNXQ?si=rYvcj8atb4ReJtxk,KrishnaJi|Shloka|Wealth,Shloka|Wealth,title_match:1.000|line:1242
Mantra-Aur_audio_automation/new-tracks-payload-deduped.json,902,गणेश श्लोक,Ganesha Shlok,https://youtube.com/shorts/1mCkCzBIvDo?si=gbomNeAXomyRR6Xw,Katha|Shloka|Wealth,Shloka|Wealth,title_match:1.000|line:1099
Mantra-Aur_audio_automation/new-tracks-payload-deduped.json,903,बुद्धि श्लोक,Buddhi Shlok,https://youtu.be/nwRoHC83wx0?si=f1Akd4C3BSvXNJaE,Katha|Knowledge|Mantra|Peace|Shloka|Wealth,Shloka|Wealth,title_match:1.000|line:1245
Mantra-Aur_audio_automation/new-tracks-payload-deduped.json,906,शांति-विजय,Shanti-Vijay,https://youtu.be/vfzibQrVPoM?si=y7xPU6cE7-JtCkvc,Peace|Shloka|Wealth,Shloka|Wealth,title_match:1.000|line:1248
Mantra-Aur_audio_automation/new-tracks-payload-deduped.json,908,गणेश गायत्री,Ganesh Gayatri,https://youtu.be/dkVlpm1mKFI?si=vJFkS8R3-PMxX_Ji,GaneshJi|Katha|Mantra|Shloka|Wealth,GaneshJi|Mantra,title_match:1.000|line:154
Mantra-Aur_audio_automation/new-tracks-payload-deduped.json,909,लक्ष्मी बीज मंत्र,Lakshmi Beej Mantra,https://youtu.be/bcs4geISuy0?si=iIlUMsgUwP0VAQdf,Katha|LakshmiJi|Mantra|Peace|Shloka|Wealth,Shloka|Wealth,title_match:1.000|line:1260
Mantra-Aur_audio_automation/new-tracks-payload-deduped.json,910,कुबेर मंत्र,Kuber Mantra,https://youtu.be/bcs4geISuy0?si=iIlUMsgUwP0VAQdf,Katha|LakshmiJi|Mantra|Peace|Shloka|Wealth,Shloka|Wealth,title_match:1.000|line:1261
Mantra-Aur_audio_automation/new-tracks-payload-deduped.json,911,श्री सूक्तम,Shri Suktam,https://youtu.be/OC7LQxuhQUU?si=Dk4q0uGOrbCSfm7I,LakshmiJi|Shloka|Strotam|Wealth,LakshmiJi|Strotam,title_match:1.000|line:295
Mantra-Aur_audio_automation/new-tracks-payload-deduped.json,912,वक्रतुण्ड महाकाय,Vakratunda Mahakaya,https://youtube.com/shorts/1mCkCzBIvDo?si=gbomNeAXomyRR6Xw,Katha|Shloka|Wealth,Shloka|Wealth,title_match:1.000|line:1263
Mantra-Aur_audio_automation/new-tracks-payload-deduped.json,913,लक्ष्मी गायत्री,Lakshmi Gayatri,https://youtu.be/HeqiNrjiCfk?si=EyUBWgbK16-rLLp0,LakshmiJi|Mantra|Shloka|Wealth,Shloka|Wealth,title_match:1.000|line:1264
Mantra-Aur_audio_automation/new-tracks-payload-deduped.json,914,सरस्वती मंत्र,Saraswati Mantra,https://youtu.be/-NqX8zOZ62w?si=DWcjvgR9t3KYkz-D,Knowledge|Mantra|Peace|Shloka|Wealth,Mantra|Peace,title_match:1.000|line:739
Mantra-Aur_audio_automation/new-tracks-payload-deduped.json,915,गणेश मूल मंत्र,Ganesh Mool Mantra,https://youtu.be/Naruxgq6oMU?si=xqSFGrw15ZFcqKY-,GaneshJi|Katha|Knowledge|Mantra|Peace|Shloka|Wealth,Shloka|Wealth,title_match:1.000|line:1266
Mantra-Aur_audio_automation/new-tracks-payload-deduped.json,916,महालक्ष्मी अष्टकम,Mahalakshmi Ashtakam,https://youtube.com/shorts/7BEYmt8EeX8?si=kqi58ODFW_qjBs1A,Shloka|Strotam|Wealth,Strotam|Wealth,title_match:1.000|line:1196
Mantra-Aur_audio_automation/new-tracks-payload-deduped.json,917,विष्णु वंदना,Vishnu Vandana,https://youtu.be/XAxNnRPoyiU?si=SzEsaZlOfS48Hd-b,Knowledge|Shloka|Stuti|VishnuJi|Wealth,Shloka|Wealth,title_match:1.000|line:1268
Mantra-Aur_audio_automation/new-tracks-payload-deduped.json,918,गायत्री मंत्र,Gayatri Mantra,https://youtu.be/nwRoHC83wx0?si=f1Akd4C3BSvXNJaE,Katha|Knowledge|Mantra|Peace|Shloka|Wealth,Mantra|Peace,title_match:1.000|line:730
Mantra-Aur_audio_automation/new-tracks-payload-deduped.json,919,ओम जय लक्ष्मी माता,Om Jai Lakshmi Mata,https://youtu.be/zdZ67AM47u8?si=Ff03RfC0f0Fll-oI,Aarti|Shloka|Wealth,Shloka|Wealth,title_match:1.000|line:1273
Mantra-Aur_audio_automation/new-tracks-payload-deduped.json,920,जय गणेश देवा,Jai Ganesh Deva,https://youtu.be/Yuex2EnsGiY?si=0_Pq00ZXiWo3JeVx,Aarti|GaneshJi|Katha|Shloka|Wealth,Aarti|GaneshJi,title_match:1.000|line:188
Mantra-Aur_audio_automation/new-tracks-payload-deduped.json,921,ओम जय जगदीश हरे,Om Jai Jagdish Hare,https://youtu.be/NE3SWh9_vR4?si=oJOVnsbkOB7Qxw5b,Aarti|Katha|Shloka|Stuti|VishnuJi|Wealth,Aarti|VishnuJi,title_match:1.000|line:256
Mantra-Aur_audio_automation/new-tracks-payload-deduped.json,922,श्री कुबेर आरती,Shri Kuber Aarti,https://youtu.be/c0J1WntPaDg?si=PMqDiJZ9LjbiqiFk,Aarti|Shloka|Wealth,Shloka|Wealth,title_match:1.000|line:1276
Mantra-Aur_audio_automation/new-tracks-payload-deduped.json,923,महालक्ष्मी अष्टकम,Mahalakshmi Ashtakam,https://youtube.com/shorts/7BEYmt8EeX8?si=kqi58ODFW_qjBs1A,Shloka|Strotam|Wealth,Strotam|Wealth,title_match:1.000|line:1196
Mantra-Aur_audio_automation/new-tracks-payload-deduped.json,924,श्री सूक्तम,Shri Suktam,https://youtu.be/OC7LQxuhQUU?si=Dk4q0uGOrbCSfm7I,LakshmiJi|Shloka|Strotam|Wealth,LakshmiJi|Strotam,title_match:1.000|line:295
Mantra-Aur_audio_automation/new-tracks-payload-deduped.json,927,जय गणेश जय गणेश देवा,Jai Ganesh Jai Ganesh Deva,https://youtu.be/Yuex2EnsGiY?si=SN2TjtMVVhHmp7gl,Aarti|GaneshJi|Katha|Shloka|Wealth,Aarti|GaneshJi,title_match:1.000|line:188
Mantra-Aur_audio_automation/new-tracks-payload-deduped.json,928,लक्ष्मी चालीसा,Lakshmi Chalisa,https://youtu.be/aLKLcvJZ2Hc?si=LghSz9KgBnH3YqXK,Chalisa|LakshmiJi|Shloka|Strength|Wealth,Chalisa|Strength,title_match:1.000|line:858
Mantra-Aur_audio_automation/new-tracks-payload-deduped.json,929,श्री राम स्तुति,Shri Ram Stuti,https://youtu.be/leVoi6kkp3o?si=v3atP52xIcpUEFs8,Katha|Knowledge|Peace|Shloka|Stuti|Wealth,Peace|Stuti,title_match:1.000|line:774
Mantra-Aur_audio_automation/new-tracks-payload-deduped.json,930,अच्युतम केशवम कृष्ण दामोदरम,Achyutam Keshavam Krishna Damodaram,https://youtu.be/3yczGKnskts?si=kXnjK3iThd_asoFy,Bhajan|Chalisa|Katha|KrishnaJi|Peace|Shloka|Stuti|VishnuJi|Wealth,Bhajan|VishnuJi,title_match:1.000|line:266
Mantra-Aur_audio_automation/new-tracks-payload-deduped.json,931,ठुमक चलत रामचंद्र,Thumak Chalat Ramchandra,https://youtu.be/PT1CwFIoc98?si=xAYsyfQq1WC7E0z_,Bhajan|Katha|Ramji|Shloka|Wealth,Shloka|Wealth,title_match:1.000|line:1288
Mantra-Aur_audio_automation/new-tracks-payload-deduped.json,932,महालक्ष्मी कवच,Mahalakshmi Kavach,https://youtu.be/OvimStyyQWI?si=SwrQDOQ7f47RApTT,LakshmiJi|Shloka|Strotam|Wealth,LakshmiJi|Strotam,title_match:1.000|line:299
Mantra-Aur_audio_automation/new-tracks-payload-deduped.json,933,विष्णु सहस्रनाम,Vishnu Sahasranama,https://youtu.be/EvzntcbyjFU?si=hm8jdvkNsk7IYzFJ,Katha|Shloka|Wealth,Shloka|Wealth,title_match:1.000|line:1290
Mantra-Aur_audio_automation/new-tracks-payload-deduped.json,934,मूल मंत्र,Mool Mantra,https://youtu.be/felGgBmnx-I?si=YoB5C1tli8tX3Kpx,Katha|KrishnaJi|Mantra|Shloka|Wealth,Katha|Wealth,title_match:1.000|line:1303
Mantra-Aur_audio_automation/new-tracks-payload-deduped.json,935,महामंत्र,Mahamantra,https://youtu.be/Zdcth9NndEA?si=cBoFKjOpIFF2NbjP,Katha|KrishnaJi|Mantra|Peace|Wealth,KrishnaJi|Mantra,title_match:1.000|line:522
Mantra-Aur_audio_automation/new-tracks-payload-deduped.json,936,कृष्ण गायत्री,Krishna Gayatri,https://youtu.be/yzwVyns93nc?si=UqzAJ3pjM1DUhsI7,Katha|KrishnaJi|Mantra|Wealth,KrishnaJi|Mantra,title_match:1.000|line:525
Mantra-Aur_audio_automation/new-tracks-payload-deduped.json,938,कृष्ण बीज मंत्र,Krishna Beej Mantra,https://youtu.be/WqiKUywr55o?si=sx_88WGHIxnkZoNM,Katha|KrishnaJi|Mantra|Wealth,Katha|Wealth,title_match:1.000|line:1307
Mantra-Aur_audio_automation/new-tracks-payload-deduped.json,940,शरण मंत्र,Sharan Mantra,https://youtu.be/1y2tRqtND1Y?si=j1s6RWWKKwE9EShB,Katha|KrishnaJi|Mantra|Peace|Wealth,Katha|Wealth,title_match:1.000|line:1309
Mantra-Aur_audio_automation/new-tracks-payload-deduped.json,942,मधुराष्टकम,Madhurashtakam,https://youtu.be/sdZpM8paUnM?si=nAeAA34E_6X4S8uO,Ashtakam|Katha|Peace|Strotam|Wealth,Ashtakam|Peace,title_match:1.000|line:762
Mantra-Aur_audio_automation/new-tracks-payload-deduped.json,943,अच्युतम केशवम,Achyutam Keshavam,https://youtu.be/3yczGKnskts?si=kXnjK3iThd_asoFy,Bhajan|Chalisa|Katha|KrishnaJi|Peace|Shloka|Stuti|VishnuJi|Wealth,Peace,title_match:1.000|line:753
Mantra-Aur_audio_automation/new-tracks-payload-deduped.json,944,आरती कुंज बिहारी की,Aarti Kunj Bihari Ki,https://youtu.be/EMO1AT1UQf0?si=MkZfeLJzerN3VqU3,Aarti|Katha|KrishnaJi|Wealth,Katha|Wealth,title_match:1.000|line:1316
Mantra-Aur_audio_automation/new-tracks-payload-deduped.json,945,जय गणेश देवा,Jai Ganesh Deva,https://youtu.be/Yuex2EnsGiY?si=0_Pq00ZXiWo3JeVx,Aarti|GaneshJi|Katha|Shloka|Wealth,Aarti|GaneshJi,title_match:1.000|line:188
Mantra-Aur_audio_automation/new-tracks-payload-deduped.json,946,बांके बिहारी की आरती,Banke Bihari Ki Aarti,https://youtu.be/6LO2PRgbutc?si=5jlVXHicQQJxmGEG,Aarti|Katha|KrishnaJi|Wealth,Katha|Wealth,title_match:1.000|line:1318
Mantra-Aur_audio_automation/new-tracks-payload-deduped.json,947,ओम जय जगदीश हरे,Om Jai Jagdish Hare,https://youtu.be/NE3SWh9_vR4?si=oJOVnsbkOB7Qxw5b,Aarti|Katha|Shloka|Stuti|VishnuJi|Wealth,Aarti|VishnuJi,title_match:1.000|line:256
Mantra-Aur_audio_automation/new-tracks-payload-deduped.json,948,मधुराष्टकम (अधरं मधुरं),Madhurashtakam (Adharam Madhuram),https://youtu.be/sdZpM8paUnM?si=nAeAA34E_6X4S8uO,Ashtakam|Katha|Peace|Strotam|Wealth,Katha|Wealth,title_match:1.000|line:1324
Mantra-Aur_audio_automation/new-tracks-payload-deduped.json,949,अच्युतम केशवम कृष्ण दामोदरम,Achyutam Keshavam Krishna Damodaram,https://youtu.be/3yczGKnskts?si=kXnjK3iThd_asoFy,Bhajan|Chalisa|Katha|KrishnaJi|Peace|Shloka|Stuti|VishnuJi|Wealth,Bhajan|VishnuJi,title_match:1.000|line:266
Mantra-Aur_audio_automation/new-tracks-payload-deduped.json,950,यशोमती मैया से बोले नंदलाला,Yashomati Maiya Se Bole Nandlala,https://youtu.be/RIYVVqu2XY4?si=zZcShWvTzV_kAWCQ,Katha|Stuti|Wealth,Katha|Wealth,title_match:1.000|line:1326
Mantra-Aur_audio_automation/new-tracks-payload-deduped.json,953,छोटी छोटी गईया छोटे छोटे ग्वाल,Chhoti Chhoti Gaiya Chhote Chhote Gwal,https://youtu.be/XzqJUoSDHZU?si=8-LAQkUg8tq7ov6T,Bhajan|Katha|KrishnaJi|Stuti|Wealth,Bhajan|KrishnaJi,title_match:1.000|line:572
Mantra-Aur_audio_automation/new-tracks-payload-deduped.json,955,श्याम तेरी बंसी पुकारे राधा नाम,Shyam Teri Bansi Pukare Radha Naam,https://youtu.be/XJqKbDxAa3U?si=8QX2YAec4EyoDiPP,Bhajan|Katha|KrishnaJi|Wealth,Bhajan|KrishnaJi,title_match:1.000|line:573
Mantra-Aur_audio_automation/new-tracks-payload-deduped.json,957,ऐसी लागी लगन मीरा हो गई मगन,Aisi Lagi Lagan Meera Ho Gayi Magan,https://youtu.be/dnCE-kSHES0?si=yTCI8n72etTZr0XL,Chalisa|Katha|Stuti|Wealth,Katha|Wealth,title_match:1.000|line:1333
