first_index,all_indices,title_hi,title_en,youtube_url,tags
1,1,पंचाक्षरी मन्त्र,Panchakshari Mantra,https://youtu.be/bc1obsjb58c?si=oQIb1G1Fx1wOJ8Gw,"LoveAndRelationship, Mantra, Peace, Shivji, Strength"
2,"2, 459, 486, 544, 699",महामृत्युंजय मंत्र,Mahamrityunjay Mantra,https://youtu.be/OV9LXGOXjgs?si=0izGm1eYkmBS0343,"Happiness, Health, MahaShivratri, Mantra, Peace, Shivji, Strength"
3,3,रुद्र मंत्र,Rudra Mantra,https://youtu.be/iEAPaA9Yf1s?si=lGmdeqXsCqtQQzx1,"MahaShivratri, Mantra, Shivji"
4,"4, 460",शिव गायत्री मंत्र,Shiv Gayatri Mantra,https://youtu.be/ytV08faCJwg?si=eXY_cZGO-FsueNS1,"MahaShivratri, Mantra, Shivji"
5,"5, 461",शिव स्तुति मंत्र,Shiv Stuti Mantra,https://youtu.be/Ly_Md1OOyTE?si=nCT-_G7dkRiPuF7QQ,"LoveAndRelationship, MahaShivratri, Mantra, Shivji"
6,6,शिव तांडव स्तोत्रम (संक्षिप्त अंश - रावण रचित) [1],Shiv Tandav Stotram,https://youtu.be/S980-z1qx3g?si=skvwCt7XGHenuWbP,"MahaShivratri, Shivji, Strength, Strotam"
7,7,शिव पंचाक्षर स्तोत्रम्:,Shiv Panchakshar Stotram:,https://youtu.be/3rJ4HVA9cII?si=euKFMGNZX2c0rt5p,"Shivji, Strotam, Success"
8,8,शिव महिम्न स्तोत्र:,Shiv Mahimn Stotra:,https://youtu.be/TXXioV0_9-o?si=wEaulnEEeYWdA4C5,"Shivji, Strotam"
9,9,वेदसार शिव स्तोत्रम्,Vedasar Shiv Stotram,https://youtu.be/3_8Z1uqPWZ0?si=2Vlmkq5w0gw_xDCZ,"Shivji, Strotam"
10,10,शिव चालीसा,Shiv Chalisa,https://youtu.be/-mUoM-sSzkc?si=a3TP0d2Z_b5S-kCr,"Chalisa, Shivji, Strength"
11,11,श्री रुद्राष्टकम् (संक्षिप्त अंश - तुलसीदास रचित),Shri Rudrashtakam (Sankshipt Ansh - Tulsidas Rachit),https://youtu.be/081bLdQKX-Q?si=msq2vM1Qng2BQD9H,"Ashtakam, Shivji"
12,12,शिव स्तुति,Shiv Stuti,https://youtu.be/JfXPpBVPkcU?si=fMvP8aJMsyMYOHU3,"Shivji, Stuti"
13,13,ॐ जय शिव ओंकारा,Om Jai Shiv Omkara,https://youtu.be/BhwOproElxU?si=hlOKkSda3B3Cka2O,"Aarti, Shivji"
14,14,ध्यान श्लोक (पूजा हेतु),Dhyan Shlok (Puja Hetu),https://youtu.be/HdFD5S7pdtw?si=LGbLbPv5GY_tE3Ab,"Shivji, Shloka"
15,15,शिव शंकर को जिसने पूजा,Shiv Shankar Ko Jisne Puja,https://youtu.be/w7HbgKcQS_w?si=KCJVUE_VkpIA8tKc,"Bhajan, Health, MahaShivratri, Shivji"
16,16,सुबह सुबह ले शिव का नाम,Subah Subah Le Shiv Ka Naam,https://youtu.be/TplRlUULXz8?si=w-ebBCmQx88smeOh,"Bhajan, Shivji"
17,17,हे शम्भू बाबा मेरे भोले नाथ,He Shambhu Baba Mere Bhole Nath,https://youtu.be/i6rDYxNpubk?si=Z1cSGYW4UCmuEsd6,"Bhajan, Shivji"
18,18,चलो शिव शंकर के मंदिर में भक्तों,Chalo Shiv Shankar Ke Mandir Mein Bhakto,https://youtu.be/uY5YAvygOJs?si=8dBC9W82qOAvOxTd,"Bhajan, Shivji"
19,19,भोले भंडारी सबके ही भंडार भरे,Bhole Bhandari Sabke Hi Bhandar Bhare,https://youtu.be/zfhnJkZbtB0?si=J0cNKvR_xcs-AdL7,"Bhajan, Shivji"
20,20,शंकर तेरी जटा में बहती है गंगधारा,Shankar Teri Jata Mein Behti Hai Gangdhara,https://youtu.be/ZxAZksjaUUU?si=pFBqlNlDgtv6Qwxu,"Bhajan, Shivji"
21,21,सम्पूर्ण शिव पुराण सार,Sampurn Shiv Puran Saar,https://youtu.be/d-zWzSTNOMo?si=8Gtyc3crPXZxHvXM,"Katha, Shivji"
22,22,शिव जी का जन्म कैसे हुआ,Shiv Ji Ka Janm Kaise Hua,https://youtu.be/g4iZhS7EvQc?si=tajjxxWlYauvwgSt,"Katha, Shivji"
23,23,सम्पूर्ण गाथा नीलकंठ की,Sampurn Gatha Neelkanth Ki,https://youtu.be/zUdp2fQJemw?si=jdzUfbtXHLEoG4OC,"Katha, Shivji"
24,24,नंदी कैसे बने शिवजी के सवारी,Nandi Kaise Bane Shivji Ke Sawari,https://youtu.be/2hUQyXzKgOo?si=dvtDXcOirPxrEizn,"Katha, Shivji"
25,25,आखिर क्यों शिवपार्वती ने लिया था अर्धनारीश्वर रूप ?,Aakhir Kyon Shiv-Parvati Ne Liya Tha Ardhanarishwar Roop?,https://youtu.be/4lokTkaO9xs?si=C19AkxnlrW3NFtQ2,"Katha, Shivji"
26,26,क्यों मिला था चंद्रमा को श्राप ?,Kyon Mila Tha Chandrama Ko Shrap?,https://youtu.be/iEIJBAKx0wI?si=bBiJfhIDY2Psljnj,"Katha, Shivji"
27,27,12 ज्योतिर्लिंग की कथाएँ क्या है?,12 Jyotirling Ki Kathayein Kya Hai?,https://youtu.be/My9aRwekYGk?si=jbP4Jiv89W7Ij-D7,"Katha, Shivji"
28,28,शिव ने अपने ही पुत्र गणेश का सिर क्यों काटा?,Shiv Ne Apne Hi Putra Ganesh Ka Sir Kyon Kata?,https://youtu.be/oa1tHpermgU?si=VvSwaXWDjjjQ4FfT,"Katha, Shivji"
29,29,हनुमान बीज मंत्र,Hanuman Beej Mantra,https://youtu.be/o5Uk1sxGBZU?si=aIuPQqmzIrromxMt,"HanumanJi, Mantra, Strength"
30,30,हनुमान गायत्री मंत्र:,Hanuman Gayatri Mantra:,https://youtu.be/AXDLxXIbxAs?si=LRLn7ZBIQYzSWhry,"HanumanJi, Mantra, Shloka"
31,31,मनोजवं मारुततुल्यवेगं मंत्र:,Manojavam Marutatulyavegam Mantra:,https://youtu.be/iWd6VAWduZg?si=qrMcv4ayCSmC3X_q,"HanumanJayanti, HanumanJi, Happiness, LoveAndRelationship, Mantra, Shloka, Strength, Stuti"
32,32,रुद्रावतार हनुमान मंत्र (मूल मंत्र:),Rudravatar Hanuman Mantra (Mool Mantra:),https://youtu.be/BYDOl5Sm-HE?si=80FQdV8AYyPkhQOY,"HanumanJi, Mantra"
33,33,आंजनेय मंत्र,Anjaneya Mantra,https://youtu.be/OhF0O9nb5t8?si=FNJNYprwyEwqcGsC,"HanumanJi, Mantra"
34,"34, 463",प्रमुख मंत्र:,Pramukh Mantra:,https://youtu.be/FUpzgvsWkL8?si=XDpQmK9jpt227gC0,"HanumanJayanti, HanumanJi, Health, Mantra, Shloka"
35,35,रक्षा कवच मंत्र:,Raksha Kavach Mantra:,https://youtu.be/_97POkIQ_kQ?si=2Nyp0GAVtCXv1eOf,"HanumanJi, Mantra"
36,36,मारुती स्तोत्र,Maruti Stotra,https://youtu.be/V1-7O0EPaJk?si=0-xX1NUeG-kZ76qS,"HanumanJi, Strotam"
37,37,श्री हनुमान तांडव स्तोत्र,Shri Hanuman Tandav Stotra,https://youtu.be/AjCLVm6gKQc?si=acKj8AiCXoLASvM8,"HanumanJi, Strotam"
38,38,श्री आञ्जनेय द्वादशनाम स्तोत्रम्,Shri Anjaneya Dwadashnam Stotram,https://youtu.be/BjvVJOS7xPE?si=NtPLuZzAbGNbe6gO,"HanumanJi, Strotam"
39,39,पंचमुखी हनुमान स्तोत्र,Panchmukhi Hanuman Stotra,https://youtu.be/PzjSJIswc6s?si=VeKkvGCYklpFQt0d,"HanumanJi, Strotam"
40,"40, 464, 550",हनुमान चालीसा,Hanuman Chalisa,https://youtu.be/AETFvQonfV8?si=YezmW2nYi76Eoi6Q,"Chalisa, Dussehra, HanumanJayanti, HanumanJi, RamNavami, Strength, Strotam, Success"
41,41,संकटमोचन हनुमान अष्टक,Sankatmochan Hanuman Ashtak,https://youtu.be/HH_a6aRO1TE?si=oQ72oac9OI-c9FEL,"Ashtakam, Bhajan, HanumanJayanti, HanumanJi, Strength, Strotam, Success"
42,42,"अतुलितबलधामं हेमशैलाभदेहं,","Atulitbaladhamam Hemashailabhadeham,",https://youtu.be/CIl1O1GwOfk?si=l5pF_ixmqVuHcdOn,"HanumanJayanti, HanumanJi, Happiness, Health, Mantra, Shloka, Stuti, Success"
43,43,आरती कीजै हनुमान लला की,Aarti Keeje Hanuman Lala Ki,https://youtu.be/r7GJ8GoGSD8?si=5vKJpH3tM6QoFwzl,"Aarti, Dussehra, HanumanJi"
44,44,बुद्धिर्बलं यशो धैर्यं निर्भयत्वमरोगता।,Buddhirbalam Yasho Dhairyam Nirbhayatvamarogata.,https://youtu.be/4PZzUru94JY?si=unI0BALTYhAIdzmS,"HanumanJi, Shloka"
45,"45, 465",हनुमान गायत्री,Hanuman Gayatri,https://youtu.be/AXDLxXIbxAs?si=61Ag66LJRXixtINz,"HanumanJi, Mantra, Shloka"
46,46,मर्कटेश महोत्साह सर्वशोक विनाशन।,Markatesh Mahotsah Sarvashok Vinashan.,https://youtu.be/xvaY6-PgNyY?si=1wxv0hpaEyvvF4jN,"HanumanJi, Shloka"
47,47,कार्य सिद्धि,Karya Siddhi,https://youtu.be/faCtr2ajTuE?si=svKC2jHHd_23bpz4,"HanumanJi, Shloka"
48,48,अतुलितबलधामं श्लोक,Atulitbaladhamam Shlok,https://youtu.be/CIl1O1GwOfk?si=0PLRHfGike1eIJPN,"HanumanJayanti, HanumanJi, Happiness, Health, Mantra, Shloka, Stuti, Success"
49,49,दुनिया चले न श्री राम के बिना,Duniya Chale Na Shri Ram Ke Bina,https://youtu.be/sDhrWWWBQLI?si=x0qKB6U3A5R2FSQr,"Bhajan, Dussehra, HanumanJayanti, HanumanJi"
50,50,हे दुख भंजन मारुति नंदन,He Dukh Bhanjan Maruti Nandan,https://youtu.be/n4fZknyZlsk?si=W6avmHz2Bl7IEuMr,"Bhajan, HanumanJayanti, HanumanJi, Health"
51,51,छम छम नाचे वीर हनुमान,Chham Chham Nache Veer Hanuman,https://youtu.be/hy_UKySqiNo?si=WO1ouxTrWAya94GP,"Bhajan, HanumanJi"
52,52,संकट मोचन नाम तिहारो,Sankat Mochan Naam Tiharo,https://youtu.be/HH_a6aRO1TE?si=rTY4-xxT-cJfpz4W,"Ashtakam, Bhajan, HanumanJayanti, HanumanJi, Strength, Strotam, Success"
53,53,बजरंग बली मेरी नाव चली,Bajrang Bali Meri Naav Chali,https://youtu.be/eH89BxWg9P4?si=5IOyC_otVc9JKSFd,"Bhajan, HanumanJayanti, HanumanJi"
54,54,वीर हनुमाना अति बलवाना,Veer Hanumana Ati Balwana,https://youtu.be/Dlu4KGrnmZg?si=uNHWa9x_7eYIABar,"Bhajan, HanumanJi"
55,55,हनुमान जन्म कथा,Hanuman Janm Katha,https://youtu.be/IfpaqbjwW6Y?si=0Q_-WTElzyLcpNwT,"HanumanJi, Katha"
56,56,हनुमान: शक्ति-भक्ति-बुद्धि,Hanuman: Shakti-Bhakti-Buddhi,https://youtu.be/_35QngzzdEQ?si=l9SidSRJ4C7GTyks,"HanumanJi, Katha"
57,57,राम-हनुमान मिलाप,Ram-Hanuman Milap,https://youtu.be/IJfsaSWM7vg?si=dEF6K1qP5r5Mh6vZ,"HanumanJi, Katha"
58,58,हनुमान जनम कथा,Hanuman Janm Katha,https://youtu.be/JGi64RoqZ9g?si=LzuKJAoqe1TsPcav,"HanumanJayanti, HanumanJi, Katha"
59,59,हनुमान रक्षा कवच,Hanuman Raksha Kavach,https://youtu.be/Yafs12RHYqw?si=DFgZFimu47Z3K-Ye,"HanumanJi, Katha"
60,60,हनुमान लंका गमन,Hanuman Lanka Gaman,https://youtu.be/av3Vf23CRqc?si=hRrw_iHsdMJ8WfIw,"HanumanJi, Katha"
61,61,मूल बीज मंत्र,Mool Beej Mantra,https://youtu.be/Naruxgq6oMU?si=FcMrbfkDJoW6MNjX,"Diwali, GaneshChaturthi, GaneshJi, Happiness, Knowledge, Mantra, Peace, Success"
62,62,वक्रतुण्ड महाकाय मंत्रा,Vakratunda Mahakaya Mantra,https://youtu.be/kxxhO92X8ro?si=kI__HcFg2zNoXZn2,"GaneshJi, Mantra"
63,63,गणेश गायत्री,Ganesh Gayatri,https://youtu.be/dkVlpm1mKFI?si=crdKp9jnOOfpOZx7,"Diwali, GaneshChaturthi, GaneshJi, Mantra"
64,64,संकट नाशक मंत्र,Sankat Nashak Mantra,https://youtu.be/sHjD9ChjUsU?si=kj5RxANqbh9URRDf,"GaneshJi, Mantra"
65,65,ॐ विनायकाय नमः,Om Vinayakaya Namah,https://youtu.be/PeYGaeORoOY?si=ONsUR5ezqmmko8O0,"GaneshJi, Mantra"
66,66,ॐ लम्बोदराय नमः,Om Lambodaray Namah,https://youtu.be/a5qd1rCqkvI?si=s5oYDC9M7BF8gZIn,"GaneshJi, Mantra"
67,67,श्री संकटनाशन गणेश स्तोत्र:,Shri Sankatnashan Ganesh Stotra:,https://youtu.be/aTFeZxXkL78?si=m5lUjY4i8013BWXj,"GaneshChaturthi, GaneshJi, Health, Strotam, Success, Wealth"
68,68,गणेश अथर्वशीर्ष:,Ganesh Atharvashirsha:,https://youtu.be/Tssx17scqO4?si=uOt96Cx7Sz5DPI5b,"GaneshChaturthi, GaneshJi, Strotam"
69,"69, 472",ऋणहर्ता गणेश स्तोत्र:,Rinaharta Ganesh Stotra:,https://youtu.be/aH2ipOQ1_bU?si=O2s_vctg1Roye0xu,"GaneshJi, Strotam"
70,70,श्री गणेश कवच:,Shri Ganesh Kavach:,https://youtu.be/av9FFShVYBU?si=Ad06fEsAnohtH32q,"GaneshChaturthi, GaneshJi, Strotam"
71,71,गणेश अष्टोत्तर शतनाम स्तोत्र:,Ganesh Ashtottara Shatanam Stotra:,https://youtu.be/XhxvcnExPNQ?si=w62P2ANg6x0OryeL,"GaneshJi, Strotam"
72,72,मयूरेस्वर स्तोत्र:,Mayureshwar Stotra:,https://youtu.be/udRgk50LOuA?si=OnWHt9_jUWmMlIHv,"GaneshJi, Strotam"
73,"73, 455",श्री गणेश चालीसा,Shri Ganesh Chalisa,https://youtu.be/WyHFSjN0miU?si=pCUb4V5RltoNG-DB,"Chalisa, GaneshChaturthi, GaneshJi, Strength, Strotam, Success, Wealth"
74,74,श्री गणेशपञ्चरत्नम्,Shri Ganeshpancharatnam,https://youtu.be/vYFOV9nj-_w?si=r49ExtqDfppGq1cg,"Ashtakam, GaneshChaturthi, GaneshJi, Knowledge, Strotam"
75,75,तुलसीदास कृत श्री गणेश स्तुति,Tulsidas Krit Shri Ganesh Stuti,https://youtu.be/PHYOoKN1eRA?si=ss-wUy5JBBGT5IWO,"GaneshJi, Stuti"
76,76,सिद्धिविनायक स्तुति,Siddhivinayak Stuti,https://youtu.be/-ZrQZp2y3PQ?si=hCx7LtL3gBXFjUBg,"GaneshJi, Stuti"
77,77,नमामि ते गजाननं,Namami Te Gajananm,https://youtu.be/2GQ7t3b3PIM?si=LoDVda5DZZXnfd-B,"GaneshJi, Stuti"
78,"78, 773",जय गणेश जय गणेश देवा,Jai Ganesh Jai Ganesh Deva,https://youtu.be/Yuex2EnsGiY?si=SN2TjtMVVhHmp7gl,"Aarti, Diwali, GaneshJi, Janmashtami, Stuti"
79,79,सुखकर्ता दुखहर्ता वार्ता विघ्नाची,Sukhakarta Dukhaharta Varta Vighnachi,https://youtu.be/gFr5p5AyuD0?si=QD5VW5nRGb8TXEFJ,"Aarti, Bhajan, GaneshChaturthi, GaneshJi"
80,80,शेंदूर लाल चढ़ायो अच्छा गजमुख को,Shendur Lal Chadhayo Achchha Gajmukh Ko,https://youtu.be/bo62sjQ0CmE?si=t1lAn32pD2F23gVQ,"Aarti, Bhajan, GaneshChaturthi, GaneshJi"
81,81,जय देव जय देव जय मंगलमूर्ती,Jai Dev Jai Dev Jai Mangalmurti,https://youtu.be/_NgJw_JU0N0?si=xxET0DfzB9lul_dc,"Aarti, GaneshJi"
82,82,आरती सिद्धिविनायक जी की,Aarti Siddhivinayak Ji Ki,https://youtu.be/_oOQ5UYKAKo?si=LHHmXG1Si_5d1Gky,"Aarti, GaneshJi"
83,83,वक्रतुण्ड महाकाय श्लोक,Vakratunda Mahakaya Shloka,https://youtu.be/x0n-mk-_OHg?si=qBZDhZeI421iS3TG,"GaneshJi, Shloka"
84,84,गजाननं श्लोक,Gajananm Shloka,https://youtu.be/6fl5JFL-SoA?si=uMzDR8I4B2c9dy8-,"GaneshJi, Knowledge, Shloka, Stuti"
85,85,अगजानन पद्मार्कं श्लोक,Agajanan Padmarkam Shloka,https://youtu.be/bQrYmTfw59Q?si=h7eoNNv6DhDZhGuT,"GaneshJi, Shloka"
86,86,विघ्नेश्वराय वरदाय श्लोक,Vighneshwaraya Varadaya Shloka,https://youtu.be/r-8-0OwqDjE?si=UMvZ1OKIqCgV3z5I,"GaneshJi, Shloka"
87,87,अभीप्सितार्थ सिद्धयर्थं श्लोक,Abhipsitarth Siddhyartham Shloka,https://youtu.be/rzAm4kvEDbc?si=esY2jKOVx-Z2hH93,"GaneshJi, Shloka"
88,88,घर में पधारो,Ghar Mein Padharo,https://youtu.be/nLUmRxc6140?si=tDzujtf2OLcvCbDf,"Bhajan, GaneshChaturthi, GaneshJi"
89,89,संकट हर लो मंगल कर दो,Sankat Har Lo Mangal Kar Do,https://youtu.be/ZswQ9qUMDTs?si=JCy5lg1H5mtQ_5JL,"Bhajan, GaneshJi"
90,90,तेरी जय हो गणेश,Teri Jai Ho Ganesh,https://youtu.be/enalr0CvqVM?si=WMYDWThqcqx9a4pP,"Bhajan, GaneshChaturthi, GaneshJi"
91,91,हे गौरी नंदन तुमको वन्दन,He Gauri Nandan Tumko Vandan,https://youtu.be/BMHSi1dzXzs?si=rn151FPk0nrcDwwa,"Bhajan, GaneshJi"
92,92,गजानन कर दो बेड़ा पार,Gajaanana Kar Do Beda Paar,https://youtu.be/KP_dAI4k1Dg?si=ssSVFPUldb97cxGY,"Bhajan, GaneshJi"
93,93,गणपति पहला तुम्हे प्रणाम है,Ganpati Pehla Tumhe Pranam Hai,https://youtu.be/c6NhHI-nOW0?si=KvNW6DMPNdcX9kLy,"Bhajan, GaneshJi"
94,94,गजानन महाराज पधारो,Gajanan Maharaj Padharo,https://youtu.be/fOWk1A27pKQ?si=1hsP5OkDsZwIELgh,"Bhajan, GaneshJi"
95,95,श्री गणेश जन्म कथा,Shri Ganesh Janm Katha,https://youtu.be/yqzr0_-2XbQ?si=KaaBH4Ke-TxOb1ih,"GaneshJi, Katha"
96,96,प्रथम पूज्य गणेश,Pratham Pujya Ganesh,https://youtu.be/VYCZdEaHLCE?si=VW3FFZDKm2dzI8oX,"GaneshJi, Katha"
97,97,महाभारत लेखन कथा,Mahabharat Lekhan Katha,https://youtu.be/6PfjQNc3J8M?si=G20iarXyjqTOP0wI,"GaneshJi, Katha"
98,98,द्वादशाक्षर मंत्र,Dwadashakshar Mantra,https://youtu.be/Vb06G2bDFkE?si=mxsOg_3XgD0DSJQi,"Mantra, VishnuJi"
99,99,ॐ नमो नारायणाय,Om Namo Narayanaya,https://youtu.be/BLn-f2DZN4Y?si=tdz0GGjNGQIWYzX4,"Mantra, Peace, VishnuJi"
100,100,श्रीमन नारायण नारायण हरी हरी,Shriman Narayan Narayan Hari Hari,https://youtu.be/MuVrsDfgwI0?si=TpM7uKaIrn00Acbk,"Bhajan, Mantra, VishnuJi"
101,101,ॐ विष्णवे नमः,Om Vishnave Namah,https://youtu.be/U7WIOZyTEaQ?si=sdZ_Z-n3qy3JFTNU,"Mantra, VishnuJi"
102,102,कार्तवीर्यार्जुन मंत्र,Kartaviryarjuna Mantra,https://www.youtube.com/live/IhBouQi3D9Q?si=jENRpKbSc3oDZxDg,"Mantra, VishnuJi"
103,103,ॐ लक्ष्मीपतये नमः,Om Lakshmipataye Namah,https://youtu.be/erQ7OvBnfMY?si=6Tr4oodbqcuN7H97,"Mantra, VishnuJi"
104,104,विष्णु गायत्री,Vishnu Gayatri,https://youtu.be/Uv2p2kTnlH8?si=FYYRnfJoBZIy0LmR,"Mantra, VishnuJi"
105,105,शान्ताकारं भुजगशयनं पद्मनाभं सुरेशं,Shantakaram Bhujagashayanam Padmanabham Suresham,https://youtu.be/Im5TK-glA9M?si=HrtM-508EyU_APJO,"Happiness, Health, LoveAndRelationship, Mantra, Peace, Stuti, Success, VishnuJi"
106,106,ॐ अचुताय नमः,Om Achyutaya Namah,https://youtu.be/6Ncyh3vwtQI?si=JS1uUNm_AsCNqZUZ,"Mantra, VishnuJi"
107,107,विष्णु सहस्रनाम स्तोत्रम्:,Vishnu Sahasranama Stotram:,https://youtu.be/zKC17254flc?si=1RLal5iLIRaiuuMb,"Strength, Strotam, VishnuJi"
108,108,गजेन्द्र मोक्ष स्तोत्र:,Gajendra Moksha Stotra:,https://youtu.be/3dmYdRgJsJ4?si=G1IqQRXpQdgix2Pr,"Strotam, VishnuJi"
109,109,लक्ष्मी नारायण स्तोत्र,Lakshmi Narayan Stotra,https://youtu.be/EkAUXHqqaLk?si=c4jgf8zmawRwmVRl,"LoveAndRelationship, Strotam, VishnuJi"
110,110,विष्णु पंजर स्तोत्रम्,Vishnu Panjar Stotram,https://youtu.be/kt9-B0uUmRY?si=Or6uohC4Z_ZY7DZ5,"Strotam, VishnuJi"
111,111,नारायण सुक्तम,Narayan Suktam,https://youtu.be/vLP6gdiDbOU?si=jO6MgHWC3vJEyRrd,"Strotam, VishnuJi, Wealth"
112,112,विष्णु भुजंग प्रयात स्तोत्र,Vishnu Bhujang Prayat Stotra,https://youtu.be/yx_Koe1uOdI?si=AHlai-OftkIyeKnG,"Strotam, VishnuJi"
113,113,श्री हरि स्तोत्रम्,Shri Hari Stotram,https://youtu.be/gsHIPGDctJ0?si=0M-JKLTSQ47e8TaB,"Peace, Strotam, VishnuJi"
114,114,विष्णु चालीसा,Vishnu Chalisa,https://youtu.be/yPiSJP34-QM?si=YnJXYPnTNuwpbv0L,"Chalisa, VishnuJi"
115,115,अच्युताष्टकम,Achyutashtakam,https://youtu.be/gy07mltqNRc?si=qzWa5TytleC7FSax,"Ashtakam, VishnuJi"
116,116,श्री विष्णु स्तुति,Shri Vishnu Stuti,https://youtu.be/XAxNnRPoyiU?si=SzEsaZlOfS48Hd-b,"Diwali, Knowledge, Mantra, Stuti, VishnuJi"
117,"117, 768, 790",ओम जय जगदीश हरे,Om Jai Jagdish Hare,https://youtu.be/NE3SWh9_vR4?si=oJOVnsbkOB7Qxw5b,"Aarti, Diwali, Dussehra, Health, Janmashtami, Stuti, Success, VishnuJi"
118,118,नमोऽस्त्वनन्ताय,Namostvanantaya,https://youtu.be/LG28JZIvNsc?si=aHLn3k0UYaxwBxWH,"Shloka, VishnuJi"
119,119,यदा यदा ही धर्मस्य,Yada Yada Hi Dharmasya,https://youtu.be/1AOgbhmP0ig?si=41xOtRemY_fBbdT2,"KrishnaJi, Shloka, VishnuJi"
120,120,कायेन वाचा,Kayena Vacha,https://youtu.be/CAc9h7oTjrM?si=oeZgKcwyJsEpKqOo,"PoojaKeSamay, Shloka, VishnuJi"
121,121,सशंखचक्रं सकिरीटकुण्डलं,Sashankhachakram Sakiritakundalam,https://youtu.be/_TGfTsdHi0c?si=S1p1qdhJL2vCsEl6,"Shloka, VishnuJi"
122,122,त्वमेव माता च पिता त्वमेव,Tvameva Mata Cha Pita Tvameva,https://youtu.be/JSVctoNlPKs?si=W7kvcuUvTsv_KM5A,"Mantra, Peace, Shloka, VishnuJi"
123,123,अच्युतम केशवम कृष्ण दामोदरम,Achyutam Keshavam Krishna Damodaram,https://youtu.be/3yczGKnskts?si=--z5nTrp4XW8mSRd,"Bhajan, Diwali, Happiness, Health, Janmashtami, KrishnaJi, LoveAndRelationship, Mantra, Peace, Stuti, Success, VishnuJi"
124,124,नमो नमो श्री नारायण जय बैकुण्ड बिहारी,Namo Namo Shri Narayan Jai Vaikunth Bihari,https://youtu.be/ABNYMP9z8qk?si=EkfBRWlZWFeDBGaz,"Bhajan, VishnuJi"
125,125,सारे जहाँ के मालिक तेरा ही आसरा है,Sare Jahan Ke Malik Tera Hi Aasra Hai,https://youtu.be/-JYk923PASE?si=wruS-9FuWwzEb6X5,"Bhajan, VishnuJi"
126,126,हरी आ जाओ एक बार,Hari Aa Jao Ek Baar,https://youtu.be/Ylxbl767w_w?si=2tEunpeyYL5Rxs1d,"Bhajan, VishnuJi"
127,127,सत्यनारायण व्रत कथा:,Satyanarayan Vrat Katha:,https://youtu.be/JCU2B7718PY?si=YHivudgRSSDMI3uY,"Katha, VishnuJi"
128,128,समुद्र मंथन की कथा:,Samudra Manthan Ki Katha:,https://youtu.be/ib4O0n3PH8o?si=gM39DNbgDuWKfvFA,"Katha, VishnuJi"
129,129,दशावतार कथा:,Dashavatar Katha:,https://youtu.be/URoRSBBZFgg?si=T85HrSjmY0jyqqr3,"Katha, VishnuJi"
130,130,नरसिंह अवतार और प्रह्लाद की कथा,Narsingh Avatar Aur Prahlad Ki Katha,https://youtu.be/HhLUl36i2gs?si=Qbhw_Rvjr7barqml,"Katha, VishnuJi"
131,131,वामन अवतार और राजा बलि की कथा,Vaman Avatar Aur Raja Bali Ki Katha,https://youtu.be/fDzcm2RKM4s?si=nQip96jtyul3SEsn,"Katha, VishnuJi"
132,132,विष्णु जी और माता लक्ष्मी के विवाह की कथा,Vishnu Ji Aur Mata Lakshmi Ke Vivah Ki Katha,https://youtu.be/iZkxNZpqQ4s?si=8wxeb0gCobXxfiQH,"Katha, VishnuJi"
133,133,शालिग्राम बनने की कथा,Shaligram Banne Ki Katha,https://youtu.be/Ik_zhFLWVA0?si=cC6xuVXf48XoS0dP,"Katha, LoveAndRelationship, VishnuJi"
134,134,गुरुवार व्रत कथा,Guruvar Vrat Katha,https://youtu.be/7_YKhtWKfX8?si=AWwS-7AgfKFaduT9,"Katha, VishnuJi"
135,"135, 498, 605",महालक्ष्मी बीज मंत्र,Mahalakshmi Beej Mantra,https://youtu.be/bcs4geISuy0?si=iIlUMsgUwP0VAQdf,"Diwali, Happiness, LakshmiJi, Mantra, Peace, Success, Wealth"
136,136,ॐ श्री महालक्ष्म्यै नमः,Om Shri Mahalakshmyai Namah,https://youtu.be/g_czAYo3MKQ?si=gMXItXZe4oVrD-co,"LakshmiJi, Mantra, Wealth"
137,137,लक्ष्मी गायत्री मंत्र,Lakshmi Gayatri Mantra,https://youtu.be/HeqiNrjiCfk?si=euAnm4LHlwCrPpSH,"Diwali, LakshmiJi, Mantra, Wealth"
138,138,श्री सिद्ध लक्ष्मी मंत्र,Shri Siddha Lakshmi Mantra,https://youtu.be/m8hvtU9Lzzk?si=Y9IBp48e1VidVKd4,"LakshmiJi, Mantra, Wealth"
139,139,ॐ धनाय नमो नमः,Om Dhanaya Namo Namah,https://youtu.be/HkdHyXjagiU?si=4GOKIUcqQY6_aHZB,"LakshmiJi, Mantra"
140,140,सर्वबाधा निवारण मंत्र,Sarvabadha Nivaran Mantra,https://youtu.be/QI_N_P6aZ7s?si=liGVZcINpHYs6PdJ,"LakshmiJi, Mantra"
141,141,ॐ ह्रीं ह्रीं श्री लक्ष्मी वासुदेवाय नम:।,Om Hreem Hreem Shri Lakshmi Vasudevaya Namah.,https://youtu.be/qR-PxhTOZXY?si=ZBtgkGLQ_x7io_NN,"LakshmiJi, Mantra"
142,142,श्री सूक्तम:,Shri Suktam:,https://youtu.be/OC7LQxuhQUU?si=Dk4q0uGOrbCSfm7I,"Diwali, LakshmiJi, Mantra, Navratri, Strotam, Stuti, Wealth"
143,143,कनकधारा स्तोत्र:,Kanakadhara Stotra:,https://youtu.be/3Y1JGvieOBk?si=wIIGJG8nmjPlyBfv,"LakshmiJi, Strotam, Wealth"
144,144,लक्ष्मी हृदय स्तोत्र,Lakshmi Hridaya Stotra,https://youtu.be/phOoGvDu_h4?si=XKx4FvAb65DYm0Vv,"LakshmiJi, Strotam, Wealth"
145,145,महालक्ष्मी कवच,Mahalakshmi Kavach,https://youtu.be/OvimStyyQWI?si=SwrQDOQ7f47RApTT,"Diwali, LakshmiJi, Strotam, Stuti"
146,146,अष्टलक्ष्मी स्तोत्र,Ashtalakshmi Stotra,https://youtu.be/qb5EuozSWA0?si=1DOqyZO7j9BrmhKi,"LakshmiJi, Strotam, Wealth"
147,147,सर्वदेव कृत लक्ष्मी स्तोत्र,Sarvadeva Krit Lakshmi Stotra,https://youtu.be/HaRSDKZPQ3I?si=H1izhPc-mXQi_vT1,"LakshmiJi, Strotam"
148,"148, 456",श्री लक्ष्मी चालीसा,Shri Lakshmi Chalisa,https://youtu.be/aLKLcvJZ2Hc?si=LghSz9KgBnH3YqXK,"Chalisa, Diwali, LakshmiJi, Strength, Stuti, Success"
149,149,महालक्ष्म्यष्टकम्,Mahalakshmyashtakam,https://youtu.be/7P7XuN_D2nQ?si=H9rP6H9jO-grHqXC,"Ashtakam, LakshmiJi"
150,150,महा लक्ष्मी स्तुति,Maha Lakshmi Stuti,https://youtu.be/MMVH6vPr2mo?si=jIy2ahvcXaIKa1xJ,"LakshmiJi, Stuti"
151,151,महालक्ष्मी स्तवनम्,Mahalakshmi Stavanam,https://youtu.be/sIPwrMosN9k?si=3QzMTb-otB4uncz-,"LakshmiJi, Stuti"
152,152,ॐ जय लक्ष्मी माता,Om Jai Lakshmi Mata,https://youtu.be/0J1aNK16sFM?si=CSef8Vdgn6PlSsmM,"Aarti, LakshmiJi"
153,153,नमस्तेऽस्तु महामाये,Namastestu Mahamaye,https://youtu.be/RDWtngDhknA?si=6BoczvScrpmaOros,"LakshmiJi, Shloka, Strotam, Wealth"
154,154,लक्ष्मी अमृतवाणी,Lakshmi Amritwani,https://youtu.be/gv8Q4rrkqWE?si=_38Rpl582wr9YcG_,"Bhajan, LakshmiJi"
155,155,मेरे घर आओ मां लक्ष्मी,Mere Ghar Aao Maa Lakshmi,https://youtu.be/5JMFiNOxejY?si=owu81CB4a7qNA6-m,"Bhajan, LakshmiJi"
156,156,मइया लक्ष्मी देती धन धान है,Maiya Lakshmi Deti Dhan Dhan Hai,https://youtu.be/w9vGn5lQMxU?si=y2-tmAbRLU_U2xLE,"Bhajan, LakshmiJi"
157,157,घर में पधारो लक्ष्मी मैया,Ghar Mein Padharo Lakshmi Maiya,https://youtu.be/H2r9M66CQPk?si=VK7SngiMM1nMQ2hZ,"Bhajan, LakshmiJi"
158,158,लक्ष्मी मैया है तुमसे,Lakshmi Maiya Hai Tumse,https://youtu.be/m3P-UtGt3Ts?si=wee1Hbb2XDZh_r50,"Bhajan, LakshmiJi"
159,159,शुभ लाभ धन वैभव दाता जय,Shubh Labh Dhan Vaibhav Data Jai,https://youtu.be/aRHDmzWFPdo?si=rRwqcCmyV9MQrXkS,"Bhajan, LakshmiJi"
160,160,लक्ष्मी जी की अवतार कथा |,Lakshmi Ji Ki Avatar Katha |,https://youtu.be/BL5lLnsLUrA?si=tKilMUx3mU_eIVe5,"Diwali, Katha, LakshmiJi"
161,161,वैभव लक्ष्मी व्रत कथा,Vaibhav Lakshmi Vrat Katha,https://youtu.be/UH-qlhvW7A4?si=Ua4KCJHZXkykQOJt,"Katha, LakshmiJi"
162,162,दीपावली की कथा:,Deepawali Ki Katha:,https://youtu.be/PYhoZ9zUFNA?si=BZ6-5dOq0gfaUpBH,"Katha, LakshmiJi"
163,163,माँ लक्ष्मी और राजा बलि की कथा,Maa Lakshmi Aur Raja Bali Ki Katha,https://youtu.be/W9GywBEmin0?si=Y8MZZLmQalTE_osa,"Katha, LakshmiJi"
164,164,ॐ शं शनैश्चराय नमः,Om Sham Shanaishcharaya Namah,https://youtu.be/kB0dFMBE7-g?si=wlcGDLcwvs5ytuqk,"Mantra, ShaniiDevJi"
165,165,शनि बीज मंत्र,Shani Beej Mantra,https://youtu.be/kgvV-TdtWJI?si=Rv6I8CTy3sGjF2Ty,"Mantra, ShaniiDevJi"
166,166,नीलांजन समाभासं,Nilanjana Samabhasam,https://youtu.be/oI7nbhh9oBU?si=Ln_Gw5XMwjb0sGQ3,"Mantra, ShaniiDevJi"
167,167,शनि गायत्री मंत्र),Shani Gayatri Mantra),https://youtu.be/j2sTr6JZdco?si=m6tpnX4rqpF7vLQE,"Mantra, ShaniiDevJi"
168,168,शनि वज्र पंजर कवचम्,Shani Vajra Panjar Kavacham,https://youtu.be/pTcdxwTWstI?si=lyJbdwKdQI3eTfXv,"ShaniiDevJi, Strotam"
169,169,दशरथकृत शनि स्तोत्र,Dashrathkrit Shani Stotra,https://youtu.be/NqVQbkZNb3k?si=up8I1tLPXOTVEQFt,"ShaniiDevJi, Strotam"
170,170,महाकाल शनि मृत्युञ्जय स्तोत्र,Mahakal Shani Mrityunjaya Stotra,https://youtu.be/R-QTna2MvME?si=okZ5YcA6gTSonATR,"ShaniiDevJi, Strotam"
171,171,शनि पीडाहर स्तोत्र,Shani Peedahar Stotra,https://youtu.be/XiMzBSu9l6U?si=jFA_091ue8XvG4Ck,"ShaniiDevJi, Strotam"
172,172,शनि चालीसा,Shani Chalisa,https://youtu.be/MJ14wONWjWg?si=DEpgPZC7NuC6rPgX,"Chalisa, ShaniiDevJi, Strength"
173,173,श्री शनि अष्टकम्,Shri Shani Ashtakam,https://youtu.be/PZ7q-Lbz11M?si=K4-Sr6N-X3CejQJN,"Ashtakam, ShaniiDevJi"
174,174,शनि स्तुति,Shani Stuti,https://youtu.be/v5zWGRCJV6c?si=ZLpqnNbRnZ52LKcJ,"ShaniiDevJi, Stuti"
175,175,शनि वंदना:,Shani Vandana:,https://youtu.be/2nGciKbBAMY?si=-h41UQYsN1Tn89Ox,"ShaniiDevJi, Stuti"
176,176,जय जय श्री शनिदेव भक्तन हितकारी,Jai Jai Shri Shanidev Bhaktan Hitkari,https://youtu.be/sqyVe_kOEuQ?si=4JzKtqsmhTRMhR2W,"Aarti, ShaniiDevJi"
177,177,आरती श्री शनि महाराज की,Aarti Shri Shani Maharaj Ki,https://youtu.be/sJ3Kg21bNrE?si=hohbJozyLHx2GFo5,"Aarti, ShaniiDevJi"
178,178,सूर्यपुत्रो दीर्घदेहो,Suryaputro Dirghadeho,https://youtu.be/kS1Dn4VjUNk?si=ecGHHRZxmNLhUvxa,"ShaniiDevJi, Shloka"
179,179,शनैश्वरा  शनैश्वरा,Shanaishwara Shanaishwara,https://youtu.be/7MhfQOgWMyc?si=9-sfsnHXgLJw40qt,"Bhajan, ShaniiDevJi"
180,180,सच्चा शनिदेव तेरा दरबार,Sachcha Shanidev Tera Darbar,https://youtu.be/o70xTR8t0H4?si=HatQvVEQ9HPQgqLD,"Bhajan, ShaniiDevJi"
181,181,शनि जी करदो बेड़ा पार,Shani Ji Kardo Beda Paar,https://youtu.be/oepDHcPHWwc?si=QJr2Vv_RI9lN8rJ1,"Bhajan, ShaniiDevJi"
182,182,श्री शनिदेव अमृतवाणी,Shri Shanidev Amritwani,https://youtu.be/e3K3BREwxRQ?si=dfzljU4OEcbG3KLp,"Bhajan, ShaniiDevJi"
183,183,शनि देव तुम्हारे चरणों में,Shani Dev Tumhare Charno Mein,https://youtu.be/UqQgZSu8bqg?si=_5Z7nj5e6baEJvaU,"Bhajan, ShaniiDevJi"
184,184,शनिदेव तेरा जग में अजब नजारा है,Shanidev Tera Jag Mein Ajab Nazara Hai,https://youtu.be/QtwtvLgJFzQ?si=pEGCwBUmI0YlEnb0,"Bhajan, ShaniiDevJi"
185,185,शनिदेव के जन्म की महान कथा,Shanidev Ke Janm Ki Mahan Katha,https://youtu.be/SQcX9sUnkP4?si=qSFF_V0Drj9D7Iyx,"Katha, ShaniiDevJi"
186,186,शनिदेव और हनुमान जी की कथा |,Shanidev Aur Hanuman Ji Ki Katha |,https://youtu.be/8l77GDrFq-k?si=9Z4rz10EH1DVrmgH,"Katha, ShaniiDevJi"
187,187,शनिवार व्रत कथा,Shanivar Vrat Katha,https://youtu.be/sNBJiXNxuZ0?si=tBfa_WYc8KvWc3wn,"Katha, ShaniiDevJi"
188,188,ॐ रामाय नमः,Om Ramaya Namah,https://youtu.be/CA8RcKyO0Y4?si=lQGTY9Ov96Uhu8JI,"Dussehra, Mantra, RamNavami, Ramji"
189,189,ॐ राम रामाय नमः,Om Ram Ramaya Namah,https://youtu.be/-YVDlWff_5o?si=gNU9ViaghJWwBl-E,"Mantra, RamNavami, Ramji"
190,190,श्री राम जय राम जय जय राम,Shri Ram Jai Ram Jai Jai Ram,https://youtu.be/-1udu-1LpOo?si=pmbGDDSFyq5uJhX0,"Mantra, Peace, RamNavami, Ramji"
191,191,ॐ श्री रामचन्द्राय नमः,Om Shri Ramchandraya Namah,https://youtu.be/n_DeYZEy4Y4?si=wdZ7kUQSQ35qIs_5,"Mantra, RamNavami, Ramji"
192,192,ॐ नमो भगवते रामचंद्राय,Om Namo Bhagavate Ramchandraya,https://youtu.be/sRjLbmFjjQ0?si=BflcnYp06jrhbI1r,"Dussehra, Mantra, Ramji"
193,193,राम रामेति रामेति,Ram Rameti Rameti,https://youtu.be/aR1g92A_5gQ?si=Ae8UK15_LC0l8fX3,"Mantra, Ramji"
194,194,आपदामपहर्तारं,Apadamapahartaram,https://youtu.be/zUFVftjjHGo?si=ooN4CxSSSJsBs-aP,"Mantra, Ramji"
195,195,श्री राम रक्षा स्तोत्र:,Shri Ram Raksha Stotra:,https://youtu.be/NYakpChmUb0?si=JIAUkjQRaibfhJsE,"Ramji, Strotam"
196,196,आदित्य हृदय स्तोत्र:,Aditya Hridaya Stotra:,https://youtu.be/invPCYDaWUE?si=0CRahD-R2NNXDnCu,"Dussehra, Health, RamNavami, Ramji, Strength, Strotam, Success"
197,197,श्री राम सहस्रनाम स्तोत्र,Shri Ram Sahasranama Stotra,https://youtu.be/yeWPihxDQvA?si=5TDCOox2vWBbCJzB,"Ramji, Strotam"
198,198,नाम रामायणम्,Nama Ramayanam,https://youtu.be/9IqAtf_DTb8?si=7qKSbxov-_kWaUeO,"RamNavami, Ramji, Strotam"
199,199,राम हृदय स्तोत्र,Ram Hridaya Stotra,https://youtu.be/rUmtjKs26dw?si=JRofuERjRhU5rOtv,"Ramji, Strotam"
200,200,जटायु कृत श्री राम स्तोत्र,Jatayu Krit Shri Ram Stotra,https://youtu.be/jxgpE4o0zoM?si=7XCu8h1e7eQkvotb,"Ramji, Strotam"
201,201,श्री राम चालीसा,Shri Ram Chalisa,https://youtu.be/MoJw2s6q4P0?si=R2XibwgmtcN1lazL,"Chalisa, RamNavami, Ramji, Strength, Strotam"
202,202,श्री राम अष्टकम,Shri Ram Ashtakam,https://youtu.be/EvfGBluQkSk?si=6DRbdUZBZsWzEX86,"Ashtakam, Dussehra, Peace, RamNavami, Ramji, Strotam"
203,203,श्री रामचंद्र कृपालु भजु मन:,Shri Ramachandra Kripalu Bhaju Man:,https://youtu.be/igJHuojQHeo?si=B6vk7vi5KYW6nhYO,"Ramji, Stuti"
204,204,जानकी स्तुति,Janki Stuti,https://youtu.be/RlNJspksnbg?si=jjexZNZPhPFgs0np,"LoveAndRelationship, Ramji, Stuti"
205,205,श्री रामचंद्र जी की आरती:,Shri Ramachandra Ji Ki Aarti:,https://youtu.be/J5cllhBiAV0?si=eZFJ95kTQoYeJ4UH,"Aarti, Ramji"
206,206,जग जननी सीता माता की आरती,Jag Janani Sita Mata Ki Aarti,https://youtu.be/mrH_rSZnxdU?si=lYdSNjCKgNuKEo-j,"Aarti, Ramji"
207,207,आरती श्री रामायण जी की,Aarti Shri Ramayan Ji Ki,https://youtu.be/FVdX-ZhTR4w?si=4dtkjJ7jPjADBS8i,"Aarti, Ramji"
208,208,आरती श्री रघुवर लाला की,Aarti Shri Raghuvar Lala Ki,https://youtu.be/onCk_r8OPe4?si=IuxtvhlHTntByscC,"Aarti, Ramji"
209,209,आरती अवध बिहारी की,Aarti Avadh Bihari Ki,https://youtu.be/ut6AHW2stnk?si=Ri_AUS3fsqwYS3Qb,"Aarti, Ramji"
210,210,नीलाम्बुज श्यामल,Nilambuja Shyamala,https://youtu.be/cqzJBHFeI0Y?si=ahqCNpljz7KMS64U,"Ramji, Shloka"
211,211,रामाय रामभद्राय,Ramaya Ramabhadraya,https://youtu.be/Hcljk3ygbVc?si=oQ__JrPUy6l5dJrn,"Ramji, Shloka"
212,212,लोकाभिरामं रणरंगधीरं,Lokabhiramam Ranarangadhiram,https://youtu.be/BzUBWzgXJnc?si=VOpDb7Yr370nkHUN,"Ramji, Shloka"
213,213,"आपदामपहर्तारं दातारं सर्वसंपदाम्।
लोकाभिरामं श्रीरामं भूयो भूयो नमाम्यहम्॥","Apadamapahartaram Dataram Sarvasampadam.
Lokabhiramam Shriramam Bhuyo Bhuyo Namamyaham.",https://youtu.be/y-Xv63obhKI?si=M5eZNo40oYpESgJA,"Dussehra, Health, Mantra, RamNavami, Ramji, Shloka, Strength, Strotam, Success, Wealth"
214,214,पायो जी मैंने राम रतन धन पायो,Payo Ji Maine Ram Ratan Dhan Payo,https://youtu.be/pRjGwMSqjZo?si=paIzNVFEfqMABUaj,"Bhajan, Ramji"
215,215,ठुमक चलत रामचंद्र बाजत पैंजनिया,Thumak Chalat Ramchandra Bajat Painjaniya,https://youtu.be/PT1CwFIoc98?si=xAYsyfQq1WC7E0z_,"Bhajan, Diwali, Dussehra, Ramji, Stuti"
216,216,श्री राम जानकी बैठे हैं मेरे सीने में,Shri Ram Janki Baithe Hain Mere Seene Mein,https://youtu.be/jxtDNKTnmqY?si=wElShzcNXxs7zp4R,"Bhajan, Ramji"
217,217,रघुपति राघव राजा राम,Raghupati Raghav Raja Ram,https://youtu.be/Gtfufkz68KM?si=exIeaIdkt21gExXk,"Bhajan, Ramji"
218,218,राम कहानी सुनो रे राम कहानी,Ram Kahani Suno Re Ram Kahani,https://youtu.be/raAgqGKgIU8?si=imd0TcZyq9jAJfNN,"Bhajan, Ramji"
219,219,नगरी हो अयोध्या सी,Nagari Ho Ayodhya Si,https://youtu.be/ZkKStVgGEJY?si=LGnO8DtUL_iEf1ei,"Bhajan, Dussehra, RamNavami, Ramji"
220,220,राम जी की निकली सवारी,Ram Ji Ki Nikli Sawari,https://youtu.be/bZ-Zrc-GPoc?si=pLzw80vTt6ty2tJt,"Bhajan, Dussehra, RamNavami, Ramji"
221,221,भजमन राम चरण सुखदाई,Bhajman Ram Charan Sukhdayi,https://youtu.be/bhJ8_EqziNY?si=FKZ8NHKTs6R1lRUW,"Bhajan, Ramji"
222,222,राम नाम के हीरे मोती,Ram Naam Ke Heere Moti,https://youtu.be/6BJR_j4FHz4?si=hRLU-bLSvuuKWHgs,"Bhajan, Dussehra, Happiness, Health, RamNavami, Ramji, Success"
223,223,मन में राम बसा ले,Man Mein Ram Basa Le,https://youtu.be/eXSq8m8CqGc?si=3f43U1aXfPAM58Hi,"Bhajan, Ramji"
224,224,श्री राम जन्म कथा:,Shri Ram Janm Katha:,https://youtu.be/_9mbammZPdU?si=n-ByLRdXdeMlpmHp,"Katha, Ramji"
225,225,श्री राम ने कैसे किया माँ अहल्या का उद्धार,Shri Ram Ne Kaise Kiya Maa Ahalya Ka Uddhar,https://youtu.be/x795jwrP6sY?si=Yx3aq_swuDsuga3X,"Katha, Ramji"
226,226,सीता स्वयंवर की अद्भुत कथा,Sita Swayamvar Ki Adbhut Katha,https://youtu.be/f_dQkIQqdvs?si=VW1LPoO0Ogb4h0pc,"Katha, Ramji"
227,227,श्रीराम वनवास की कथा,Shriram Vanvas Ki Katha,https://youtu.be/vcV_UjRl_OM?si=FuwK91gx91kJVKGN,"Katha, Ramji"
228,228,भरत राम मिलाप - कथा,Bharat Ram Milap - Katha,https://youtu.be/DF8jiXHJlRA?si=LwvO4OoiAxaNRpDV,"Katha, Ramji"
229,229,श्रीराम ने बाली को छुपकर क्यों मारा ?,Shriram Ne Bali Ko Chhupkar Kyon Mara?,https://youtu.be/k7kdm72nBjU?si=NJnOHq8FVwLrioHv,"Katha, Ramji"
230,230,विजयादशमी - राम रावण अंतिम युद्ध की सम्पूर्ण कथा |,Vijayadashami - Ram Ravan Antim Yudh Ki Sampurn Katha |,https://youtu.be/MtbVsknZP-A?si=EpGnCXoRWCCtKUhi,"Dussehra, Katha, Ramji"
231,231,बीज मंत्र,Beej Mantra,https://youtu.be/Naruxgq6oMU?si=xqSFGrw15ZFcqKY-,"Diwali, GaneshChaturthi, GaneshJi, Happiness, Knowledge, Mantra, Peace, Success"
232,232,ॐ वक्रतुण्डाय हुम्,Om Vakratundaya Hum,https://youtu.be/cidhzMLBUPQ?si=fXMWhEu5ZeeOpj3l,"GaneshChaturthi, GaneshJi, Mantra"
233,233,ॐ हस्ति पिशाचि लिख स्वाहा,Om Hasti Pishachi Likha Swaha,https://youtu.be/U88tnB0H1xI?si=2-HbuGny0YDj6tfC,"GaneshJi, Mantra"
234,234,ॐ लम्बोदराय नमः,Om Lambodaray Namah,https://youtu.be/Kdz0DzHoh_c?si=c_D5ejrJH2mP4nDv,"GaneshJi, Mantra"
235,235,ॐ विकटाय नमः,Om Vikataya Namah,https://youtu.be/BLVWder8V9I?si=ZzhUqV7dwH-dI-sP,"GaneshJi, Mantra"
236,236,ॐ विघ्ननाशनाय नमः,Om Vighnanashanaya Namah,https://youtu.be/AibLZNQcHq4?si=LjeojdU2vyn6oW8m,"GaneshJi, Mantra"
237,"237, 755",गणेश गायत्री,Ganesh Gayatri,https://youtu.be/dkVlpm1mKFI?si=vJFkS8R3-PMxX_Ji,"Diwali, GaneshChaturthi, GaneshJi, Mantra"
238,238,श्री संकटनाशन गणेश स्तोत्र,Shri Sankatnashan Ganesh Stotra,https://youtu.be/aTFeZxXkL78?si=HFj5YBPqHTqebgZi,"GaneshChaturthi, GaneshJi, Health, Strotam, Success, Wealth"
239,239,गणेश अथर्वशीर्ष,Ganesh Atharvashirsha,https://youtu.be/Tssx17scqO4?si=WWEOC-sAGbJPwWoB,"GaneshChaturthi, GaneshJi, Strotam"
240,240,ऋणहर्ता गणेश स्तोत्र,Rinaharta Ganesh Stotra,https://youtu.be/aH2ipOQ1_bU?si=icocDYxf8Rhh_hJd,"GaneshJi, Strotam"
241,241,गणेश अष्टोत्तर शतनाम स्तोत्र,Ganesh Ashtottara Shatanam Stotra,https://youtu.be/XhxvcnExPNQ?si=nfh___BHqMxP2wv1,"GaneshJi, Strotam"
242,242,गणेश कवच,Ganesh Kavach,https://youtu.be/7AOJUIx9dLE?si=iiZJAYQrRCv1tpsQ,"GaneshJi, Strotam"
243,243,गणेश हृदय स्तोत्र,Ganesh Hridaya Stotra,https://youtu.be/hA__sJZ_FOc?si=-goJ82D1uxHHIBdW,"GaneshJi, Strotam"
244,"244, 560",गणेश चालीसा,Ganesh Chalisa,https://youtu.be/WyHFSjN0miU?si=C2PbbebEskn6KqLR,"Chalisa, GaneshChaturthi, GaneshJi, Strength, Strotam, Success, Wealth"
245,245,गणेश अष्टकम,Ganesh Ashtakam,https://youtu.be/BhrCfQ0xyp8?si=Y8ihF6eLhRKE0QZ1,"Ashtakam, GaneshChaturthi, GaneshJi, Strotam"
246,246,श्री गणेश पञ्चरत्न,Shri Ganesh Pancharatna,https://youtu.be/IMtvmQr5o5I?si=l3Ya9JbkB2GCi9RB,"GaneshJi, Stuti"
247,247,प्रथम तुला वंदितो,Pratham Tula Vandito,https://youtu.be/l_pV6jQdQ9c?si=S4GL6AaK1Ph0w14l,"GaneshJi, Stuti"
248,248,गजाननं भूत गणादि सेवितं,Gajananm Bhut Ganadi Sevitam,https://youtu.be/ayj0Gm6RTg8?si=JCPQw6jvbztxQbwn,"GaneshJi, Stuti"
249,249,श्री गणेश स्तुति,Shri Ganesh Stuti,https://youtu.be/2GQ7t3b3PIM?si=bTYiyyrcuLZYyzxb,"GaneshJi, Stuti"
250,250,गणेश वंदना,Ganesh Vandana,https://youtu.be/kE_3b_NaOAE?si=sHrTYnvs_Ht1N8E1,"GaneshJi, Stuti"
251,251,श्री गणेश जी की आरती,Shri Ganesh Ji Ki Aarti,https://youtu.be/Yuex2EnsGiY?si=0_Pq00ZXiWo3JeVx,"Aarti, Diwali, GaneshJi, Janmashtami, Stuti"
252,252,सुखकर्ता दुखहर्ता,Sukh Karta Dukhaharta,https://youtu.be/EnbppB9t2Lg?si=53RDlB0vlkr02pCQ,"Aarti, GaneshJi"
253,253,ॐ शेंदुर लाल चढ़ायो अच्छा गजमुख को,Om Shendur Lal Chadhayo Achchha Gajmukh Ko,https://youtu.be/x4xwzv7zKms?si=N__XDkVXQXgqL8HK,"Aarti, GaneshJi"
254,254,वक्रतुण्ड महाकाय,Vakratunda Mahakaya,https://youtu.be/sgniT3zYZGE?si=BSxImt8-d3zA9-jK,"GaneshJi, Shloka"
255,255,गजाननं भूतगणादि,Gajananm Bhuta Ganadi,https://youtu.be/_7gdZWrPQX8?si=FCARIs6d0jt8PzT0,"GaneshJi, Shloka"
256,256,अगजानन पद्मार्कं,Agajanan Padmarkam,https://youtu.be/N1tQ2zK4aYk?si=DZOejLlpJrA5r6aD,"GaneshJi, Shloka"
257,257,सुमुखश्चैकदन्तश्च,Sumukhashchaikadantashcha,https://youtu.be/KI03fvJNUTk?si=D9xeAlbhH0zw2l0M,"GaneshJi, Shloka"
258,258,ॐ श्रीं गं सौभाग्य गणपतये वर्वर्द सर्वजन्म में वषमान्य स्वाहा,Om Shreem Gam Saubhagya Ganapataye Varvarada Sarvajanma Me Vashamanya Swaha,https://youtu.be/nbfyD78Dke0?si=--jK-lqu9SvtXhzK,"GaneshChaturthi, GaneshJi, Mantra, Shloka"
259,259,देवा श्री गणेशा,Deva Shri Ganesha,https://youtu.be/RYqJ5w-GrfM?si=7iTLrOhIb63mpAAA,"Bhajan, GaneshJi"
260,260,मौर्या रे बाप्पा मौर्या रे,Maurya Re Bappa Maurya Re,https://youtu.be/8jff2wz3Hpk?si=QNsZeRhwDjGRQ5Hs,"Bhajan, GaneshChaturthi, GaneshJi"
261,261,गजानना श्री गणराया,Gajanana Shri Ganaraya,https://youtu.be/fV8WIzEHD-E?si=QoCkMznHOJj-qUjD,"Bhajan, GaneshChaturthi, GaneshJi"
262,262,सुनो गणपति बाप्पा मौर्या,Suno Ganpati Bappa Maurya,https://youtu.be/WFBpMrcaxXA?si=XJBNsWCipgSiL04x,"Bhajan, GaneshJi"
263,263,गणपति अपने गाँव चले,Ganpati Apne Gaon Chale,https://youtu.be/wiIJr3qihaQ?si=-f9FdXR6zpC7iHDa,"Bhajan, GaneshChaturthi, GaneshJi"
264,264,"मेरे मन मंदिर में तुम भगवान रहे,",Mere Man Mandir Mein Tum Bhagwan Rahe,https://youtu.be/GiUkwTxsaYA?si=tAnNkeZ1LrxBim0v,"Bhajan, GaneshChaturthi, GaneshJi"
265,265,श्री गणेश जन्म कथा,Shri Ganesh Janm Katha,https://youtu.be/QiWkw-7QdfA?si=bJLHJe2-Y4ZfMgmJ,"GaneshJi, Katha"
266,266,पृथ्वी परिक्रमा कथा,Prithvi Parikrama Katha,https://youtu.be/msKSippIeOE?si=RB6UilhxgjzXDxD7,"GaneshJi, Katha"
267,267,संकष्टी चतुर्थी व्रत कथा,Sankashti Chaturthi Vrat Katha,https://youtu.be/9Y6wrYQ9l9M?si=ob2XoW3B-NceWETE,"GaneshJi, Katha"
268,268,गणेश जी ने कुबेर का घमंड कैसे तोडा,Ganesh Ji Ne Kuber Ka Ghamand Kaise Toda,https://youtu.be/V6bdNotAvpo?si=9hIdxzdEVzGvDDFg,"GaneshJi, Katha"
269,269,कौनसा श्राप मिला चंद्रदेव को श्री गणेशजी द्वारा ?,Kaunsa Shrap Mila Chandradev Ko Shri Ganesh Ji Dwara?,https://youtu.be/-2zGr9Q91DI?si=gMHKwO6c9ve5z6m4,"GaneshJi, Katha"
270,270,महाभारत का लेखन किसने किया था,Mahabharat Ka Lekhan Kisne Kiya Tha,https://youtu.be/MSx6PEo6egQ?si=M3Ja4Dll3sYeFwXf,"GaneshJi, Katha"
271,271,रिद्धि-सिद्धि विवाह कथा,Riddhi-Siddhi Vivah Katha,https://youtu.be/JIazMEU8_mA?si=RL-ZsSegD_ZJq3ni,"GaneshJi, Katha"
272,272,श्री गणेश के एकदंत अवतार की कहानी ।,Shri Ganesh Ke Ekdant Avatar Ki Kahani.,https://youtu.be/YdLl-NUNFfU?si=t6rZyAy36jBLB7J9,"GaneshJi, Katha"
273,273,हुआ इतना भयंकर युद्ध के परशुराम जी गणेशजी का दांत तोड़ दिया,Hua Itna Bhayankar Yudh Ke Parshuram Ji Ganesh Ji Ka Daant Tod Diya,https://youtu.be/wm-3ncCBg04?si=5Aihv_vmNlN4pzYT,"GaneshJi, Katha"
274,274,बीज मंत्र,Beej Mantra,https://youtu.be/tnwdmXa8Kcg?si=H4M-lZvX4nwDP-bn,"KrishnaJi, Mantra"
275,275,मुक्ति मंत्र,Mukti Mantra,https://youtu.be/felGgBmnx-I?si=YoB5C1tli8tX3Kpx,"Janmashtami, KrishnaJi, Mantra, Success"
276,"276, 488, 779",महामंत्र,Mahamantra,https://youtu.be/Zdcth9NndEA?si=cBoFKjOpIFF2NbjP,"Happiness, Janmashtami, KrishnaJi, Mantra, Peace"
277,277,श्री कृष्णाय शरणं मम,Shri Krishnaya Sharanam Mama,https://youtu.be/1y2tRqtND1Y?si=Oc1VslQStdIS9Z13,"Happiness, Janmashtami, KrishnaJi, Mantra, Peace"
278,278,ॐ क्लीं कृष्णाय नमः,Om Kleem Krishnaya Namah,https://youtu.be/WqiKUywr55o?si=sx_88WGHIxnkZoNM,"Janmashtami, KrishnaJi, Mantra"
279,279,कृष्ण गायत्री,Krishna Gayatri,https://youtu.be/yzwVyns93nc?si=UqzAJ3pjM1DUhsI7,"Janmashtami, KrishnaJi, Mantra"
280,280,गोकुल नाथाय नमः,Gokul Nathaya Namah,https://youtu.be/qDt6N68WHy8?si=97ZxYRIXVb01K6_h,"KrishnaJi, Mantra"
281,281,गोवल्लभाय स्वाहा,Govallabhaya Swaha,https://youtu.be/6w3wN89oLfo?si=heaJxtbjFicJCK7E,"KrishnaJi, Mantra"
282,282,ॐ क्लीं ग्लौं क्लीं श्यामलांगाय नमः,Om Kleem Glaum Kleem Shyamalangaya Namah,https://youtu.be/b5T-oidQLAM?si=JDp71GyzjmCfIrCP,"KrishnaJi, Mantra"
283,283,गोपाल सहस्रनाम स्तोत्र,Gopal Sahasranama Stotra,https://youtu.be/sjWftsKY17c?si=mLCx34MI5E8Wd-Yo,"KrishnaJi, Strotam"
284,284,मुकुंद माला स्तोत्र,Mukunda Mala Stotra,https://youtu.be/ZTs6tcgm0lE?si=zJdwNIS-eYe8GMet,"KrishnaJi, Strotam"
285,285,श्री कृष्ण अष्टोत्तर शतनाम स्तोत्र (108 नाम),Shri Krishna Ashtottara Shatanam Stotra (108 Naam),https://youtu.be/K3oE-h8Lgxk?si=H2NeiSvZDFyeitvU,"KrishnaJi, Strotam"
286,286,ब्रह्म संहिता,Brahma Samhita,https://youtu.be/0pSbpQcCBNc?si=uR5GGoDtiu4sh4nB,"KrishnaJi, Strotam"
287,287,नारायणीयम्,Narayaneeyam,https://youtu.be/vheWrSxvQf8?si=WSd_Oh9eIu29WaY4,"KrishnaJi, Strotam"
288,288,संतान गोपाल स्तोत्र,Santan Gopal Stotra,https://youtu.be/gyLT2Yz_yHo?si=6boX0E4ODR2nuxV9,"KrishnaJi, LoveAndRelationship, Strotam, Stuti"
289,289,कृष्णा चालीसा,Krishna Chalisa,https://youtu.be/EJufdp0WS0Q?si=fLbrGiYjPfMbjZp1,"Chalisa, KrishnaJi"
290,290,गोपाल चालीसा,Gopal Chalisa,https://youtu.be/hiZB_bwV0R4?si=NwWWTjZTLwZtJvLZ,"Chalisa, KrishnaJi"
291,291,कृष्ण अष्टकम,Krishna Ashtakam,https://youtu.be/PvdeDNeCiQc?si=T6FiME_l0gc5pd7S,"Ashtakam, KrishnaJi, LoveAndRelationship, Peace, Strotam"
292,292,बाल मुकुंद स्तुति,Bal Mukunda Stuti,https://youtu.be/0l0Kf_JdzGA?si=sub1fmI9QPj7Pvfy,"KrishnaJi, Stuti"
293,293,राधा-कृष्ण युगल स्तुति,Radha-Krishna Yugal Stuti,https://youtu.be/7VCiJ2N-1EA?si=Twq1UgJi0jETyqeg,"KrishnaJi, Stuti"
294,294,श्री द्वारकाधीशजी की शयन स्तुति,Shri Dwarkadhish Ji Ki Shayan Stuti,https://youtu.be/5FU1Zb4oXc8?si=iLU2g9Q85rMkbpD_,"KrishnaJi, Stuti"
295,295,कुन्ती स्तुति,Kunti Stuti,https://youtu.be/Wc3Ng3y4KL0?si=Udob2a9WMS6kOpua,"KrishnaJi, Stuti"
296,296,आरती कुंजबिहारी की,Aarti Kunjbihari Ki,https://youtu.be/EMO1AT1UQf0?si=YEPhm4K955xBp6RB,"Aarti, Janmashtami, KrishnaJi"
297,297,ॐ जय श्री कृष्ण हरे,Om Jai Shri Krishna Hare,https://youtu.be/NoX2I_mdzA8?si=83tsDkr6saVzcOu3,"Aarti, KrishnaJi"
298,298,आरती श्री बांके बिहारी तेरी आरती गाऊं,Aarti Shri Banke Bihari Teri Aarti Gaun,https://youtu.be/6LO2PRgbutc?si=yww6-9PsBDlf4jy1,"Aarti, Bhajan, Janmashtami, KrishnaJi, RamNavami"
299,299,"जय कान्हा काला, प्रभु जय कान्हा काला","Jai Kanha Kala, Prabhu Jai Kanha Kala",https://youtu.be/t_ULrM1Ei6k?si=1ZDLM8HZvDtov936,"Aarti, KrishnaJi"
300,300,आरती श्री बाल कृष्ण जी की,Aarti Shri Bal Krishna Ji Ki,https://youtu.be/xlaAaxz_tpQ?si=2ky0i3tyEWSaLvi0,"Aarti, KrishnaJi"
301,301,आरती जुगल किशोर की,Aarti Jugal Kishore Ki,https://youtu.be/6em96KXH2uY?si=3lnyN7ceeQdMOk9s,"Aarti, KrishnaJi"
302,302,जय जगदीश हरे,Jai Jagdish Hare,https://youtu.be/3ucCEjXS9n8?si=xmxtRMfp2MqjYvJP,"Aarti, KrishnaJi"
303,303,द्वारकाधीश आरती,Dwarkadhish Aarti,https://youtu.be/Eadz0b0AK4M?si=PDjr0UDP8HdWcMPs,"Aarti, KrishnaJi"
304,304,वसुदेवसुतं देवं,Vasudevasutam Devam,https://youtu.be/DdnIrdIyXPk?si=J0UsLQg_mLhBHqx8,"KrishnaJi, Shloka"
305,305,मूकं करोति वाचालं,Mukam Karoti Vachalam,https://youtu.be/AkCYiUsdArw?si=jLgaTztsiNDDIvg5,"KrishnaJi, Shloka"
306,306,यदा यदा ही धर्मस्य,Yada Yada Hi Dharmasya,https://youtu.be/1AOgbhmP0ig?si=HztCRx46d8XXa16m,"KrishnaJi, Shloka, VishnuJi"
307,307,कर्मण्येवाधिकारस्ते,Karmanyevadhikaraste,https://youtu.be/m0VD0vSXNXQ?si=rYvcj8atb4ReJtxk,"KrishnaJi, Shloka, Success"
308,308,सर्वधर्मान्परित्यज्य,Sarvadharmanparityajya,https://youtu.be/iNgFM6NKDxQ?si=HeemCWcs6L3oteQQ,"KrishnaJi, Shloka"
309,309,हे कृष्ण करुणा सिन्धु,He Krishna Karuna Sindhu,https://youtu.be/k6oKjApcd8k?si=iALtB1Cbee031oOL,"KrishnaJi, Shloka"
310,"310, 776, 792",अच्युतम केशवम कृष्ण दामोदरम,Achyutam Keshavam Krishna Damodaram,https://youtu.be/3yczGKnskts?si=kXnjK3iThd_asoFy,"Bhajan, Diwali, Happiness, Health, Janmashtami, KrishnaJi, LoveAndRelationship, Mantra, Peace, Stuti, Success, VishnuJi"
311,311,सांवली सूरत पे मोहन दिल दीवाना हो गया,Sanwali Surat Pe Mohan Dil Deewana Ho Gaya,https://youtu.be/yaw7T0GnNr0?si=h1dYb9144M_yWkUP,"Bhajan, KrishnaJi"
312,"312, 796",छोटी छोटी गईया छोटे छोटे ग्वाल,Chhoti Chhoti Gaiya Chhote Chhote Gwal,https://youtu.be/XzqJUoSDHZU?si=8-LAQkUg8tq7ov6T,"Bhajan, Happiness, Janmashtami, KrishnaJi, Stuti"
313,313,श्याम तेरी बंसी पुकारे राधा नाम,Shyam Teri Bansi Pukare Radha Naam,https://youtu.be/XJqKbDxAa3U?si=8QX2YAec4EyoDiPP,"Bhajan, Janmashtami, KrishnaJi, Stuti"
314,314,यशमति मैया से बोले नंदलाला,Yashomati Maiya Se Bole Nandlala,https://youtu.be/yWTN6bsDWN4?si=Lzw6_QbV5g85uOt9,"Bhajan, KrishnaJi, LoveAndRelationship"
315,315,कन्हैया ले चल परली पार,Kanhaiya Le Chal Parli Paar,https://youtu.be/cdc_bgVMkOs?si=iecRdyTDMAfElETW,"Bhajan, KrishnaJi"
316,316,नंद के आनंद भयो जय कन्हैया लाल की,Nand Ke Anand Bhayo Jai Kanhaiya Lal Ki,https://youtu.be/rSKgqcv-eoc?si=ncBCgt4hMLfctP-G,"Bhajan, KrishnaJi"
317,317,बड़ी देर भई नन्दलाला,Badi Der Bhai Nandlala,https://youtu.be/dheA6Pqjtm4?si=RiRbLmj8Bev2rpIx,"Bhajan, KrishnaJi"
318,318,मीठे रस से भरयोड़ी राधारानी लागे,Meethe Ras Se Bharyodi Radharani Lage,https://youtu.be/SMBeENVIFjk?si=WUZ0mVEySHXROaQ2,"Bhajan, KrishnaJi"
319,319,श्री कृष्ण जन्म कथा:,Shri Krishna Janm Katha:,https://youtu.be/DCkMeVhmiC4?si=jcdhcguIvw6rcsQE,"Janmashtami, Katha, KrishnaJi"
320,320,कालिया नाग मर्दन,Kaliya Naag Mardan,https://youtu.be/AB2sbXuL9kQ?si=MElc9dj-urTPQgvo,"Katha, KrishnaJi"
321,321,गोवर्धन जी कथा,Govardhan Ji Katha,https://youtu.be/mmVbmowFswQ?si=pZE5fw0QkulqRM2W,"Janmashtami, Katha, KrishnaJi"
322,322,माखन चोरी लीला,Makhan Chori Leela,https://youtu.be/-AXtzS1ytAc?si=5FAkilAIp3wx-dXp,"Katha, KrishnaJi"
323,323,श्रीकृष्ण ने किया कंस का वध,Shrikrishna Ne Kiya Kans Ka Vadh,https://youtu.be/adxlvgEH10Y?si=REKtFgT6xzkRzPjN,"Katha, KrishnaJi"
324,324,सुदामा चरित्र,Sudama Charitra,https://youtu.be/U2Eoov4alUA?si=ac_jo8SuW3a-_23H,"Katha, KrishnaJi"
325,325,द्रोपदी चीर हरण एक दर्दनाक सत्य कहानी,Draupadi Cheer Haran Ek Dardnak Satya Kahani,https://youtu.be/-fUdc_XQ_r8?si=KKo6QkS23XZzJqmh,"Katha, KrishnaJi"
326,326,नरकासुर वध कथा...,Narkasur Vadh Katha...,https://youtu.be/lnoXCvbRetI?si=VVTxM9JEQj9a8_Y7,"Katha, KrishnaJi"
327,327,बीज मंत्र,Beej Mantra,https://youtu.be/jB4aaP2X7S4?si=fNw_s_3Ep9aH-uJZ,"DurjaJi, Dussehra, Mantra, Peace, Strength"
328,328,नवार्ण मंत्र,Navarna Mantra,https://youtu.be/cdlS1XC3Gus?si=k-Ox-2oKGYu1DiOb,"DurjaJi, Mantra"
329,329,सर्वमंगल मांगल्ये,Sarvamangala Mangalye,https://youtu.be/Yof1Vrh5TK0?si=s3diaEG-5Tn4r_2c,"DurjaJi, Health, Mantra, Stuti, Success"
330,330,ॐ ह्रीं दुं दुर्गायै नमः,Om Hreem Dum Durgayai Namah,https://youtu.be/GHBynIok2Lo?si=uHYmAAtpv22yQ64n,"DurjaJi, Mantra, Strength"
331,331,या देवी सर्वभूतेषु,Ya Devi Sarvabhuteshu,https://youtu.be/hiBxKwtn08Q?si=2-hlooiVaBcLrIbb,"DurjaJi, Mantra"
332,332,सौभाग्य प्राप्ति हेतु,Saubhagya Prapti Hetu,https://youtu.be/OKRVaXU01kI?si=3YMdFbLtHjcGJ4sE,"DurjaJi, Health, Mantra, Shloka"
333,333,शरणागत दीनार्त,Sharanagata Deenarta,https://youtu.be/O0dGIsqbMsw?si=shotKSeK8r1k9C7N,"DurjaJi, Mantra, Shloka"
334,334,जयन्ती मङ्गला काली,Jayanti Mangala Kali,https://youtu.be/r66ySZ7iipM?si=FM_yp5XcLh9cQ4q0,"DurjaJi, Mantra, Shloka"
335,335,सृष्टिस्थितिविनाशानां,Srishtisthitivinashanam,https://youtu.be/BmoR0Wdw62Y?si=XrxETRzByga49y4q,"DurjaJi, Mantra"
336,336,दुर्गा गायत्री,Durga Gayatri,https://youtu.be/01mE3zDTifE?si=SoXuQjej3MBXv8AX,"DurjaJi, Mantra"
337,337,दुर्गा सप्तशती:,Durga Saptashati:,https://youtu.be/Cn_MBUfZSQo?si=RyVPFTFe6tGrNzAX,"DurjaJi, Strotam"
338,338,श्री अर्गला स्तोत्रम,Shri Argala Stotram,https://youtu.be/YD0eXOX6gbo?si=imwcbkJIn2dnyT97,"DurjaJi, Navratri, Strength, Strotam"
339,339,कीलक स्तोत्रम,Keelak Stotram,https://youtu.be/5hPQUvaahhg?si=cqtLDH7VLQkac6QA,"DurjaJi, Strength, Strotam"
340,340,सिद्ध कुंजिका स्तोत्र:,Siddha Kunjika Stotra:,https://youtu.be/m8koxlMwZBQ?si=mh01vb9TnBQKXSA6,"DurjaJi, Strotam"
341,341,देवी अथर्वशीर्ष,Devi Atharvashirsha,https://youtu.be/edDTogeyCbI?si=AOTg_gvIfbq5CZxC,"DurjaJi, Strotam"
342,342,दुर्गा अष्टोत्तर शतनाम स्तोत्र (108 नाम),Durga Ashtottara Shatanam Stotra (108 Naam),https://youtu.be/sAmQN4pox2I?si=J09EISlVTH8pxduh,"DurjaJi, Strotam"
343,343,महिषासुरमर्दिनी स्तोत्र,Mahishasuramardini Stotra,https://youtu.be/4CKpFcQdJXk?si=2OkdCoCBxDs78Tcv,"DurjaJi, Navratri, Strength, Strotam"
344,344,देव्यपराधक्षमापन स्तोत्र,Devyaparadhakshamapan Stotra,https://youtu.be/bHVtLb9ulLI?si=QSFicf7SbPqwDAj0,"DurjaJi, Strotam"
345,345,दुर्गा कवच,Durga Kavach,https://youtu.be/mKvxMv3XrWA?si=EvZPdf6e3LLIrBmF,"DurjaJi, Strotam"
346,"346, 457",श्री दुर्गा चालीसा,Shri Durga Chalisa,https://youtu.be/fsMzgFMMGxA?si=vMcngDgu3vYUf4te,"Chalisa, DurjaJi, Strength, Success"
347,347,श्री दुर्गा अष्टकम्,Shri Durga Ashtakam,https://youtu.be/7hpt3DFGsgk?si=45BB1NayOe2rS_lH,"Ashtakam, DurjaJi"
348,348,भवानी अष्टकम,Bhavani Ashtakam,https://youtu.be/KHQGmOCP7hQ?si=L4kZDdZJP8wnbERN,"Ashtakam, DurjaJi"
349,349,दुर्गा क्षमा प्रार्थना:,Durga Kshama Prarthana:,https://youtu.be/3AwodovEc0k?si=9W4WxeT0tqcjxqYF,"DurjaJi, Stuti"
350,350,देवी स्तुति:,Devi Stuti:,https://youtu.be/98tKisf10-I?si=f1PmcHWoeyC0xT7A,"DurjaJi, Stuti"
351,351,ब्रह्माकृत देवी स्तुति,Brahmakrit Devi Stuti,https://youtu.be/FCbDRLU0Myo?si=IoI0iDvLF12CGPQt,"DurjaJi, Stuti"
352,352,शैलपुत्री स्तुति (नवदुर्गा की प्रथम स्तुति),Shailputri Stuti (Navdurga Ki Pratham Stuti),https://youtu.be/-F8zV3pMZA0?si=dvF2Hygp_GMOwI5C,"DurjaJi, Stuti"
353,353,सिद्धिदात्री स्तुति,Siddhidatri Stuti,https://youtu.be/_A4sg_F1Za4?si=ha8pQ_NJgTiJwJvV,"DurjaJi, Stuti"
354,354,"जय अम्बे गौरी, मैया जय श्यामा गौरी (सबसे प्रसिद्ध)","Jai Ambe Gauri, Maiya Jai Shyama Gauri (Sabse Prasidh)",https://youtu.be/-rKAOaS7Q3I?si=l89QDnB3pqc2rsJx,"Aarti, DurjaJi"
355,355,"अम्बे तू है जगदम्बे काली, जय दुर्गे खप्पर वाली","Ambe Tu Hai Jagdambe Kali, Jai Durge Khappar Wali",https://youtu.be/dVTUUtOHUCA?si=Uk_2RDtvaypwtFhK,"Aarti, DurjaJi, Dussehra, Strotam"
356,356,जय सरस्वती माता,Jai Saraswati Mata,https://youtu.be/TTVAyS9wOV4?si=lwrEOKvRzRWGLKkD,"Aarti, DurjaJi"
357,357,आरती विन्ध्येश्वरी माता की,Aarti Vindhyeshwari Mata Ki,https://youtu.be/Wa0K7gf7BUs?si=NHJofs11z4hjbs9d,"Aarti, DurjaJi"
358,358,आरती शीतला माता की,Aarti Sheetla Mata Ki,https://youtu.be/SVO3zWQVbIQ?si=g0bAIqtMwdXLbBew,"Aarti, DurjaJi"
359,359,जय वैष्णव माता आरती,Jai Vaishnav Mata Aarti,https://youtu.be/7TMeGrAiYXg?si=trZ1yP_Ejvtw9smG,"Aarti, DurjaJi"
360,360,माता चामुंडा देवी जी की आरती,Mata Chamunda Devi Ji Ki Aarti,https://youtu.be/X6rKpVJoxaQ?si=4bKv512qTO2pl7fJ,"Aarti, DurjaJi"
361,361,भोर भई दिन चढ़ गया मेरी अम्बे,Bhor Bhai Din Chadh Gaya Meri Ambe,https://youtu.be/A4WW9ezwazc?si=8R3ZrJ_Yn27l_iQS,"Aarti, DurjaJi"
362,362,सर्वमंगल मांगल्ये,Sarvamangala Mangalye,https://youtu.be/ZdBVEV5u2To?si=em-5O2iYoV9z50BF,"DurjaJi, Navratri, Shloka, Wealth"
363,363,या देवी सर्वभूतेषु,Ya Devi Sarvabhuteshu,https://youtu.be/3hNchYO61N0?si=6cEKmQN6_sHFHNOp,"DurjaJi, Shloka"
364,364,जयन्ती मङ्गला काली,Jayanti Mangala Kali,https://youtu.be/r66ySZ7iipM?si=NEjamA32NPb6T0qz,"DurjaJi, Mantra, Shloka"
365,365,देहि सौभाग्यमारोग्यं,Dehi Saubhagyamarogyam,https://youtu.be/OKRVaXU01kI?si=_uw6ukhpng-Bgeg6,"DurjaJi, Health, Mantra, Shloka"
366,366,शरणागत दीनार्त,Sharanagata Deenarta,https://youtu.be/O0dGIsqbMsw?si=YMDdBnbEnw14QNiR,"DurjaJi, Mantra, Shloka"
367,367,तूने मुझे बुलाया शेरावालिये,Tune Mujhe Bulaya Sherawaliye,https://youtu.be/kQiH4Qk63d4?si=xJ20b6pNl1tzb3WQ,"Bhajan, DurjaJi"
368,368,"चलो बुलावा आया है, माता ने बुलाया है","Chalo Bulawa Aaya Hai, Mata Ne Bulaya Hai",https://youtu.be/UIvpNrP4WQs?si=TYg6D7vN9AGO-z1B,"Bhajan, DurjaJi"
369,369,नंगे नंगे पांव चला आ गया री मैया,Nange Nange Paon Chala Aa Gaya Ri Maiya,https://youtu.be/2XpXPwJYoQ8?si=_vr7sS1wOceTQRuV,"Bhajan, DurjaJi"
370,370,भेजा है बुलावा तूने शेरावालिये,Bheja Hai Bulawa Tune Sherawaliye,https://youtu.be/Xx1Cn67LaEE?si=FGsgWDyBnyKTM23T,"Bhajan, DurjaJi"
371,371,मैया का चोला है रंगला,Maiya Ka Chola Hai Rangla,https://youtu.be/IHyTxAR51Ow?si=s3YaBX3DMcnlWt3a,"Bhajan, DurjaJi"
372,372,मन लेके आया माता रानी के भवन में,Man Leke Aaya Mata Rani Ke Bhavan Mein,https://youtu.be/UUAJFjov7Xo?si=PVM9wcbMaKarr7VK,"Bhajan, DurjaJi"
373,373,प्यारा सजा है तेरा द्वार भवानी,Pyara Saja Hai Tera Dwar Bhawani,https://youtu.be/M0E506vc8r0?si=JsUayaaeFsxPeJfO,"Bhajan, DurjaJi"
374,374,मैया तेरी जय जयकार,Maiya Teri Jai Jaikar,https://youtu.be/9w9SVujBfxo?si=AtgSefqNs0QBxKeN,"Bhajan, DurjaJi"
375,375,लली लली लाल चुनरिया,Lali Lali Lal Chunariya,https://youtu.be/APztwI6m1KI?si=6ZVQo_B3b2opJ6nP,"Bhajan, DurjaJi"
376,376,महिषासुर वध की कथा:,Mahishasur Vadh Ki Katha:,https://youtu.be/GM-1L-Hglnw?si=_teScPV7tR8KzYXg,"DurjaJi, Katha"
377,377,शुम्भ-निशुम्भ वध की कथा,Shumbh-Nishumbh Vadh Ki Katha,https://youtu.be/gxbN66VZYg8?si=cQSq0GNZhJhrZq7H,"DurjaJi, Katha"
378,378,मधु-कैटभ वध की कथा,Madhu-Kaitabh Vadh Ki Katha,https://youtu.be/nfcB83GU-_A?si=zXSza_hbe-7mKa68,"DurjaJi, Katha"
379,379,माता सती और 51 शक्तिपीठ की कथा,Mata Sati Aur 51 Shaktipeeth Ki Katha,https://youtu.be/8SdAQcExa0E?si=ts9zw3Z2pRUl_coi,"DurjaJi, Katha"
380,380,नवदुर्गा के 9 रूपों की कथा:,Navdurga Ke 9 Rupon Ki Katha:,https://youtu.be/MsuWbBoSwX8?si=IFfR6QCJJe2EqkWh,"DurjaJi, Katha"
381,381,वैष्णो देवी की कथा:,Vaishno Devi Ki Katha:,https://youtu.be/3H_zLywdgvE?si=eWQbQtfcA4zP25oc,"DurjaJi, Katha"
382,382,रक्तबीज वध की कथा:,Raktabeej Vadh Ki Katha:,https://youtu.be/ApZoQJ8UK_8?si=BGN6jaJOsMmfcwqb,"DurjaJi, Katha"
383,383,माता पार्वती का कठिन तप और शिव से विवाह,Mata Parvati Ka Kathin Tap Aur Shiv Se Vivah,https://youtu.be/LUzsbfl93Q4?si=JYCRHHaA6P3eVuyU,"DurjaJi, Katha"
384,384,करादर्शनम्,Karadarshanam,https://youtu.be/UJZZyryDK00?si=rnb6ybLJ1g19xgWw,"Peace, Stuti, SubahUthteHi"
385,385,पृथ्वी क्षमा प्रार्थना,Prithvi Kshama Prarthana,https://youtube.com/shorts/Is7xRqhvlvU?si=qARyNsuIj0WI9zTT,SubahUthteHi
386,386,नवग्रह प्रभात मंत्र,Navgrah Prabhat Mantra,https://youtube.com/shorts/A01Ms9WILjA?si=KGdLKpQz4FqoFG9l,SubahUthteHi
387,387,मंगल स्मरण मंत्र,Mangal Smaran Mantra,https://youtube.com/shorts/aOHRIfSBjwY?si=zMFYh2Zdz7XqFqEC,SubahUthteHi
388,388,पंचकन्या स्मरण,Panchkanya Smaran,https://youtube.com/shorts/r4k-aM0MJ2w?si=Qjs577cDJd79KsFl,SubahUthteHi
389,389,स्नान मंत्र,Snan Mantra,https://youtu.be/psLJhxiQ85o?si=2-SNh1BWmsciWde8,NahaneKeSamay
390,390,वरुण मंत्र,Varun Mantra,https://youtu.be/xD_nK8TBYUQ?si=TjCJDoV0_CM_-6Xh,NahaneKeSamay
391,391,सूर्य अर्घ्य,Surya Arghya,https://youtube.com/shorts/R-DMV8NHR3g?si=EIPgctHvzEgL2I5Q,NahaneKeBaad
392,392,गायत्री मंत्र,Gayatri Mantra,https://youtube.com/shorts/DnPBZvI1YCg?si=2O3c1NfZk4fj_OzH,NahaneKeBaad
393,393,चंदन लगाने का मंत्र,Chandan Lagane Ka Mantra,https://youtube.com/shorts/gzd3cfS-SIE?si=LbgxNx5RT8Dak9i3,NahaneKeBaad
394,394,तुलसी प्रार्थना,Tulsi Prarthana,https://youtube.com/shorts/_fGRay5SF5k?si=NRI8iKUB1ASVK3nK,NahaneKeBaad
395,395,ब्रह्मार्पण मंत्र,Brahmarpan Mantra,https://youtu.be/CY0le0A1spY?si=FnNo2p4vCGM_2sQi,BhojanSePehle
396,396,अन्नपूर्णा स्तुति,Annapurna Stuti,https://youtube.com/shorts/RM8VZu4aFFA?si=hcKNCncaQbr3yGl6,BhojanSePehle
397,397,अगस्त्य मंत्र,Agastya Mantra,https://youtube.com/shorts/IXIA0ua2WDs?si=4cKvCmZ8Ew4lFZnq,BhojanKeBaad
398,398,कृतज्ञता,Kritagyata,https://youtu.be/RqWyAbDZkxg?si=FTezx_rtvlQGO4hP,BhojanKeBaad
399,399,चरणामृत मंत्र,Charanamrit Mantra,https://youtube.com/shorts/1z4ohQ5wjVQ?si=qFSjLi160P6jWR1Q,BhojanKeBaad
400,400,आसन मंत्र,Aasan Mantra,https://youtu.be/yXymIcFJVTY?si=E3QSPPbXbaayLBXy,PoojaKeSamay
401,401,दीप मंत्र,Deep Mantra,https://youtube.com/shorts/jBIA9Ap-VR0?si=3Gxj8KQQsu6h2icW,PoojaKeSamay
402,402,गणेश वंदना,Ganesh Vandana,https://youtube.com/shorts/hzQqfRM-mtA?si=whkvJBQngpHbomLh,PoojaKeSamay
403,403,गुरु वंदना,Guru Vandana,https://youtube.com/shorts/ycvqpPFyQSU?si=tJjnZm6QMTDBoMPY,"Knowledge, PoojaKeSamay, Stuti"
404,404,अर्पण मंत्र,Arpan Mantra,https://youtu.be/CAc9h7oTjrM?si=VVFbSow3YEgGraj0,"PoojaKeSamay, Shloka, VishnuJi"
405,405,आचमन मंत्र,Aachaman Mantra,https://youtu.be/EeGBRq880uU?si=5C-5VPQu7MQKBmTM,PoojaKeSamay
406,406,पुष्पाञ्जलि श्लोक,Pushpanjali Shloka,https://youtube.com/shorts/vYcSZAYfzaM?si=x1ZVFUHW2SanoxGv,PoojaKeSamay
407,407,पूर्णमदः मंत्र,Purnamadah Mantra,https://youtube.com/shorts/l-Ky7bRU7Ys?si=O7bu3zjBGyfRjwVm,PoojaKeBaad
408,408,प्रदक्षिणा मंत्र,Pradakshina Mantra,https://youtube.com/shorts/5fSrgIFS_EM?si=URx57pYNWGu7fTip,PoojaKeBaad
409,409,हनुमान मंत्र,Hanuman Mantra,https://youtu.be/2dv4rUhuBEg?si=uTSd8zAclqdT1YTC,SoneSePehle
410,410,रक्षा मंत्र,Raksha Mantra,https://youtu.be/DkoN-b0YrAs?si=7Oa0wGZzVspJfpt9,SoneSePehle
411,411,शयन मंत्र,Shayan Mantra,https://youtube.com/shorts/W8_pcfb0Mgk?si=Nb9rTpxGI6TMzTDo,SoneSePehle
412,412,क्षमा याचना,Kshama Yachana,https://youtu.be/zM3ML2Exxlo?si=YJtOX3Gvds7hHr85,SoneSePehle
413,413,विष्णु स्मरण,Vishnu Smaran,https://youtube.com/shorts/G-LD7NIP8Vs?si=spLFLTo06gHTTYLv,SoneSePehle
414,414,राधा-कृष्ण प्रेम कथा,Radha-Krishna Prem Katha,https://youtu.be/8YDJARGajec?si=iem_4YeFPsUqCp1l,"Katha, LoveAndRelationship"
415,415,शिव-पार्वती विवाह,Shiv-Parvati Vivah,https://youtu.be/ln8em1Dc5Zs?si=GN2klf1iS7VLEqzm,"Katha, LoveAndRelationship"
416,416,राम-सीता वनवास कथा,Ram-Sita Vanvas Katha,https://youtu.be/_zWa1AjW_C4?si=iIy5LCzFbQXUxqlq,"Katha, LoveAndRelationship"
417,417,रुक्मिणी हरण कथा,Rukmini Haran Katha,https://youtu.be/-AbMZAESCQI?si=de-o6-JvfKhPqhZn,"Katha, LoveAndRelationship"
418,418,नल-दमयंती कथा,Nal-Damayanti Katha,https://youtu.be/LJ2zEAAVQ3A?si=inoRE1raZrjW1xQH,"Katha, LoveAndRelationship"
419,419,कामदेव-रति कथा,Kamdev-Rati Katha,https://youtu.be/mj8aJ-MkKrI?si=pOm1dpBVOCj_WZ59,"Katha, LoveAndRelationship"
420,420,सत्यभामा-कृष्ण कथा,Satyabhama-Krishna Katha,https://youtu.be/MPCopbetzis?si=13kpUoLdLfBEG4Ba,"Katha, LoveAndRelationship"
421,421,उषा-अनिरुद्ध कथा,Usha-Aniruddh Katha,https://youtu.be/ap8oVmjD3xY?si=9uYb0-Hyab8tDv9-,"Katha, LoveAndRelationship"
422,422,सुभद्रा-अर्जुन विवाह,Subhadra-Arjun Vivah,https://youtu.be/vyukL1WLoIs?si=wbOWNri_5mDOH6-D,"Katha, LoveAndRelationship"
423,423,तुलसी-शालिग्राम,Tulsi-Shaligram,https://youtu.be/Ik_zhFLWVA0?si=VDJeXDG4eTL8qrcf,"Katha, LoveAndRelationship, VishnuJi"
424,424,हनुमान-राम भक्ति,Hanuman-Ram Bhakti,https://youtu.be/e3tWzWydNeY?si=0XBD9T2ROK6zls0j,"Katha, LoveAndRelationship"
425,"425, 665, 745",अच्युतम केशवम,Achyutam Keshavam,https://youtu.be/3yczGKnskts?si=FvdBzJon0L1sUzSE,"Bhajan, Diwali, Happiness, Health, Janmashtami, KrishnaJi, LoveAndRelationship, Mantra, Peace, Stuti, Success, VishnuJi"
426,426,राधे राधे बरसाने वाली,Radhe Radhe Barsane Wali,https://youtu.be/61EGpAy4Ids?si=N2hWEO1airA1nztA,"Bhajan, Happiness, LoveAndRelationship"
427,427,ऐसी लागी लगन,Aisi Lagi Lagan,https://youtu.be/dnCE-kSHES0?si=cYpIjXtwIhaE19YB,"Bhajan, Happiness, Janmashtami, LoveAndRelationship, Stuti, Success"
428,428,श्री रामचंद्र कृपालु,Shri Ramchandra Kripalu,https://youtu.be/leVoi6kkp3o?si=v3atP52xIcpUEFs8,"Aarti, Bhajan, Diwali, Dussehra, Happiness, Health, Knowledge, Peace, RamNavami, Strotam, Stuti, Success"
429,429,किशोरी कुछ ऐसा इंतजाम,Kishori Kuch Aisa Intazam,https://youtu.be/1B048qCYGJY?si=vGtXpybJT19itVNr,"Bhajan, Happiness"
430,430,यशोमती मैया से बोले,Yashomati Maiya Se Bole,https://youtu.be/RIYVVqu2XY4?si=zZcShWvTzV_kAWCQ,"Bhajan, Happiness, Janmashtami, Stuti"
431,431,श्यामा आन बसो,Shyama Aan Baso,https://youtu.be/XtTG7iT7H3g?si=QwuObktBmdhoY9ZT,"Bhajan, Happiness, LoveAndRelationship"
432,432,मीठे रस से भरयो री,Meethe Ras Se Bharyo Ri,https://youtu.be/w8piP6I3VS0?si=wbezH3AAc4y4WBwb,"Bhajan, Happiness"
433,433,भर दे रे श्याम झोली,Bhar De Re Shyam Jholi,https://youtu.be/aT9TP5CrLJg?si=3F3TthXHK_-4sHAJ,"Bhajan, Happiness"
434,434,ओ पालनहारे,O Palanhare,https://youtu.be/kbMinfmC3E0?si=EORk1j1UQxAqRLLu,"Bhajan, Happiness, Health, Success"
435,435,मेरा आपकी कृपा से,Mera Aapki Kripa Se,https://youtu.be/C9EespXQCGE?si=IyEpmHHsEOLzOuXF,"Bhajan, Happiness, Health, Success"
436,436,छोटी छोटी गईया,Chhoti Chhoti Gaiya,https://youtu.be/XzqJUoSDHZU?si=8-LAQkUg8tq7ov6T,"Bhajan, Happiness, Janmashtami, KrishnaJi, Stuti"
437,437,वैद्यनाथ स्तोत्र,Vaidyanath Stotra,https://youtu.be/OVWlwCHMr-I?si=NYeN8K3tAw9sLKXY,"Health, Strotam"
438,438,धन्वंतरि स्तोत्र,Dhanvantari Stotra,https://youtu.be/0VO5vBiYG6I?si=17_Cg59qnta9EBNI,"Health, Strotam"
439,439,संकट नाशन गणेश स्तोत्र,Sankat Nashan Ganesh Stotra,https://youtu.be/aTFeZxXkL78?si=HaE-tYiH834XPpXn,"GaneshChaturthi, GaneshJi, Health, Strotam, Success, Wealth"
440,440,मृत्युंजय स्तोत्र,Mrityunjaya Stotra,https://youtu.be/vgu91Z4kXpk?si=iF5pe0X3rmAEvthK,"Health, Strotam"
441,441,दुर्गा आपदुद्धारक स्तोत्र,Durga Apaduddharak Stotra,https://youtu.be/VpkLjMDcucg?si=2-MzQkTgTAUVFDs-,"Health, Strotam"
442,442,हनुमान बाहुक,Hanuman Bahuk,https://youtu.be/EWCkUAY-0OU?si=rSwJp2NDWgWtLUZB,"Health, Strotam"
443,443,सूर्य मंडल स्तोत्र,Surya Mandal Stotra,https://youtu.be/32TGOFRIVmE?si=LwFbGvQnd3VmykMC,"Health, Strotam"
444,444,नारायण कवच,Narayan Kavach,https://youtu.be/BBV0HQI3NB4?si=LjPC9hE-1m_fAsBa,"Happiness, Health, Mantra, Strength, Strotam, Success"
445,445,नाम है तेरा तारणहारा,Naam Hai Tera Taranhara,https://youtu.be/MwqOns-5qN0?si=t1dRusMdyzjIqXAz,"Bhajan, Health"
446,446,कितना प्यारा है श्रृंगार,Kitna Pyara Hai Shringar,https://youtu.be/WocBegF7_p0?si=LcPrq90-IixgpXKt,"Bhajan, Health"
447,447,इतनी शक्ति हमें देना दाता,Itni Shakti Humein Dena Data,https://youtu.be/3EnLaJKhO2A?si=7gCDpVLnLz5KZhbG,"Bhajan, Health, Success"
448,"448, 763, 770",महालक्ष्मी अष्टकम,Mahalakshmi Ashtakam,https://youtube.com/shorts/7BEYmt8EeX8?si=kqi58ODFW_qjBs1A,"Diwali, Mantra, Shloka, Strotam, Stuti, Success, Wealth"
449,449,श्री सूक्तम,Shri Suktam,https://youtube.com/shorts/8hbV_LQKvv0?si=k4cFAIlX83ys0rDI,"Shloka, Strotam, Success, Wealth"
450,450,बजरंग बाण,Bajrang Baan,https://youtu.be/h1lT6cxwsPw?si=KdhV4ABeZuxVKiuY,"Dussehra, HanumanJayanti, Strength, Strotam, Success"
451,451,सरस्वती स्तोत्र,Saraswati Stotra,https://youtu.be/log_B4nMkH0?si=T7hhpGvgFFSaNdjq,"Knowledge, Strotam, Success"
452,452,शिव पंचाक्षर स्तोत्र,Shiv Panchakshar Stotra,https://youtu.be/3rJ4HVA9cII?si=euKFMGNZX2c0rt5p,"Shivji, Strotam, Success"
453,453,हनुमान अष्टक,Hanuman Ashtak,https://youtu.be/HH_a6aRO1TE?si=k0J6WxtRY4t4yhi1,"Ashtakam, Bhajan, HanumanJayanti, HanumanJi, Strength, Strotam, Success"
454,454,श्री हनुमान चालीसा,Shri Hanuman Chalisa,https://youtu.be/AETFvQonfV8?si=YezmW2nYi76Eoi6Q,"Chalisa, Dussehra, HanumanJayanti, HanumanJi, RamNavami, Strength, Strotam, Success"
458,458,श्री सरस्वती चालीसा,Shri Saraswati Chalisa,https://youtu.be/jRjRip7JyjM?si=cMhmyBbA48bP47eA,"Chalisa, Success"
462,462,शिव तांडव स्तोत्रम (संक्षिप्त अंश - रावण रचित) [1],Shiv Tandav Stotram (Sankshipt Ansh - Ravan Rachit),https://youtu.be/S980-z1qx3g?si=skvwCt7XGHenuWbP,"MahaShivratri, Shivji, Strength, Strotam"
466,466,अतुलितबलधामं,Atulitbaladhamam,https://youtu.be/CIl1O1GwOfk?si=0PLRHfGike1eIJPN,"HanumanJayanti, HanumanJi, Happiness, Health, Mantra, Shloka, Stuti, Success"
467,467,"शक्ति, भक्ति और बुद्धि के देव हनुमान जी को समझिए |","Shakti, Bhakti Aur Buddhi Ke Dev Hanuman Ji Ko Samjhiye |",https://youtu.be/_35QngzzdEQ?si=l9SidSRJ4C7GTyks,"HanumanJi, Katha"
468,468,भगवान श्री राम और हनुमान जी का प्रथम मिलाप,Bhagwan Shri Ram Aur Hanuman Ji Ka Pratham Milap,https://youtu.be/IJfsaSWM7vg?si=dEF6K1qP5r5Mh6vZ,"HanumanJi, Katha"
469,469,हनुमान जी रक्षा कैसे करते हैं ?,Hanuman Ji Raksha Kaise Karte Hain?,https://youtu.be/Yafs12RHYqw?si=DFgZFimu47Z3K-Ye,"HanumanJi, Katha"
470,470,जब हनुमान जी चले लंका माता जानकी को खोजने |,Jab Hanuman Ji Chale Lanka Mata Janki Ko Khojne |,https://youtu.be/av3Vf23CRqc?si=hRrw_iHsdMJ8WfIw,"HanumanJi, Katha"
471,471,वक्रतुण्ड महाकाय सूर्यकोटि समप्रभ।,Vakratunda Mahakaya Suryakoti Samaprabha.,https://youtu.be/kxxhO92X8ro?si=kI__HcFg2zNoXZn2,"GaneshJi, Mantra"
473,473,वक्रतुण्ड महाकाय,Vakratunda Mahakaya,https://youtu.be/x0n-mk-_OHg?si=qBZDhZeI421iS3TG,"GaneshJi, Shloka"
474,474,गजाननं भूतगणादि,Gajananm Bhuta Ganadi,https://youtu.be/6fl5JFL-SoA?si=uMzDR8I4B2c9dy8-,"GaneshJi, Knowledge, Shloka, Stuti"
475,475,अगजानन पद्मार्कं,Agajanan Padmarkam,https://youtu.be/bQrYmTfw59Q?si=h7eoNNv6DhDZhGuT,"GaneshJi, Shloka"
476,476,विघ्नेश्वराय वरदाय,Vighneshwaraya Varadaya,https://youtu.be/r-8-0OwqDjE?si=UMvZ1OKIqCgV3z5I,"GaneshJi, Shloka"
477,477,अभीप्सितार्थ सिद्धयर्थं,Abhipsitartha Siddhyartham,https://youtu.be/rzAm4kvEDbc?si=esY2jKOVx-Z2hH93,"GaneshJi, Shloka"
478,478,घर में पधारो गजानंद जी मेरे घर में पधारो,Ghar Mein Padharo Gajanand Ji Mere Ghar Mein Padharo,https://youtu.be/nLUmRxc6140?si=tDzujtf2OLcvCbDf,"Bhajan, GaneshChaturthi, GaneshJi"
479,479,हे गौरी नंदन तुमको वंदन,He Gauri Nandan Tumko Vandan,https://youtu.be/KP_dAI4k1Dg?si=ssSVFPUldb97cxGY,"Bhajan, GaneshJi"
480,480,सबसे पहले गणेश भगवान् की पूजा क्यों करते है,Sabse Pehle Ganesh Bhagwan Ki Puja Kyon Karte Hai,https://youtu.be/VYCZdEaHLCE?si=VW3FFZDKm2dzI8oX,"GaneshJi, Katha"
481,481,महाभारत कैसे लिखी गई ?,Mahabharat Kaise Likhi Gayi?,https://youtu.be/6PfjQNc3J8M?si=G20iarXyjqTOP0wI,"GaneshJi, Katha"
482,482,या देवी सर्वभूतेषु शक्ति-रूपेण संस्थिता। नमस्तस्यै नमस्तस्यै नमस्तस्यै नमो नमः॥,Ya Devi Sarvabhuteshu Shakti-Rupena Samsthita. Namastasyai Namastasyai Namastasyai Namo Nomah.,https://youtu.be/hiBxKwtn08Q?si=2-hlooiVaBcLrIbb,"DurjaJi, Mantra"
483,483,ओम चैंटिंग,Om Chanting,https://youtu.be/8sYK7lm3UKg?si=KT8XY7gMP0pyZAwq,"Mantra, Peace"
484,"484, 564, 673, 707, 730, 765",गायत्री मंत्र,Gayatri Mantra,https://youtu.be/nwRoHC83wx0?si=f1Akd4C3BSvXNJaE,"Diwali, Happiness, Health, Knowledge, Mantra, Peace, Shloka, Success"
485,"485, 677",शांति मंत्र,Shanti Mantra,https://youtu.be/iRVIbOMymj0?si=p9yfDWWAsb63wtMq,"BhojanSePehle, Happiness, Mantra, Peace, Shloka"
487,487,शिव मंत्र,Shiv Mantra,https://youtu.be/bc1obsjb58c?si=oQIb1G1Fx1wOJ8Gw,"LoveAndRelationship, Mantra, Peace, Shivji, Strength"
489,489,गणेश मंत्र,Ganesh Mantra,https://youtu.be/Naruxgq6oMU?si=xqSFGrw15ZFcqKY-,"Diwali, GaneshChaturthi, GaneshJi, Happiness, Knowledge, Mantra, Peace, Success"
490,490,सर्वेशम शांति,Sarvesham Shanti,https://youtu.be/uZeqfUN1JQ0?si=Lb68rZWdE5QOk92U,"Mantra, Peace"
491,491,बुद्ध मंत्र,Buddha Mantra,https://youtu.be/ntpeQR7K0PI?si=4_9jjQ1cbxYs7wRa,"Happiness, Mantra, Peace"
492,492,लोका समस्ता,Loka Samasta,https://youtu.be/kEqrQNWUVR0?si=QM6gM9QnfS6W2hi6,"Mantra, Peace"
493,"493, 731, 761",सरस्वती मंत्र,Saraswati Mantra,https://youtu.be/-NqX8zOZ62w?si=DWcjvgR9t3KYkz-D,"Diwali, Knowledge, Mantra, Peace, Success"
494,494,हनुमान मंत्र,Hanuman Mantra,https://youtu.be/D46fCp06EfE?si=5_BNw_uMCsqb0prg,"Mantra, Peace"
495,495,असतो मा,Asato Ma,https://youtu.be/Vwyo62x9yC4?si=M6kkN6Ue85KVUV8i,"Mantra, Peace"
496,496,गुरु मंत्र,Guru Mantra,https://youtu.be/jXPk7TnZC4c?si=3IMkISoz8uz7DN_R,"Knowledge, Mantra, Peace, Shloka"
497,497,निर्वाण षटकम,Nirvana Shatakam,https://youtu.be/evTvChlKhwU?si=wgMr2Xt6m0Iqp9nf,"Mantra, Peace"
499,499,सो-हम मंत्र,So-Ham Mantra,https://youtu.be/0RuobL60yXw?si=YucAR53psxKFia7Z,"Mantra, Peace"
500,500,दुर्गा मंत्र,Durga Mantra,https://youtu.be/jB4aaP2X7S4?si=fNw_s_3Ep9aH-uJZ,"DurjaJi, Dussehra, Mantra, Peace, Strength"
501,501,रा मा दा सा,Ra Ma Da Sa,https://youtu.be/Q4O3nI0bEWo?si=_xW_NCBXUyH3J6Em,"Mantra, Peace"
502,502,अहं ब्रह्मास्मि,Aham Brahmasmi,https://youtu.be/25jTq5q9xTg?si=vzbCaQs5brOhmYv9,"Mantra, Peace"
503,503,राम मंत्र,Rama Mantra,https://youtu.be/-1udu-1LpOo?si=pmbGDDSFyq5uJhX0,"Mantra, Peace, RamNavami, Ramji"
504,"504, 681",कृष्ण शरणम,Krishna Sharanam,https://youtu.be/1y2tRqtND1Y?si=wVq_YTMXmSeZFrYr,"Happiness, Janmashtami, KrishnaJi, Mantra, Peace"
505,505,नारायण मंत्र,Narayan Mantra,https://youtu.be/BLn-f2DZN4Y?si=tdz0GGjNGQIWYzX4,"Mantra, Peace, VishnuJi"
506,"506, 786",अच्युतम केशवम,Achyutam Keshavam,https://youtu.be/3yczGKnskts?si=kXnjK3iThd_asoFy,"Bhajan, Diwali, Happiness, Health, Janmashtami, KrishnaJi, LoveAndRelationship, Mantra, Peace, Stuti, Success, VishnuJi"
507,507,गणेश बीज,Ganesha Beej,https://youtu.be/Naruxgq6oMU?si=FcMrbfkDJoW6MNjX,"Diwali, GaneshChaturthi, GaneshJi, Happiness, Knowledge, Mantra, Peace, Success"
508,508,निर्वाण षटकम,Nirvana Shatakam,https://youtu.be/nkH47o7C8ew?si=9laW-JgmfyfmaMTO,"Peace, Strotam"
509,509,लिंगाष्टकम,Lingashtakam,https://youtu.be/gW-Cz2AIWOs?si=J6a3b6OtnI-WH5RG,"Peace, Strotam"
510,510,शिव मानस पूजा,Shiv Manas Puja,https://youtu.be/zukqadAe9N8?si=M1D-iNfUXiTaOKDm,"MahaShivratri, Peace, Strotam"
511,"511, 649, 785",मधुराष्टकम,Madhurashtakam,https://youtu.be/sdZpM8paUnM?si=nAeAA34E_6X4S8uO,"Janmashtami, LoveAndRelationship, Mantra, Peace, Strotam, Stuti"
512,512,नारायण स्तोत्रम,Narayan Stotram,https://youtu.be/gsHIPGDctJ0?si=lAIFco1_0UhAKruS,"Peace, Strotam, VishnuJi"
513,513,गुरुवाष्टकम,Guruvashtakam,https://youtu.be/pv7ZiedzncE?si=qJEhamSNR06brz_v,"Peace, Strotam"
514,514,दक्षिणमूर्ति स्तोत्रम,Dakshinamurti Stotram,https://youtu.be/LNrQLgfTGJA?si=Ny6Y5AKVVghnbuXG,"Knowledge, Peace, Strotam"
515,515,राम अष्टकम,Ram Ashtakam,https://youtu.be/EvfGBluQkSk?si=7z6NrixCl74aIvH_,"Ashtakam, Dussehra, Peace, RamNavami, Ramji, Strotam"
516,516,बिलवाष्टकम,Bilvashtakam,https://youtu.be/rZVj0e-KP2Y?si=3qFzBksINIHjQhL9,"Peace, Strotam"
517,517,कर दर्शन स्तुति,Kar Darshan Stuti,https://youtu.be/UJZZyryDK00?si=pS4DwK9XFn84QOnQ,"Peace, Stuti, SubahUthteHi"
518,"518, 683, 738, 775",श्री राम स्तुति,Shri Ram Stuti,https://youtu.be/leVoi6kkp3o?si=v3atP52xIcpUEFs8,"Aarti, Bhajan, Diwali, Dussehra, Happiness, Health, Knowledge, Peace, RamNavami, Strotam, Stuti, Success"
519,519,शिव रुद्राष्टकम स्तुति,Shiv Rudrashtakam Stuti,https://youtu.be/8xvbnfVIJL4?si=nj45iNF3J8MaTlA_,"MahaShivratri, Peace, Strotam, Stuti"
520,"520, 662, 716",नारायण स्तुति,Narayan Stuti,https://youtu.be/Im5TK-glA9M?si=9nkexVkWvXGF3cUA,"Happiness, Health, LoveAndRelationship, Mantra, Peace, Stuti, Success, VishnuJi"
521,521,शिव मानस स्तुति,Shiv Manas Stuti,https://youtu.be/HblVEP-ecEo?si=XaU9U-v4WoR7-NDE,"Knowledge, Peace, Stuti"
522,522,सरस्वती स्तुति,Saraswati Stuti,https://youtu.be/Njc1Hu6WPDU?si=2e_xq2AoGxLJomUg,"Happiness, Health, LoveAndRelationship, Peace, Stuti, Success"
523,523,विष्णु मंगल स्तुति,Vishnu Mangal Stuti,https://youtu.be/cMhYGo0T2nY?si=pRQzRi7ZNpSUe4nN,"Peace, Stuti"
524,524,अपराध क्षमापन स्तुति,Apradh Kshamapan Stuti,https://youtu.be/03goUB9QgHw?si=HmTzxNfNMtTs68Vp,"Peace, Stuti"
525,525,श्री कृष्ण स्तुति,Shri Krishna Stuti,https://youtu.be/f_tCqLX6GNU?si=g9esdPlr_XnbbTWa,"Happiness, Knowledge, LoveAndRelationship, Peace, Stuti"
526,526,दुर्गा शांति स्तुति,Durga Shanti Stuti,https://youtu.be/pEM6eMIB6Y0?si=sO9q8icj2HNS2_8r,"Peace, Stuti"
527,527,उपनिषद शांति पाठ,Upanishad Shanti Path,https://youtu.be/vfzibQrVPoM?si=y7xPU6cE7-JtCkvc,"Peace, Shloka, Success"
528,528,गीता (अध्याय 2),Gita (Adhyay 2),https://youtu.be/juCRT87f9Vc?si=fp7SvU2CayUvWF5-,"Peace, Shloka"
529,529,गीता (अध्याय 6),Gita (Adhyay 6),https://youtu.be/kJ3VkWj2BF8?si=qsvZFiwYJ-oIeLnj,"Peace, Shloka"
530,530,ईशावास्य उपनिषद,Ishavasya Upanishad,https://youtu.be/ZibumRoU-J8?si=DNHUdgTSuJi_9UCH,"Peace, Shloka"
531,531,गीता (अध्याय 6),Gita (Adhyay 6),https://youtu.be/-y4wvehWSOM?si=ZvRpcq948PJcGRIX,"Peace, Shloka"
532,532,कठोपनिषद शांति,Kathopanishad Shanti,https://youtu.be/iRVIbOMymj0?si=cFBjMhHR-DcFq9_Y,"BhojanSePehle, Happiness, Mantra, Peace, Shloka"
533,533,शांति पाठ,Shanti Path,https://youtu.be/ceFwFtgdSmc?si=7aiIUrGPwDm9uLT7,"Peace, Shloka"
534,534,मन नियंत्रण (गीता),Man Niyantran (Gita),https://youtube.com/shorts/lacNlWQ87Z8?si=DoslwmmZPKqU9g_1,"Peace, Shloka"
535,535,संतुलन श्लोक,Santulan Shlok,https://youtube.com/shorts/8rXQPg2o2NI?si=qxUb07QrdaPiXCPZ,"Peace, Shloka"
536,536,ध्यान मूलम्,Dhyan Moolam,https://youtube.com/shorts/gtP55rMID_4?si=cyPJRDPUhifikHN2,"Peace, Shloka"
537,537,अध्यात्म श्लोक,Adhyatma Shlok,https://youtube.com/shorts/vp2Wp1mtb7o?si=ZDoZPcitIfChkb7U,"Knowledge, Peace, Shloka"
538,538,दुर्गा बीज मंत्र,Durga Beej Mantra,https://youtu.be/jB4aaP2X7S4?si=fNw_s_3Ep9aH-uJZ,"DurjaJi, Dussehra, Mantra, Peace, Strength"
539,539,काली मंत्र,Kali Mantra,https://youtu.be/hStOYwuIrVE?si=BaMHjkK86-ctlaKr,"Mantra, Strength"
540,540,नृसिंह गायत्री,Nrisingh Gayatri,https://youtu.be/iGZk-Uu86lY?si=BNjXLF1KydHWrOVV,"Mantra, Strength"
541,541,हनुमान स्तुति मंत्र,Hanuman Stuti Mantra,https://youtu.be/iWd6VAWduZg?si=qrMcv4ayCSmC3X_q,"HanumanJayanti, HanumanJi, Happiness, LoveAndRelationship, Mantra, Shloka, Strength, Stuti"
542,542,दुर्गा दुःस्वप्न निवारण,Durga Duhswapna Nivaran,https://youtu.be/GHBynIok2Lo?si=uHYmAAtpv22yQ64n,"DurjaJi, Mantra, Strength"
543,543,नृसिंह बीज मंत्र,Nrisingh Beej Mantra,https://youtu.be/u0TbNGui5tI?si=qV_U-FAw_0SFg-0I,"Mantra, Strength"
545,545,सुदर्शन मंत्र,Sudarshan Mantra,https://youtu.be/R2uDzusTCHg?si=5KitqlvfCYwUfIju,"Mantra, Strength"
546,546,कार्तिकेय मंत्र,Kartikeya Mantra,https://youtu.be/5arZWUzAQ2U?si=t1dIPuKyuZOw08Cb,"Mantra, Strength, Success"
547,547,बगलामुखी बीज मंत्र,Baglamukhi Beej Mantra,https://youtu.be/SQlglZOlZVI?si=LyMXWu1-GYr77UH0,"Mantra, Strength"
548,548,गरुड़ शक्ति मंत्र,Garuda Shakti Mantra,https://youtu.be/45obOMbjQmA?si=rFwfcxRCwRVFAbRY,"Mantra, Strength"
549,549,सर्व सुरक्षा मंत्र,Sarva Suraksha Mantra,https://youtu.be/bc1obsjb58c?si=oQIb1G1Fx1wOJ8Gw,"LoveAndRelationship, Mantra, Peace, Shivji, Strength"
551,551,दुर्गा चालीसा,Durga Chalisa,https://youtu.be/fsMzgFMMGxA?si=vMcngDgu3vYUf4te,"Chalisa, DurjaJi, Strength, Success"
552,552,काली चालीसा,Kali Chalisa,https://youtu.be/Vowqo1DSL8g?si=0nF5g06RFXpeDbUV,"Chalisa, Strength"
553,553,भैरव चालीसा,Bhairav Chalisa,https://youtu.be/a8mYn1pQFME?si=-IMBK_e91qYazf_B,"Chalisa, Strength"
554,554,नृसिंह चालीसा,Nrisingh Chalisa,https://youtu.be/Hi1sTa68g7o?si=RZw4weog997o8jQH,"Chalisa, Strength"
555,555,राम चालीसा,Ram Chalisa,https://youtu.be/MoJw2s6q4P0?si=R2XibwgmtcN1lazL,"Chalisa, RamNavami, Ramji, Strength, Strotam"
556,556,विंध्येश्वरी चालीसा,Vindhyeshwari Chalisa,https://youtu.be/p4jvHQz-fYQ?si=9CimlzRjJ45DV_mj,"Chalisa, Strength"
557,557,कार्तिकेय चालीसा,Kartikeya Chalisa,https://youtu.be/0xcCWDE1x5c?si=VxRFyOl2j6ed7niq,"Chalisa, Strength"
558,558,बगलामुखी चालीसा,Baglamukhi Chalisa,https://youtu.be/NShJA3v8maI?si=iLTtoEvIsqk36avk,"Chalisa, Strength"
559,559,बगलामुखी चालीसा,Gayatri Chalisa,https://youtu.be/B2lrRky9eE4?si=nQgH9JmWN6iBVbGk,"Chalisa, Strength"
561,561,सरस्वती चालीसा,Saraswati Chalisa,https://youtu.be/w19sRwFqbwY?si=gQYxs5wL-HxhsoAF,"Chalisa, Strength, Wealth"
562,"562, 774",लक्ष्मी चालीसा,Lakshmi Chalisa,https://youtu.be/aLKLcvJZ2Hc?si=LghSz9KgBnH3YqXK,"Chalisa, Diwali, LakshmiJi, Strength, Stuti, Success"
563,563,सरस्वती बीज मंत्र,Saraswati Beej Mantra,https://youtu.be/B2Mbb_uUC8E?si=9o3n9FgDqedN50LH,"Knowledge, LoveAndRelationship, Mantra"
565,565,विद्या प्राप्ति मंत्र,Vidya Prapti Mantra,https://youtube.com/shorts/8HTkpFKRqbw?si=gXDWT4gUuB1QS0Sj,"Knowledge, Mantra, Shloka"
566,566,गणेश विद्या मंत्र,Ganesh Vidya Mantra,https://youtu.be/Naruxgq6oMU?si=FcMrbfkDJoW6MNjX,"Diwali, GaneshChaturthi, GaneshJi, Happiness, Knowledge, Mantra, Peace, Success"
567,567,गुरु मंत्र,Guru Mantra,https://youtu.be/Lhb-kwZNjhw?si=GpSsGq599D-WIcwS,"Knowledge, Mantra"
568,568,हनुमान बुद्धि मंत्र,Hanuman Buddhi Mantra,https://youtu.be/x3jGb2bWVww?si=lNNVf_rDpkw1WCO6,"Knowledge, Mantra"
569,569,बुध ग्रह मंत्र,Budh Grah Mantra,https://youtu.be/cG3JrHzTFUo?si=3xJWfMZDihEPRP59,"Knowledge, Mantra"
570,570,नवग्रह सरस्वती,Navgrah Saraswati,https://youtu.be/-NqX8zOZ62w?si=Gama0RD6ZBaBqVBt,"Diwali, Knowledge, Mantra, Peace, Success"
571,571,प्रज्ञा वर्धन मंत्र,Pragya Vardhan Mantra,https://youtu.be/YdGV6Y91a1Q?si=SgK661pEhKb9OUBe,"Knowledge, Mantra"
572,572,सूर्य प्रज्ञा मंत्र,Surya Pragya Mantra,https://youtu.be/kOgaTaFcgjU?si=JDvMuvOFUXbD0Icu,"Knowledge, Mantra, Success"
573,573,अगस्त्य रचित सरस्वती स्तोत्र,Agastya Rachit Saraswati Stotra,https://youtu.be/UbUKRuDcapk?si=-_8bpLLypMLurt3U,"Knowledge, Strotam"
574,574,हयग्रीव स्तोत्र,Hayagriva Stotra,https://youtu.be/ieHRNA7h-IA?si=a9kAoSjvRcFZBjuP,"Knowledge, Strotam"
575,575,शारदा भुजंग प्रयात स्तोत्र,Sharda Bhujang Prayat Stotra,https://youtu.be/q69QKmywlL8?si=b_pwThhZjb1ce6Vx,"Knowledge, Strotam"
576,576,नील सरस्वती स्तोत्र,Neel Saraswati Stotra,https://youtu.be/log_B4nMkH0?si=T7hhpGvgFFSaNdjq,"Knowledge, Strotam, Success"
577,577,विद्या लक्ष्मी स्तोत्र,Vidya Lakshmi Stotra,https://youtu.be/i9qkRDJ0GVM?si=YzBpwHwPxkJHJVpO,"Knowledge, Strotam"
578,578,दक्षिणमूर्ति स्तोत्र,Dakshinamurti Stotra,https://youtu.be/LNrQLgfTGJA?si=Ny6Y5AKVVghnbuXG,"Knowledge, Peace, Strotam"
579,579,बृहस्पति स्तोत्र,Brihaspati Stotra,https://youtu.be/R15QXx7yRUo?si=aCpS8BKqgcMwoOqs,"Knowledge, Strotam, Stuti"
580,580,बुध स्तोत्र,Budh Stotra,https://youtu.be/lUqRs1ReVn8?si=24q7NY4WBKO0Dg-R,"Knowledge, Strotam"
581,581,सरस्वती द्वादश नाम स्तोत्र,Saraswati Dwadash Naam Stotra,https://youtu.be/cNL_XKugiMQ?si=B_w8t1pnEnVIbajQ,"Knowledge, Strotam"
582,582,मेधा सूक्त स्तोत्र,Medha Sukta Stotra,https://youtu.be/EwTppFPdFV4?si=ER3GE0FWkeR8dZXB,"Knowledge, Strotam"
583,583,गणेश पंचरत्न स्तोत्र,Ganesh Pancharatna Stotra,https://youtu.be/vYFOV9nj-_w?si=_NycUXJsmBt6Da4d,"Ashtakam, GaneshChaturthi, GaneshJi, Knowledge, Strotam"
584,584,सरस्वती वंदना (या कुन्देन्दु..),Saraswati Vandana (Ya Kundendu..),https://youtu.be/cArR7W_jJZo?si=z1WuUejVE4IlmvIW,"Knowledge, Stuti"
585,585,गणेश स्तुति (गजाननं भूत..),Ganesh Stuti (Gajananm Bhut..),https://youtu.be/6fl5JFL-SoA?si=q5d9ZR9bNuB-cEot,"GaneshJi, Knowledge, Shloka, Stuti"
586,586,गुरु वंदना (गुरुर्ब्रह्मा..),Guru Vandana (Gururbrahma..),https://youtube.com/shorts/ycvqpPFyQSU?si=tJjnZm6QMTDBoMPY,"Knowledge, PoojaKeSamay, Stuti"
587,587,हनुमान बुद्धि स्तुति,Hanuman Buddhi Stuti,https://youtu.be/OOS-Pcovi-4?si=vJZVLePUjRe5jde6,"HanumanJayanti, Knowledge, Mantra, Stuti"
588,588,ब्रह्मा स्तुति,Brahma Stuti,https://youtu.be/RjhWu8pb7DQ?si=S6kq1SUlsBfnVw3G,"Knowledge, Stuti"
589,589,विष्णु स्तुति (शान्ताकारं..),Vishnu Stuti (Shantakaram..),https://youtu.be/XAxNnRPoyiU?si=SzEsaZlOfS48Hd-b,"Diwali, Knowledge, Mantra, Stuti, VishnuJi"
590,590,राम स्तुति (श्री रामचन्द्र..),Ram Stuti (Shri Ramchandra..),https://youtu.be/leVoi6kkp3o?si=v3atP52xIcpUEFs8,"Aarti, Bhajan, Diwali, Dussehra, Happiness, Health, Knowledge, Peace, RamNavami, Strotam, Stuti, Success"
591,591,गायत्री स्तुति,Gayatri Stuti,https://youtu.be/280OQORjOWE?si=iEGVbkNeKDcS6Tma,"Knowledge, Stuti"
592,592,कृष्ण स्तुति (कस्तूरी तिलकम..),Krishna Stuti (Kasturi Tilakam..),https://youtu.be/f_tCqLX6GNU?si=g9esdPlr_XnbbTWa,"Happiness, Knowledge, LoveAndRelationship, Peace, Stuti"
593,593,बृहस्पति स्तुति,Brihaspati Stuti,https://youtu.be/R15QXx7yRUo?si=F8f5-iFv9tBh6OJx,"Knowledge, Strotam, Stuti"
594,594,गुरु श्लोक,Guru Shlok,https://youtu.be/jXPk7TnZC4c?si=3IMkISoz8uz7DN_R,"Knowledge, Mantra, Peace, Shloka"
595,595,विद्या श्लोक,Vidya Shlok,https://youtu.be/FkDW6dXWO28?si=-CWnd9BTactQtoaP,"Knowledge, Shloka"
596,596,चाणक्य नीति,Chanakya Niti,https://youtube.com/shorts/tF0E-LA9nP8?si=hJ-oqm05sw8P2cZ2,"Knowledge, Shloka"
597,597,भगवद गीता,Bhagwad Gita,https://youtu.be/UdrEhU_jLyk?si=QZ85FFVF-TgBfXdT,"Knowledge, Shloka"
598,598,सुभाषित,Subhashit,https://www.youtube.com/live/WcwEhTTriss?si=Dh9sO1uTln8j1gZz,"Knowledge, Shloka"
599,599,वैदिक विद्या,Vedic Vidya,https://youtube.com/shorts/vp2Wp1mtb7o?si=94qjGBD7qZDFoWA3,"Knowledge, Peace, Shloka"
600,600,सरस्वती श्लोक,Saraswati Shlok,https://youtube.com/shorts/8HTkpFKRqbw?si=lKsOmUxq3-s1g_eR,"Knowledge, Mantra, Shloka"
601,601,चाणक्य नीति 2,Chanakya Niti 2,https://youtu.be/LhByftvSUow?si=Tnq0jdsaK_eHfMPv,"Knowledge, Shloka"
602,602,सुभाषित 2,Subhashit 2,https://youtu.be/HPHadXO2MGY?si=iKiM45I8JobFPtp2,"Knowledge, Shloka"
603,603,गीता श्लोक 2,Gita Shlok 2,https://youtube.com/shorts/8-qBFaUbKfs?si=KrUhmC4PxuR0yc_a,"Knowledge, Shloka, Wealth"
604,604,वैदिक मंत्र,Vedic Mantra,https://youtu.be/Z9JLAy20J2M?si=LYnXlNrvxAd7pEoO,"Knowledge, Shloka"
606,606,कुबेर मंत्र,Kuber Mantra,https://youtu.be/IKGvPex_NQM?si=1DrV4jmYl-n-B0rm,"Mantra, Shloka, Success, Wealth"
607,607,महालक्ष्मी मूल मंत्र,Mahalakshmi Mool Mantra,https://youtu.be/m8hvtU9Lzzk?si=1K9flqSsHLdbD1bx,"LakshmiJi, Mantra, Wealth"
608,608,लक्ष्मी मंत्र,Lakshmi Mantra,https://youtu.be/g_czAYo3MKQ?si=-LU0VBJs1MmgBg7t,"LakshmiJi, Mantra, Wealth"
609,609,ऋण मोचन मंत्र,Rina Mochan Mantra,https://youtu.be/hnxXdqarpKg?si=ipN2Ak8MAnjCvke0,"Mantra, Wealth"
610,610,कनकधारा बीज मंत्र,Kanakdhara Beej Mantra,https://youtu.be/ZKfNOYMKXI0?si=zYx2HfGOp3vV5N5M,"Mantra, Wealth"
611,611,विष्णु लक्ष्मी मंत्र,Vishnu Lakshmi Mantra,https://youtu.be/4-XRc7ofCkM?si=bWMvUOXKrHoN6k3S,"LoveAndRelationship, Mantra, Wealth"
612,612,महालक्ष्मी गायत्री,Mahalakshmi Gayatri,https://youtu.be/HeqiNrjiCfk?si=EyUBWgbK16-rLLp0,"Diwali, LakshmiJi, Mantra, Wealth"
613,613,व्यापार वृद्धि मंत्र,Vyapar Vriddhi Mantra,https://youtu.be/9wUtZFEmaLM?si=mnP_uX0SYbSi1G4F,"Mantra, Wealth"
614,614,धन प्रदा मंत्र,Dhan Prada Mantra,https://youtu.be/zOtUr7eqq-Q?si=6Xk-u7lMCxPw1Bef,"Mantra, Wealth"
615,615,कनकधारा स्तोत्र,Kanakdhara Stotra,https://youtu.be/3Y1JGvieOBk?si=-Vziy6rODds0zN_H,"LakshmiJi, Strotam, Wealth"
616,"616, 758",श्री सूक्तम,Shri Suktam,https://youtu.be/OC7LQxuhQUU?si=Dk4q0uGOrbCSfm7I,"Diwali, LakshmiJi, Mantra, Navratri, Strotam, Stuti, Wealth"
617,617,महालक्ष्मी अष्टकम,Mahalakshmi Ashtakam,https://youtu.be/RDWtngDhknA?si=WCTJjON7OPrv6Hdy,"LakshmiJi, Shloka, Strotam, Wealth"
618,618,ऋण मोचन मंगल स्तोत्र,Rina Mochan Mangal Stotra,https://youtu.be/ztcH7tkeLhs?si=C0V9hG-DwmGJeZjj,"Strotam, Wealth"
619,619,गणेश संकटनाशन स्तोत्र,Ganesh Sankatnashan Stotra,https://youtu.be/aTFeZxXkL78?si=duxsc5pwTGoNRBpq,"GaneshChaturthi, GaneshJi, Health, Strotam, Success, Wealth"
620,620,अन्नपूर्णा स्तोत्र,Annapurna Stotra,https://youtu.be/UkT5eHWOIjQ?si=mbNXv4_wRxfFKtJ6,"LoveAndRelationship, Strotam, Wealth"
621,621,इन्द्राक्षी स्तोत्र,Indrakshi Stotra,https://youtu.be/cuSGy5SuVtA?si=A8nPscCPd5cXWYal,"Strotam, Wealth"
622,622,नारायण सूक्तम,Narayan Suktam,https://youtu.be/vLP6gdiDbOU?si=m7rY9Wm1sygwWuaf,"Strotam, VishnuJi, Wealth"
623,623,शुभ-लाभ स्तोत्र,Shubh-Labh Stotra,https://youtu.be/EFbGj-F1vpA?si=FXDu5q3EIA-7EOXe,"Strotam, Wealth"
624,624,लक्ष्मी चालीसा,Lakshmi Chalisa,https://youtu.be/otWnO-2pwuM?si=yXHgB1p63SthIoiC,"Chalisa, Wealth"
625,625,कुबेर चालीसा,Kuber Chalisa,https://youtu.be/auyzyuKCpL0?si=E_RDoIahVN6_-lTw,"Chalisa, Wealth"
626,626,महालक्ष्मी चालीसा,Mahalakshmi Chalisa,https://youtu.be/OruIDUg1jgE?si=pnWArCGpZsJFDKiE,"Chalisa, Wealth"
627,627,लक्ष्मी जी की आरती,Lakshmi Ji Ki Aarti,https://youtu.be/zdZ67AM47u8?si=Ff03RfC0f0Fll-oI,"Aarti, Diwali, Wealth"
628,628,कुबेर जी की आरती,Kuber Ji Ki Aarti,https://youtu.be/c0J1WntPaDg?si=MKuPTGQBJ6wKVF5s,"Aarti, Diwali, Wealth"
629,629,माँ अन्नपूर्णा आरती,Maa Annapurna Aarti,https://youtu.be/ISURgmavEAc?si=Ytk5EqWInYj2tffi,"Aarti, Wealth"
630,630,माँ वैभव लक्ष्मी आरती,Maa Vaibhav Lakshmi Aarti,https://youtu.be/y9Py0BBVHpQ?si=-NbQ4ysBoYNJS-3Y,"Aarti, Wealth"
631,631,नमो नमस्तेऽस्तु महामाये श्रीपीठे सुरपूजिते,Namo Namastestu Mahamaye Shripithe Surapujite,https://youtube.com/shorts/7BEYmt8EeX8?si=kqi58ODFW_qjBs1A,"Diwali, Mantra, Shloka, Strotam, Stuti, Success, Wealth"
632,632,धनं धान्यं पशुं बहुपुत्रलाभं शतसंवत्सरं दीर्घमायुः,Dhanam Dhanyam Pashum Bahuputralabham Shatasamvatsaram DirghamAyuh,https://youtube.com/shorts/8hbV_LQKvv0?si=k4cFAIlX83ys0rDI,"Shloka, Strotam, Success, Wealth"
633,633,यत्र योगेश्वरः कृष्णो यत्र पार्थो धनुर्धरः,Yatra Yogeshwarah Krishno Yatra Partho Dhanurdharah,https://youtube.com/shorts/zolakx_rOSQ?si=Vp--jZEZzZ9vBkXI,"Shloka, Wealth"
634,634,उद्यमेन हि सिध्यन्ति कार्याणि न मनोरथैः,Udyamen Hi Sidhyanti Karyani Na Manorathaih,https://youtu.be/WCcW1Efq3W4?si=-ql30mOBC_JbYjXP,"Shloka, Success, Wealth"
635,635,यक्षाय कुबेराय वैश्रवणाय धनधान्याधिपतये,Yakshaya Kuberaya Vaishravanaya Dhanadhanyadhipataye,https://youtu.be/IKGvPex_NQM?si=wE8sis6qTbHLMdVg,"Mantra, Shloka, Success, Wealth"
636,636,कर्मण्येवाधिकारस्ते मा फलेषु कदाचन,Karmanyevadhikaraste Ma Phaleshu Kadachana,https://youtube.com/shorts/8-qBFaUbKfs?si=3v_PngXwBsh9bHST,"Knowledge, Shloka, Wealth"
637,637,सर्वमङ्गलमाङ्गल्ये शिवे सर्वार्थसाधिके,Sarvamangalamangalye Shive Sarvarthasadhike,https://youtu.be/ZdBVEV5u2To?si=em-5O2iYoV9z50BF,"DurjaJi, Navratri, Shloka, Wealth"
638,638,क्लीं बीज मंत्र,Kleem Beej Mantra,https://youtu.be/UHtAU58ELkE?si=yxeapbxaw_kJ1bNd,"LoveAndRelationship, Mantra"
639,639,कामदेव गायत्री,Kamdev Gayatri,https://youtu.be/9kCXXD5q_pU?si=_RY68kIVPMHzXFvS,"LoveAndRelationship, Mantra"
640,640,कात्यायनी मंत्र,Katyayani Mantra,https://youtu.be/6YC07U56lEE?si=yMIUoQan-D0osO7O,"Happiness, LoveAndRelationship, Mantra, Stuti"
641,641,पत्नी प्राप्ति मंत्र,Patni Prapti Mantra,https://youtu.be/LuWevgdKr9Q?si=HhnO6BMkATAi6ph8,"LoveAndRelationship, Mantra"
642,642,गौरी-शंकर मंत्र,Gauri-Shankar Mantra,https://youtu.be/5kYzdHgQ0Sc?si=0oKvROBFY-KkJgc3,"LoveAndRelationship, Mantra"
643,643,विष्णु-लक्ष्मी मंत्र,Vishnu-Lakshmi Mantra,https://youtu.be/4-XRc7ofCkM?si=X27vyybJleAeslG2,"LoveAndRelationship, Mantra, Wealth"
644,644,शिव शक्ति मंत्र,Shiv Shakti Mantra,https://youtu.be/Ly_Md1OOyTE?si=ni-k1rrLMF2suMfD,"LoveAndRelationship, MahaShivratri, Mantra, Shivji"
645,645,रुद्र मंत्र,Rudra Mantra,https://youtu.be/bc1obsjb58c?si=oQIb1G1Fx1wOJ8Gw,"LoveAndRelationship, Mantra, Peace, Shivji, Strength"
646,646,अर्धनारीश्वर मंत्र,Ardhanarishwar Mantra,https://youtu.be/x59vh8Wga9A?si=yJ0p8EUrHmBJleRO,"LoveAndRelationship, Mantra"
647,647,माँ सरस्वती मंत्र,Maa Saraswati Mantra,https://youtu.be/B2Mbb_uUC8E?si=9o3n9FgDqedN50LH,"Knowledge, LoveAndRelationship, Mantra"
648,648,राधा कृपा कटाक्ष,Radha Kripa Kataksha,https://youtu.be/nD43xuZB9xs?si=LMJtx3GY-6ANjWtb,"LoveAndRelationship, Strotam"
650,650,कामदेव स्तोत्र,Kamdev Stotra,https://youtu.be/w33Iznz_KsI?si=uYFHFSDCIwF4os7W,"LoveAndRelationship, Strotam"
651,651,अर्धनारीश्वर स्तोत्र,Ardhanarishwar Stotra,https://youtu.be/-pr1RUnmvyI?si=2PVjdNGq0NJo_38s,"LoveAndRelationship, Strotam"
652,652,जानकी स्तोत्र,Janki Stotra,https://youtu.be/LoGSKVXB2Ls?si=2Su-HweMiKrZ9_Fb,"LoveAndRelationship, Strotam"
653,653,पार्वती स्तोत्र,Parvati Stotra,https://youtu.be/SVvds0DcG9o?si=MMDOAIQtFUGfmMbP,"LoveAndRelationship, Strotam"
654,654,उमा महेश्वर स्तोत्र,Uma Maheshwar Stotra,https://youtu.be/62P8Q14nU0A?si=qD2LqxbE7pEEMdRw,"LoveAndRelationship, Strotam"
655,655,पार्वती स्तुति,Parvati Stuti,https://youtu.be/dUtIRqj23YQ?si=a5BLdB6m1ACieT8D,"LoveAndRelationship, Stuti"
656,656,राधा स्तुति,Radha Stuti,https://youtu.be/U6GsNZbJoCg?si=scgaeQU6MLSYdZNJ,"LoveAndRelationship, Stuti"
657,657,सीता स्तुति,Sita Stuti,https://youtu.be/RlNJspksnbg?si=RCael-63gpq5zKU4,"LoveAndRelationship, Ramji, Stuti"
658,658,कृष्ण स्तुति,Krishna Stuti,https://youtu.be/f_tCqLX6GNU?si=g9esdPlr_XnbbTWa,"Happiness, Knowledge, LoveAndRelationship, Peace, Stuti"
659,659,लक्ष्मी स्तुति,Lakshmi Stuti,https://youtu.be/yfYUZ6juevk?si=txXjqTklefjUdFv9,"Health, LoveAndRelationship, Stuti, Success"
660,660,गोपाल स्तुति,Gopal Stuti,https://youtu.be/gyLT2Yz_yHo?si=nhoDAX1GtLKoJJzs,"KrishnaJi, LoveAndRelationship, Strotam, Stuti"
661,"661, 687",दुर्गा स्तुति,Durga Stuti,https://youtu.be/1kskWmG_u5Q?si=NtjDNiRY45StpS88,"Happiness, LoveAndRelationship, Mantra, Stuti, Success"
663,663,हनुमान स्तुति,Hanuman Stuti,https://youtu.be/iWd6VAWduZg?si=qrMcv4ayCSmC3X_q,"HanumanJayanti, HanumanJi, Happiness, LoveAndRelationship, Mantra, Shloka, Strength, Stuti"
664,664,गणेश स्तुति,Ganesh Stuti,https://youtu.be/agqwzb3YzQ0?si=XnSUpCXTo4pmEzDK,"GaneshChaturthi, Happiness, Health, LoveAndRelationship, Mantra, Stuti, Success"
666,666,मीठे रस से भरयो री,Meethe Ras Se Bharyo Ri,https://youtu.be/4n1L6AQJe9w?si=hJNCIVTpZW79gT8h,"Bhajan, LoveAndRelationship"
667,667,यशोमती मैया से बोले,Yashomati Maiya Se Bole,https://youtu.be/yWTN6bsDWN4?si=UqPSo0fBRLeKdbXM,"Bhajan, KrishnaJi, LoveAndRelationship"
668,668,सीताराम चरित पावन,Sitaram Charit Pavan,https://youtu.be/mzC2BCNNjv8?si=zBzGv6XCc9R0tuPM,"Bhajan, LoveAndRelationship"
669,669,कन्हैया ले चल पार,Kanhaiya Le Chal Paar,https://youtu.be/mAsyg8JA6Ss?si=nB6Q9x1tXuBrc2hN,"Bhajan, LoveAndRelationship"
670,670,श्याम तेरी बंसी,Shyam Teri Bansi,https://youtu.be/NM9pHX6dqDc?si=yD0O5B6BDILeMxT8,"Bhajan, LoveAndRelationship"
671,671,हमें राधा रानी तेरे नाम का सहारा,Humein Radha Rani Tere Naam Ka Sahara,https://youtu.be/kEKE8ZotzAM?si=ZkzllJn7JhsF2G3Y,"Bhajan, LoveAndRelationship"
672,672,हरि बिन कोई न तेरा,Hari Bin Koi Na Tera,https://youtu.be/I8nSdrQiSTM?si=oMwUWlaloJ60zBpr,"Bhajan, LoveAndRelationship"
674,"674, 721",महामृत्युंजय,Mahamrityunjay,https://youtu.be/OV9LXGOXjgs?si=0izGm1eYkmBS0343,"Happiness, Health, MahaShivratri, Mantra, Peace, Shivji, Strength"
675,675,हरे कृष्ण महामंत्र,Hare Krishna Mahamantra,https://youtu.be/Zdcth9NndEA?si=cBoFKjOpIFF2NbjP,"Happiness, Janmashtami, KrishnaJi, Mantra, Peace"
676,"676, 728",गणेश मंत्र,Ganesha Mantra,https://youtu.be/Naruxgq6oMU?si=xqSFGrw15ZFcqKY-,"Diwali, GaneshChaturthi, GaneshJi, Happiness, Knowledge, Mantra, Peace, Success"
678,678,शिव पंचाक्षर,Shiv Panchakshar,https://youtube.com/shorts/AK-fDVxDV6A?si=hJqXBNcFgGpUmF7A,"Happiness, MahaShivratri, Mantra, NahaneKeBaad"
679,679,लक्ष्मी मंत्र,Lakshmi Mantra,https://youtu.be/bcs4geISuy0?si=-BYP11FJGKAQ7fk3,"Diwali, Happiness, LakshmiJi, Mantra, Peace, Success, Wealth"
680,"680, 732",हनुमान मंत्र,Hanuman Mantra,https://youtu.be/Zagf46kv7p8?si=adpqwJ6tLsIAHHr0,"HanumanJayanti, Happiness, Mantra, Success"
682,682,नारायण मंत्र,Narayan Mantra,https://youtu.be/BBV0HQI3NB4?si=hqwyrr6ZWl8nXuSc,"Happiness, Health, Mantra, Strength, Strotam, Success"
684,684,शिव स्तुति,Shiv Stuti,https://youtu.be/Nod_i0EKVRw?si=dnGltyIGNaTvUMWF,"Happiness, Health, Stuti, Success"
685,"685, 715, 737",गणेश स्तुति,Ganesha Stuti,https://youtu.be/agqwzb3YzQ0?si=XnSUpCXTo4pmEzDK,"GaneshChaturthi, Happiness, Health, LoveAndRelationship, Mantra, Stuti, Success"
686,686,हनुमान स्तुति,Hanuman Stuti,https://youtu.be/CIl1O1GwOfk?si=S3QRakW4DlnGi8eb,"HanumanJayanti, HanumanJi, Happiness, Health, Mantra, Shloka, Stuti, Success"
688,688,कात्यायनी स्तुति,Katyayani Stuti,https://youtu.be/6YC07U56lEE?si=yMIUoQan-D0osO7O,"Happiness, LoveAndRelationship, Mantra, Stuti"
689,689,शांति श्लोक,Shanti Shlok,https://youtube.com/shorts/uCiRodyfM_8?si=PN-Mn7CrHYKViZK_,"Happiness, Health, Shloka"
690,690,समर्पण श्लोक,Samarpan Shlok,https://youtube.com/shorts/J6nx86MKzeA?si=Ma4-zWFrTo-M-52R,"Happiness, Shloka"
691,691,गणेश श्लोक,Ganesha Shlok,https://youtube.com/shorts/1mCkCzBIvDo?si=gbomNeAXomyRR6Xw,"Bhajan, Diwali, GaneshChaturthi, Happiness, Mantra, Shloka, Success"
692,692,शिव श्लोक,Shiv Shlok,https://youtube.com/shorts/IPmuTHmizWo?si=XZ2PxqPnPCnTi9QR,"Happiness, MahaShivratri, Mantra, Shloka"
693,693,गुरु श्लोक,Guru Shlok,https://youtube.com/shorts/fGShWlmiDyE?si=sHBTIs2BRo6Bf0Pj,"Happiness, Shloka, Success"
694,694,सरस्वती श्लोक,Saraswati Shlok,https://youtube.com/shorts/Asb3NCYzDnM?si=2Ip-bhoGeriuglXN,"Happiness, Shloka, Success"
695,695,प्रभात श्लोक,Prabhat Shlok,https://youtube.com/shorts/hGMBqByQYjc?si=Q7qr-LXZlCVp8TGA,"Happiness, Shloka"
696,696,मंगल श्लोक,Mangal Shlok,https://youtube.com/shorts/IpnEpKR9Qrs?si=oblu0Y1NfxniQt1B,"Happiness, Shloka"
697,697,भक्ति श्लोक,Bhakti Shlok,https://youtube.com/shorts/Z6qY7bZI3jk?si=dLnC6mUncXWL2P2K,"Happiness, Shloka"
698,698,हनुमान श्लोक,Hanuman Shlok,https://youtu.be/iWd6VAWduZg?si=qrMcv4ayCSmC3X_q,"HanumanJayanti, HanumanJi, Happiness, LoveAndRelationship, Mantra, Shloka, Strength, Stuti"
700,700,सूर्य आरोग्य मंत्र,Surya Arogya Mantra,https://youtu.be/FOzo1SxVxAg?si=dVlzuPfVGyDEcJtC,"Health, Mantra"
701,701,प्राण मुद्रा मंत्र,Prana Mudra Mantra,https://youtu.be/g7rBhaAT04A?si=YFuq2iT7ASAzdrcz,"Health, Mantra"
702,702,रोग नाशक मंत्र,Rog Nashak Mantra,https://youtu.be/MJwg2dRnBeQ?si=fQFON7tpoz66jfCP,"Health, Mantra, Shloka"
703,703,हनुमान स्वास्थ्य मंत्र,Hanuman Swasthya Mantra,https://youtu.be/FUpzgvsWkL8?si=qjtBffQzDjZu3rmc,"HanumanJayanti, HanumanJi, Health, Mantra, Shloka"
704,704,अश्विनी कुमार मंत्र,Ashwini Kumar Mantra,https://youtu.be/j8l2aX86Ouk?si=1JGWEjb8YcyEDR9R,"Health, Mantra, Shloka"
705,705,दुर्गा आरोग्य मंत्र,Durga Arogya Mantra,https://youtu.be/OKRVaXU01kI?si=JiW7DxUS6igTBq2G,"DurjaJi, Health, Mantra, Shloka"
706,706,शिव आरोग्य मंत्र,Shiv Arogya Mantra,https://youtu.be/e7KzbCXk1lE?si=giRiDC8Uht1ntqGk,"Health, Mantra"
708,708,नारायण कवच अंश,Narayan Kavach Ansh,https://youtu.be/DwFMQONuLhE?si=uBOqcwcFYUeGy5XH,"Health, Mantra"
709,709,संकट नाशन गणेश स्तोत्र,Sankat Naashan Ganesh Stotra,https://youtu.be/aTFeZxXkL78?si=HaE-tYiH834XPpXn,"GaneshChaturthi, GaneshJi, Health, Strotam, Success, Wealth"
710,710,शिव आरोग्य स्तुति,Shiv Arogya Stuti,https://youtu.be/Nod_i0EKVRw?si=dnGltyIGNaTvUMWF,"Happiness, Health, Stuti, Success"
711,711,हनुमान स्तुति,Hanuman Stuti,https://youtu.be/CIl1O1GwOfk?si=0PLRHfGike1eIJPN,"HanumanJayanti, HanumanJi, Happiness, Health, Mantra, Shloka, Stuti, Success"
712,712,सूर्य स्तुति,Surya Stuti,https://youtu.be/BIK_VYd2RQw?si=XrxIX1rsAAm4V_V9,"Health, Stuti, Success"
713,"713, 741",दुर्गा स्तुति,Durga Stuti,https://youtu.be/Yof1Vrh5TK0?si=s3diaEG-5Tn4r_2c,"DurjaJi, Health, Mantra, Stuti, Success"
714,714,राम स्तुति,Ram Stuti,https://youtu.be/leVoi6kkp3o?si=v3atP52xIcpUEFs8,"Aarti, Bhajan, Diwali, Dussehra, Happiness, Health, Knowledge, Peace, RamNavami, Strotam, Stuti, Success"
717,"717, 742",विष्णु स्तुति,Vishnu Stuti,https://youtu.be/NE3SWh9_vR4?si=z8FGFGAzZeFHBd2I,"Aarti, Diwali, Dussehra, Health, Janmashtami, Stuti, Success, VishnuJi"
718,718,लक्ष्मी आरोग्य स्तुति,Lakshmi Arogya Stuti,https://youtu.be/yfYUZ6juevk?si=txXjqTklefjUdFv9,"Health, LoveAndRelationship, Stuti, Success"
719,719,आरोग्य श्लोक,Arogya Shlok,https://youtu.be/OKRVaXU01kI?si=iCg0c1WVrhyIyDez,"DurjaJi, Health, Mantra, Shloka"
720,720,धन्वंतरि श्लोक,Dhanvantari Shlok,https://youtu.be/XznbEuVKbnM?si=LcYYZQU9j-q5szJI,"Health, Shloka"
722,722,हनुमान स्वास्थ्य,Hanuman Swasthya,https://youtu.be/FUpzgvsWkL8?si=IR8jegQlpVL8NtTl,"HanumanJayanti, HanumanJi, Health, Mantra, Shloka"
723,723,अश्विनी कुमार,Ashwini Kumar,https://youtu.be/j8l2aX86Ouk?si=dHrlQKdAK2KKrQCo,"Health, Mantra, Shloka"
724,724,रोग निवारण,Rog Nivaran,https://youtu.be/MJwg2dRnBeQ?si=tgA7oiR_v6rXAlZV,"Health, Mantra, Shloka"
725,725,विष्णु हीलिंग,Vishnu Healing,https://youtu.be/ngn4Rfu1ZJU?si=tAl2MMlPP8oVmFi7,"Health, Shloka"
726,726,प्राण श्लोक,Prana Shlok,https://youtu.be/qaWHPvFHMTQ?si=AB1sQ2t8QpP0RPjR,"Health, Shloka"
727,727,भोजन आरोग्य,Bhojan Arogya,https://youtu.be/rtuZZ6pqlW8?si=FtlMEVq6H4tdgQEQ,"Health, Shloka"
729,729,महालक्ष्मी मंत्र,Mahalakshmi Mantra,https://youtu.be/bcs4geISuy0?si=iIlUMsgUwP0VAQdf,"Diwali, Happiness, LakshmiJi, Mantra, Peace, Success, Wealth"
733,733,सूर्य मंत्र,Surya Mantra,https://youtu.be/kOgaTaFcgjU?si=JDvMuvOFUXbD0Icu,"Knowledge, Mantra, Success"
734,734,विष्णु मंत्र,Vishnu Mantra,https://youtu.be/felGgBmnx-I?si=YoB5C1tli8tX3Kpx,"Janmashtami, KrishnaJi, Mantra, Success"
735,735,दुर्गा मंत्र,Durga Mantra,https://youtu.be/1kskWmG_u5Q?si=NtjDNiRY45StpS88,"Happiness, LoveAndRelationship, Mantra, Stuti, Success"
736,736,कुबेर मंत्र,Kuber Mantra,https://youtu.be/IKGvPex_NQM?si=xMEMFFJwC-anq-r8,"Mantra, Shloka, Success, Wealth"
739,739,महालक्ष्मी स्तुति,Mahalakshmi Stuti,https://youtu.be/yfYUZ6juevk?si=txXjqTklefjUdFv9,"Health, LoveAndRelationship, Stuti, Success"
740,740,आदित्य स्तुति,Aditya Stuti,https://youtu.be/BIK_VYd2RQw?si=XrxIX1rsAAm4V_V9,"Health, Stuti, Success"
743,743,हमको मन की शक्ति देना,Humko Man Ki Shakti Dena,https://youtu.be/kLsTGj_BrzA?si=ayltyP-BnUnCaP9h,"Bhajan, Success"
744,744,जग में सुंदर हैं दो नाम,Jag Mein Sundar Hain Do Naam,https://youtu.be/d-jNUB84poM?si=9KzaBmCLsS10eoyb,"Bhajan, Success"
746,746,प्रभु जी तुम चंदन हम पानी,Prabhu Ji Tum Chandan Hum Paani,https://youtu.be/mhK03kecgr0?si=Sngj8gaqnxIXRDkx,"Bhajan, Success"
747,747,जय हनुमान ज्ञान गुन सागर,Jai Hanuman Gyan Gun Sagar,https://youtu.be/HSmjdnH8gQs?si=o6UWgxSp3h1GflBN,"Bhajan, Success"
748,748,कर्म श्लोक,Karm Shlok,https://youtu.be/m0VD0vSXNXQ?si=rYvcj8atb4ReJtxk,"KrishnaJi, Shloka, Success"
749,749,विजय श्लोक,Vijay Shlok,https://youtube.com/shorts/b-NuoK3gfuc?si=PHObrCIYkVvrbSJ6,"Shloka, Success"
750,750,बुद्धि श्लोक,Buddhi Shlok,https://youtu.be/nwRoHC83wx0?si=f1Akd4C3BSvXNJaE,"Diwali, Happiness, Health, Knowledge, Mantra, Peace, Shloka, Success"
751,751,विद्या श्लोक,Vidya Shlok,https://youtube.com/shorts/Asb3NCYzDnM?si=2Ip-bhoGeriuglXN,"Happiness, Shloka, Success"
752,752,संकल्प श्लोक,Sankalpa Shlok,https://youtu.be/WCcW1Efq3W4?si=-ql30mOBC_JbYjXP,"Shloka, Success, Wealth"
753,753,शांति-विजय,Shanti-Vijay,https://youtu.be/vfzibQrVPoM?si=y7xPU6cE7-JtCkvc,"Peace, Shloka, Success"
754,754,गुरु कृपा,Guru Kripa,https://youtube.com/shorts/fGShWlmiDyE?si=sHBTIs2BRo6Bf0Pj,"Happiness, Shloka, Success"
756,756,लक्ष्मी बीज मंत्र,Lakshmi Beej Mantra,https://youtu.be/bcs4geISuy0?si=iIlUMsgUwP0VAQdf,"Diwali, Happiness, LakshmiJi, Mantra, Peace, Success, Wealth"
757,757,कुबेर मंत्र,Kuber Mantra,https://youtu.be/bcs4geISuy0?si=iIlUMsgUwP0VAQdf,"Diwali, Happiness, LakshmiJi, Mantra, Peace, Success, Wealth"
759,759,वक्रतुण्ड महाकाय,Vakratunda Mahakaya,https://youtube.com/shorts/1mCkCzBIvDo?si=gbomNeAXomyRR6Xw,"Bhajan, Diwali, GaneshChaturthi, Happiness, Mantra, Shloka, Success"
760,760,लक्ष्मी गायत्री,Lakshmi Gayatri,https://youtu.be/HeqiNrjiCfk?si=EyUBWgbK16-rLLp0,"Diwali, LakshmiJi, Mantra, Wealth"
762,762,गणेश मूल मंत्र,Ganesh Mool Mantra,https://youtu.be/Naruxgq6oMU?si=xqSFGrw15ZFcqKY-,"Diwali, GaneshChaturthi, GaneshJi, Happiness, Knowledge, Mantra, Peace, Success"
764,764,विष्णु वंदना,Vishnu Vandana,https://youtu.be/XAxNnRPoyiU?si=SzEsaZlOfS48Hd-b,"Diwali, Knowledge, Mantra, Stuti, VishnuJi"
766,766,ओम जय लक्ष्मी माता,Om Jai Lakshmi Mata,https://youtu.be/zdZ67AM47u8?si=Ff03RfC0f0Fll-oI,"Aarti, Diwali, Wealth"
767,"767, 788",जय गणेश देवा,Jai Ganesh Deva,https://youtu.be/Yuex2EnsGiY?si=0_Pq00ZXiWo3JeVx,"Aarti, Diwali, GaneshJi, Janmashtami, Stuti"
769,769,श्री कुबेर आरती,Shri Kuber Aarti,https://youtu.be/c0J1WntPaDg?si=PMqDiJZ9LjbiqiFk,"Aarti, Diwali, Wealth"
771,771,श्री राम चंद्र कृपालु भजु मन,Shri Ram Chandra Kripalu Bhaju Man,https://youtu.be/EiBdfBciDA0?si=nmwSs611cJ-RuV8D,"Diwali, Stuti"
772,772,मैया लक्ष्मी जी की अमृतवाणी,Maiya Lakshmi Ji Ki Amritwani,https://youtu.be/dHaorYzhsMQ?si=-1r8kafoFsK3S4_k,"Diwali, Stuti"
777,777,विष्णु सहस्रनाम,Vishnu Sahasranama,https://youtu.be/EvzntcbyjFU?si=hm8jdvkNsk7IYzFJ,"Diwali, Dussehra, Strotam, Stuti"
778,778,मूल मंत्र,Mool Mantra,https://youtu.be/felGgBmnx-I?si=YoB5C1tli8tX3Kpx,"Janmashtami, KrishnaJi, Mantra, Success"
780,780,संतान गोपाल मंत्र,Santan Gopal Mantra,https://youtube.com/shorts/U5XZNBFMFm4?si=ZQOWvCHdZfFJKL7h,"Janmashtami, Mantra"
781,781,कृष्ण बीज मंत्र,Krishna Beej Mantra,https://youtu.be/WqiKUywr55o?si=sx_88WGHIxnkZoNM,"Janmashtami, KrishnaJi, Mantra"
782,782,क्लेश नाशक मंत्र,Klesh Nashak Mantra,https://youtu.be/OLWnCrUl6yA?si=yTdHh02DhHtKHuLe,"Janmashtami, Mantra"
783,783,शरण मंत्र,Sharan Mantra,https://youtu.be/1y2tRqtND1Y?si=j1s6RWWKKwE9EShB,"Happiness, Janmashtami, KrishnaJi, Mantra, Peace"
784,784,गोविंद मंत्र,Govind Mantra,https://youtu.be/0grOjMCVG_w?si=Hnt_Ffu39XgFWHSn,"Janmashtami, Mantra"
787,787,आरती कुंज बिहारी की,Aarti Kunj Bihari Ki,https://youtu.be/EMO1AT1UQf0?si=MkZfeLJzerN3VqU3,"Aarti, Janmashtami, KrishnaJi"
789,789,बांके बिहारी की आरती,Banke Bihari Ki Aarti,https://youtu.be/6LO2PRgbutc?si=5jlVXHicQQJxmGEG,"Aarti, Bhajan, Janmashtami, KrishnaJi, RamNavami"
791,791,मधुराष्टकम (अधरं मधुरं),Madhurashtakam (Adharam Madhuram),https://youtu.be/sdZpM8paUnM?si=nAeAA34E_6X4S8uO,"Janmashtami, LoveAndRelationship, Mantra, Peace, Strotam, Stuti"
793,793,यशोमती मैया से बोले नंदलाला,Yashomati Maiya Se Bole Nandlala,https://youtu.be/RIYVVqu2XY4?si=zZcShWvTzV_kAWCQ,"Bhajan, Happiness, Janmashtami, Stuti"
794,794,गोविन्द बोलो हरि गोपाल बोलो,Govind Bolo Hari Gopal Bolo,https://youtu.be/QUw-FAmmaGw?si=EXBCGPVYhs5y2T4D,"Janmashtami, Stuti"
795,795,नंद के आनंद भयो जय कन्हैया लाल की,Nand Ke Anand Bhayo Jai Kanhaiya Lal Ki,https://youtu.be/dUJG4REgj8o?si=FEiQaZGLOw08y30s,"Janmashtami, Stuti"
797,797,मेरे बांके बिहारी लाल,Mere Banke Bihari Lal,https://youtu.be/P1R6Bk0C_BM?si=inh8vmHBJW8J7oYN,"Janmashtami, Stuti"
798,798,श्री कृष्ण गोविन्द हरे मुरारी,Shri Krishna Govind Hare Murari,https://youtu.be/ne3Mjg1M-Uo?si=xT7OOKlB5SXv2bDf,"Janmashtami, Stuti"
799,799,ऐसी लागी लगन मीरा हो गई मगन,Aisi Lagi Lagan Meera Ho Gayi Magan,https://youtu.be/dnCE-kSHES0?si=yTCI8n72etTZr0XL,"Bhajan, Happiness, Janmashtami, LoveAndRelationship, Stuti, Success"
800,800,राम रक्षा कवच मंत्र,राम रक्षा कवच मंत्र,https://youtu.be/y-Xv63obhKI?si=M5eZNo40oYpESgJA,"Dussehra, Health, Mantra, RamNavami, Ramji, Shloka, Strength, Strotam, Success, Wealth"
801,801,राम रक्षा स्तोत्र,राम रक्षा स्तोत्र,https://youtu.be/EMeSTcffrEI?si=Le3PQ2ZAfKVecpc4,"Strength, Strotam"
802,802,पंचमुखी हनुमान कवच,पंचमुखी हनुमान कवच,https://youtu.be/BzPbfftJ8Ho?si=P8Ys7ZeqbXwkIgDP,"HanumanJayanti, Strength, Strotam"
803,803,दुर्गा सप्तश्लोकी,दुर्गा सप्तश्लोकी,https://youtu.be/bwTk15-oRys?si=f4hVOcSw7hJxd58b,"Strength, Strotam"
804,804,नृसिंह स्तोत्रम,नृसिंह स्तोत्रम,https://youtu.be/RLNrZUy6Ydo?si=lEGDZ8CTRcLnTbWK,"Strength, Strotam"
805,805,कालभैरव अष्टकम,कालभैरव अष्टकम,https://youtu.be/BsEqI1NZA-E?si=BvvWKg3Y9kURK_Uu,"Strength, Strotam"
806,806,महिषासुर मर्दिनी,महिषासुर मर्दिनी,https://youtu.be/4CKpFcQdJXk?si=HP-4pCLpQdu_xZpV,"DurjaJi, Strength, Strotam"
807,807,आदित्य हृदय स्तोत्र,आदित्य हृदय स्तोत्र,https://youtu.be/invPCYDaWUE?si=0CRahD-R2NNXDnCu,"Dussehra, Health, RamNavami, Ramji, Strength, Strotam, Success"
808,808,सुदर्शन अष्टकम,सुदर्शन अष्टकम,https://youtu.be/0KRtx2CxXo8?si=ABjvz1r2s-Yy7cTA,"Strength, Strotam"
809,809,अर्गला स्तोत्र,अर्गला स्तोत्र,https://youtu.be/YD0eXOX6gbo?si=imwcbkJIn2dnyT97,"DurjaJi, Strength, Strotam"
810,810,शिव तांडव स्तोत्र,शिव तांडव स्तोत्र,https://youtu.be/S980-z1qx3g?si=skvwCt7XGHenuWbP,"MahaShivratri, Shivji, Strength, Strotam"
811,811,नृसिंह कवच,नृसिंह कवच,https://youtu.be/AafMDVg6W94?si=f4-0vp9yvV0pyLGk,"Strength, Strotam"
812,812,देवी कवच,देवी कवच,https://youtu.be/rqgvyF9LBHk?si=Q2TMKsuJzBA3pvYX,"Strength, Strotam"
813,813,हनुमान अष्टकम,हनुमान अष्टकम,https://youtu.be/HH_a6aRO1TE?si=k0J6WxtRY4t4yhi1,"Ashtakam, Bhajan, HanumanJayanti, HanumanJi, Strength, Strotam, Success"
814,814,महाकाली स्तोत्र,महाकाली स्तोत्र,https://youtu.be/7wsmGmotCIE?si=wo9dJcGTmbVuH9CG,"Strength, Strotam"
815,815,कार्तिकेय कवच,कार्तिकेय कवच,https://youtu.be/AQc1UVfxpY0?si=BYDIeeQL-JBS_CpL,"Strength, Strotam"
816,816,विष्णु सहस्रनाम,विष्णु सहस्रनाम,https://youtu.be/zKC17254flc?si=yopAvgJ5ioKqpPJq,"Strength, Strotam, VishnuJi"
817,817,आपदामपहर्तारं दातारं सर्वसंपदाम्,आपदामपहर्तारं दातारं सर्वसंपदाम्,https://youtu.be/y-Xv63obhKI?si=M5eZNo40oYpESgJA,"Dussehra, Health, Mantra, RamNavami, Ramji, Shloka, Strength, Strotam, Success, Wealth"
818,"818, 820, 841, 910",आदित्य हृदय स्तोत्र,आदित्य हृदय स्तोत्र,https://youtu.be/invPCYDaWUE?si=-cwsyKTg-INmshaY,"Dussehra, Health, RamNavami, Ramji, Strength, Strotam, Success"
819,"819, 821, 840, 909",राम रक्षा स्तोत्र,राम रक्षा स्तोत्र,https://youtu.be/y-Xv63obhKI?si=M5eZNo40oYpESgJA,"Dussehra, Health, Mantra, RamNavami, Ramji, Shloka, Strength, Strotam, Success, Wealth"
822,822,ठुमक चलत रामचंद्र,ठुमक चलत रामचंद्र,https://youtu.be/PT1CwFIoc98?si=xAYsyfQq1WC7E0z_,"Bhajan, Diwali, Dussehra, Ramji, Stuti"
823,823,श्री राम का आगमन,श्री राम का आगमन,https://youtu.be/tj6yKxSPQZQ?si=_x0KiFTx5Dwnc27J,"Diwali, Katha"
824,824,नरकासुर वध,नरकासुर वध,https://youtu.be/V5bvJlR38xE?si=Cmm8uCXgEtB9CWux,"Diwali, Katha"
825,825,माता लक्ष्मी का अवतार,माता लक्ष्मी का अवतार,https://youtu.be/BL5lLnsLUrA?si=gbst_MpkoyNGs-vd,"Diwali, Katha, LakshmiJi"
826,826,श्री कृष्ण का जन्म,श्री कृष्ण का जन्म,https://youtu.be/DCkMeVhmiC4?si=yxxvmUMREHx5iv2a,"Janmashtami, Katha, KrishnaJi"
827,827,पूतना वध की कथा,पूतना वध की कथा,https://youtu.be/s6eY3KmckxM?si=snJjDcySedBSkWXG,"Janmashtami, Katha"
828,828,गोवर्धन पर्वत की कथा,गोवर्धन पर्वत की कथा,https://youtu.be/mmVbmowFswQ?si=4Pq4-LiYvLPJNzNH,"Janmashtami, Katha, KrishnaJi"
829,829,कालिया नाग मर्दन,कालिया नाग मर्दन,https://youtu.be/RsBjj-D9yNA?si=V-Ft5Yq0hG1iLEl7,"Janmashtami, Katha"
830,830,विजय मंत्र,विजय मंत्र,https://youtu.be/CA8RcKyO0Y4?si=lQGTY9Ov96Uhu8JI,"Dussehra, Mantra, RamNavami, Ramji"
831,831,अपराजिता मंत्र,अपराजिता मंत्र,https://youtu.be/L1thhiT_Hq0?si=p77WkcVu8MRuE5Mk,"Dussehra, Mantra"
832,832,भय नाशक मंत्र,भय नाशक मंत्र,https://youtu.be/snRINfVgunw?si=OBhIF1xWjPyu43K6,"Dussehra, Mantra, RamNavami"
833,833,शक्तिदायक मंत्र,शक्तिदायक मंत्र,https://youtu.be/jB4aaP2X7S4?si=m9_aarWrjCpP8nDx,"DurjaJi, Dussehra, Mantra, Peace, Strength"
834,834,सिद्धि मंत्र,सिद्धि मंत्र,https://youtu.be/vlc0vWvSrOM?si=kqXnkvDI7kec51Je,"Dussehra, HanumanJayanti, MahaShivratri, Mantra"
835,835,ग्रह दोष निवारण,ग्रह दोष निवारण,https://youtu.be/sRjLbmFjjQ0?si=BflcnYp06jrhbI1r,"Dussehra, Mantra, Ramji"
836,836,राम गायत्री मंत्र,राम गायत्री मंत्र,https://youtu.be/7jwEnIwT_kk?si=Mm_qCEbi9iNrHK62,"Dussehra, Mantra"
837,837,श्री रामचंद्र कृपालु भजु मन,श्री रामचंद्र कृपालु भजु मन,https://youtu.be/leVoi6kkp3o?si=v3atP52xIcpUEFs8,"Aarti, Bhajan, Diwali, Dussehra, Happiness, Health, Knowledge, Peace, RamNavami, Strotam, Stuti, Success"
838,838,आरती कीजै रामलला की,आरती कीजै रामलला की,https://youtu.be/3_QR2HxO3N4?si=Yits6lNC08jSD5UK,"Aarti, Dussehra"
839,839,अम्बे तू है जगदम्बे काली,अम्बे तू है जगदम्बे काली,https://youtu.be/dVTUUtOHUCA?si=Kos_i0o8NA3VrmOj,"Aarti, DurjaJi, Dussehra, Strotam"
842,842,महिषासुर मर्दिनी,महिषासुर मर्दिनी,https://youtu.be/dVTUUtOHUCA?si=Kos_i0o8NA3VrmOj,"Aarti, DurjaJi, Dussehra, Strotam"
843,"843, 911",मंगल भवन अमंगल हारी,मंगल भवन अमंगल हारी,https://youtu.be/0rWQi2OWezo?si=B6lBpLuUPknXnb2D,"Bhajan, Dussehra, RamNavami"
844,844,मेरे सरकार आए हैं,मेरे सरकार आए हैं,https://youtu.be/ukq70I4YDP8?si=iYTlYHdKfxHOlv8_,"Bhajan, Dussehra"
845,845,सुख के सब साथी,सुख के सब साथी,https://youtu.be/4VqeqbzJxbc?si=0n0edKyje9U0o6le,"Bhajan, Dussehra"
846,846,ठुमक चलत रामचंद्र,ठुमक चलत रामचंद्र,https://youtu.be/PT1CwFIoc98?si=Il-i74wqg1etBqxF,"Bhajan, Diwali, Dussehra, Ramji, Stuti"
847,847,दुनिया चले ना श्री राम,दुनिया चले ना श्री राम,https://youtu.be/sDhrWWWBQLI?si=q8A3dtzw-Pz1pxK1,"Bhajan, Dussehra, HanumanJayanti, HanumanJi"
848,848,राम जी का नाम लेकर,राम जी का नाम लेकर,https://youtu.be/rPUuIMR7IJg?si=Ih0RY7ld8sJvMgQ6,"Bhajan, Dussehra, HanumanJayanti"
849,849,कभी राम बनके कभी श्याम,कभी राम बनके कभी श्याम,https://youtu.be/mZjySBOJj10?si=hNqlQH7zayev0e3e,"Bhajan, Dussehra"
850,850,रावण वध,रावण वध,https://youtu.be/MtbVsknZP-A?si=uMbJViu_PvND-iuY,"Dussehra, Katha, Ramji"
851,851,महिषासुर मर्दन,महिषासुर मर्दन,https://youtu.be/897iHQ6bPbU?si=yutaXaaJ0l7YzH9U,"Dussehra, Katha"
852,852,पंचाक्षरी मंत्र,पंचाक्षरी मंत्र,https://youtube.com/shorts/AK-fDVxDV6A?si=hJqXBNcFgGpUmF7A,"Happiness, MahaShivratri, Mantra, NahaneKeBaad"
853,853,रुद्र गायत्री मंत्र,रुद्र गायत्री मंत्र,https://youtu.be/ytV08faCJwg?si=eXY_cZGO-FsueNS1,"MahaShivratri, Mantra, Shivji"
854,854,करपूर गौरं मंत्र,करपूर गौरं मंत्र,https://youtube.com/shorts/IPmuTHmizWo?si=XZ2PxqPnPCnTi9QR,"Happiness, MahaShivratri, Mantra, Shloka"
855,855,महाकाल मंत्र,महाकाल मंत्र,https://youtu.be/vlc0vWvSrOM?si=kqXnkvDI7kec51Je,"Dussehra, HanumanJayanti, MahaShivratri, Mantra"
856,856,कार्य सिद्धि मंत्र,कार्य सिद्धि मंत्र,https://youtu.be/Ly_Md1OOyTE?si=ni-k1rrLMF2suMfD,"LoveAndRelationship, MahaShivratri, Mantra, Shivji"
857,857,शिव ताण्डव स्तोत्र,शिव ताण्डव स्तोत्र,https://youtu.be/S980-z1qx3g?si=mdxNJBopqX3nNpBz,"MahaShivratri, Shivji, Strength, Strotam"
858,858,शिव रुद्राष्टकम,शिव रुद्राष्टकम,https://youtu.be/8xvbnfVIJL4?si=_w4OfD0T9j_4Ro1r,"MahaShivratri, Peace, Strotam, Stuti"
859,859,लिंगाष्टकम,लिंगाष्टकम,https://youtu.be/6D1FdZczNXI?si=HhkiWFaq0I_CSFs-,"MahaShivratri, Strotam"
860,860,द्वादश ज्योतिर्लिंग स्तोत्र,द्वादश ज्योतिर्लिंग स्तोत्र,https://youtu.be/QgkBIoUeAa0?si=etWL2dCG7qHJW8UX,"MahaShivratri, Strotam"
861,861,शिव पंचाक्षर स्तोत्र,शिव पंचाक्षर स्तोत्र,https://youtu.be/xFvfdjw2eno?si=d8Bz_map05AF4Ekj,"MahaShivratri, Strotam"
862,862,बिल्वाष्टकम,बिल्वाष्टकम,https://youtu.be/s9o8JD8PU6w?si=NdbU-vNmPd5XXH0H,"MahaShivratri, Strotam"
863,863,शिव महिम्न स्तोत्र,शिव महिम्न स्तोत्र,https://youtu.be/xaKaZvgkKm8?si=S78-0Gmt-ZokKrpm,"MahaShivratri, Strotam"
864,864,वेदसार शिव स्तोत्र,वेदसार शिव स्तोत्र,https://youtu.be/cNvPNnhiSo8?si=8xy43ALgaQcYsQV-,"MahaShivratri, Strotam"
865,865,महामृत्युंजय स्तोत्र,महामृत्युंजय स्तोत्र,https://youtu.be/OV9LXGOXjgs?si=9xpVAx95c3g2zoh6,"Happiness, Health, MahaShivratri, Mantra, Peace, Shivji, Shloka, Strength, Strotam"
866,866,मेरा भोला है भंडारी,मेरा भोला है भंडारी,https://youtu.be/gaJR15qWTDA?si=YjZV_xqQyOwRcX-i,"Bhajan, MahaShivratri"
867,867,शिव कैलाशों के वासी,शिव कैलाशों के वासी,https://youtu.be/PlIoHp6v3LI?si=5OhUwGm9BeenQ6AQ,"Bhajan, MahaShivratri"
868,868,मन मेरा मंदिर शिव मेरी पूजा,मन मेरा मंदिर शिव मेरी पूजा,https://youtu.be/S6HFRZmZrTI?si=l6hw1fGuaYEXLM0K,"Bhajan, MahaShivratri"
869,869,सत्यम शिवम सुंदरम,सत्यम शिवम सुंदरम,https://youtu.be/3HwifzYsSeA?si=3-gdKJEEngGEIV6f,"Bhajan, MahaShivratri"
870,870,नगर में जोगी आया,नगर में जोगी आया,https://youtu.be/awGyMNeThgQ?si=ADmIyULOAZL2gy7C,"Bhajan, MahaShivratri"
871,871,भोले ओ भोले,भोले ओ भोले,https://youtu.be/zkUxRCOUWVo?si=iB21dUCzH49ADVXn,"Bhajan, MahaShivratri"
872,872,ऐसी सुबह ना आए,ऐसी सुबह ना आए,https://youtu.be/rNSfDMxWHG8?si=6whX6JaH6V_vfSA4,"Bhajan, MahaShivratri"
873,873,बम लहरी,बम लहरी,https://youtu.be/iR8cieM-CFs?si=p13R2NEb8EoWiSTR,"Bhajan, MahaShivratri"
874,874,शिव जी सत्य है,शिव जी सत्य है,https://youtu.be/kR4LMcp_AFI?si=fzx4iasop3dNiy4s,"Bhajan, MahaShivratri"
875,875,शिव पार्वती विवाह की संपूर्ण कथा,शिव पार्वती विवाह की संपूर्ण कथा,https://youtu.be/HHtMKIeMBAk?si=eUWok9Kg2Onxu6Il,"Katha, MahaShivratri"
876,876,विनायक मंत्र,विनायक मंत्र,https://youtu.be/cidhzMLBUPQ?si=fXMWhEu5ZeeOpj3l,"GaneshChaturthi, GaneshJi, Mantra"
877,877,सिद्धि विनायक मंत्र,सिद्धि विनायक मंत्र,https://youtu.be/WawKv8E20KA?si=x3wVEkjdEi04Isk0,"GaneshChaturthi, Mantra"
878,878,गणेश गायत्री मंत्र,गणेश गायत्री मंत्र,https://youtu.be/dkVlpm1mKFI?si=vJFkS8R3-PMxX_Ji,"Diwali, GaneshChaturthi, GaneshJi, Mantra"
879,879,निर्विघ्न मंत्र,निर्विघ्न मंत्र,https://youtube.com/shorts/1mCkCzBIvDo?si=gbomNeAXomyRR6Xw,"Bhajan, Diwali, GaneshChaturthi, Happiness, Mantra, Shloka, Success"
880,880,ऋद्धि-सिद्धि मंत्र,ऋद्धि-सिद्धि मंत्र,https://youtu.be/Qvu09XysxWw?si=2rCzQ7OWozkWCYhx,"GaneshChaturthi, Mantra"
881,881,लक्ष्मी-गणेश मंत्र,लक्ष्मी-गणेश मंत्र,https://youtu.be/nbfyD78Dke0?si=--jK-lqu9SvtXhzK,"GaneshChaturthi, GaneshJi, Mantra, Shloka"
882,882,गजानन मंत्र,गजानन मंत्र,https://youtu.be/agqwzb3YzQ0?si=XnSUpCXTo4pmEzDK,"GaneshChaturthi, Happiness, Health, LoveAndRelationship, Mantra, Stuti, Success"
883,883,संकटनाशन गणेश स्तोत्र,संकटनाशन गणेश स्तोत्र,https://youtu.be/aTFeZxXkL78?si=dnS6JCgCFy-zz_xG,"GaneshChaturthi, GaneshJi, Health, Strotam, Success, Wealth"
884,884,श्री गणेश पञ्चरत्नम्,श्री गणेश पञ्चरत्नम्,https://youtu.be/vYFOV9nj-_w?si=Fh10acxtqXypmgSV,"Ashtakam, GaneshChaturthi, GaneshJi, Knowledge, Strotam"
885,885,ऋणमोचन गणेश स्तोत्र,ऋणमोचन गणेश स्तोत्र,https://youtu.be/ZSdGIRPRca0?si=JCfj8Mp_WSFKabzU,"GaneshChaturthi, Strotam"
886,886,गणपति गकार स्तोत्र,गणपति गकार स्तोत्र,https://youtu.be/Ab04UFqu-Qs?si=Y71l_1lC5QwtYyiq,"GaneshChaturthi, Strotam"
887,887,गणेश कवच,गणेश कवच,https://youtu.be/av9FFShVYBU?si=cCKzcZmfK8byA0X8,"GaneshChaturthi, GaneshJi, Strotam"
888,888,लम्बोदर स्तोत्र,लम्बोदर स्तोत्र,https://youtu.be/DZkdEN1cf8o?si=AtgM9TK_H5Acd7yX,"GaneshChaturthi, Strotam"
889,889,गणेश द्वादशनाम स्तोत्र,गणेश द्वादशनाम स्तोत्र,https://youtu.be/mGhfk_LKRjg?si=5ukbYBvhM7eSwtoS,"GaneshChaturthi, Strotam"
890,890,देवा श्री गणेशा,देवा श्री गणेशा,https://youtu.be/RCCYorPLJmQ?si=BSLfeZMLzDux3CZE,"Bhajan, GaneshChaturthi"
891,891,सुखकर्ता दुखहर्ता,सुखकर्ता दुखहर्ता,https://youtu.be/gFr5p5AyuD0?si=d8JQg36LZDxyWjr3,"Aarti, Bhajan, GaneshChaturthi, GaneshJi"
892,892,घर में पधारो गजानन जी,घर में पधारो गजानन जी,https://youtu.be/nLUmRxc6140?si=TlXcstkGhRj6Ed0G,"Bhajan, GaneshChaturthi, GaneshJi"
893,893,गणपति अपने गांव चले,गणपति अपने गांव चले,https://youtu.be/wiIJr3qihaQ?si=5q_29OGfvhaHvRka,"Bhajan, GaneshChaturthi, GaneshJi"
894,894,गजानन श्री गणराया,गजानन श्री गणराया,https://youtu.be/fV8WIzEHD-E?si=27m-AHd4U1hn9Aq-,"Bhajan, GaneshChaturthi, GaneshJi"
895,895,ओ माय फ्रेंड गणेशा,ओ माय फ्रेंड गणेशा,https://youtu.be/gZ8YH3LuJRc?si=bCDFaHUgdYfKtW3f,"Bhajan, GaneshChaturthi"
896,896,मौर्य रे बाप्पा मौर्य रे,मौर्य रे बाप्पा मौर्य रे,https://youtu.be/8jff2wz3Hpk?si=QtQGpuxc7Mo_NdyC,"Bhajan, GaneshChaturthi, GaneshJi"
897,897,सिंदूर लाल चढ़ायो,सिंदूर लाल चढ़ायो,https://youtu.be/bo62sjQ0CmE?si=0zcZrViLINirsSiD,"Aarti, Bhajan, GaneshChaturthi, GaneshJi"
898,898,देवा हो देवा गणपति देवा,देवा हो देवा गणपति देवा,https://youtu.be/ftb-pobLDDM?si=LSvIGqH8yQzsJeRe,"Bhajan, GaneshChaturthi"
899,899,गणपति बप्पा मोरया (Title),गणपति बप्पा मोरया (Title),https://youtu.be/GiUkwTxsaYA?si=cScu8MSnQaP0GaX3,"Bhajan, GaneshChaturthi, GaneshJi"
900,900,राम मूल मंत्र,राम मूल मंत्र,https://youtu.be/CA8RcKyO0Y4?si=lQGTY9Ov96Uhu8JI,"Dussehra, Mantra, RamNavami, Ramji"
901,901,विजय मंत्र,विजय मंत्र,https://youtu.be/-1udu-1LpOo?si=pmbGDDSFyq5uJhX0,"Mantra, Peace, RamNavami, Ramji"
902,902,राम गायत्री मंत्र,राम गायत्री मंत्र,https://youtu.be/-FvHYW5-fYM?si=opkQTKdooyDA3-Yb,"Mantra, RamNavami"
903,903,विपत्ति नाशक मंत्र,विपत्ति नाशक मंत्र,https://youtu.be/snRINfVgunw?si=OBhIF1xWjPyu43K6,"Dussehra, Mantra, RamNavami"
904,904,शांति मंत्र,शांति मंत्र,https://youtu.be/-YVDlWff_5o?si=NnLptGoA8ty1GuGv,"Mantra, RamNavami, Ramji"
905,905,राम स्तुति मंत्र,राम स्तुति मंत्र,https://youtu.be/n_DeYZEy4Y4?si=sUCnkqbCYX4M_5BL,"Mantra, RamNavami, Ramji"
906,906,हनुमत-राम मंत्र,हनुमत-राम मंत्र,https://youtu.be/qGki_RZf2a8?si=T7hPvehLav4MGrsI,"Mantra, RamNavami"
907,907,श्री रामचन्द्र कृपालु,श्री रामचन्द्र कृपालु,https://youtu.be/leVoi6kkp3o?si=v3atP52xIcpUEFs8,"Aarti, Bhajan, Diwali, Dussehra, Happiness, Health, Knowledge, Peace, RamNavami, Strotam, Stuti, Success"
908,908,भए प्रगट कृपाला,भए प्रगट कृपाला,https://youtu.be/leVoi6kkp3o?si=v3atP52xIcpUEFs8,"Aarti, Bhajan, Diwali, Dussehra, Happiness, Health, Knowledge, Peace, RamNavami, Strotam, Stuti, Success"
912,912,भए प्रगट कृपाला दीनदयाला,भए प्रगट कृपाला दीनदयाला,https://youtu.be/6Jteav3K_NE?si=dZWllCjfv1QFeiWq,"Bhajan, RamNavami"
913,913,सजा दो घर को गुलशन सा,सजा दो घर को गुलशन सा,https://youtu.be/1_u-Koe8aog?si=JSm4ddAy1-X8oO5a,"Bhajan, RamNavami"
914,914,हम कथा सुनाते राम सकल,हम कथा सुनाते राम सकल,https://youtu.be/tH93lLehjCs?si=AAx3xXPsrKqDHpjq,"Bhajan, RamNavami"
915,915,सुख के सब साथी दुःख में ना कोई,सुख के सब साथी दुःख में ना कोई,https://youtu.be/xpH5zFWvg1s?si=1eo0ik3s4y8o5a6b,"Bhajan, RamNavami"
916,916,ओ माँ मेरी झोपड़ी के भाग,ओ माँ मेरी झोपड़ी के भाग,https://youtu.be/hn6Im7ZMoG0?si=RBopgQJXl954NTbC,"Bhajan, RamNavami"
917,917,रघुबर तेरी आरती गाऊं,रघुबर तेरी आरती गाऊं,https://youtu.be/6LO2PRgbutc?si=vBmy2NmB3RzkWjbW,"Aarti, Bhajan, Janmashtami, KrishnaJi, RamNavami"
918,918,हनुमान मूल मंत्र,हनुमान मूल मंत्र,https://youtu.be/Zagf46kv7p8?si=adpqwJ6tLsIAHHr0,"HanumanJayanti, Happiness, Mantra, Success"
919,919,सकंट मोचन मंत्र,सकंट मोचन मंत्र,https://youtu.be/vlc0vWvSrOM?si=fvKhdLJK61GyaAFD,"Dussehra, HanumanJayanti, MahaShivratri, Mantra"
920,920,मनोजवम मंत्र,मनोजवम मंत्र,https://youtu.be/iWd6VAWduZg?si=qrMcv4ayCSmC3X_q,"HanumanJayanti, HanumanJi, Happiness, LoveAndRelationship, Mantra, Shloka, Strength, Stuti"
921,921,सुरक्षा मंत्र,सुरक्षा मंत्र,https://youtu.be/LP86cJl-NGg?si=A2Y5o-h90odc3XN9,"HanumanJayanti, Mantra"
922,922,स्वास्थ्य मंत्र,स्वास्थ्य मंत्र,https://youtu.be/FUpzgvsWkL8?si=XDpQmK9jpt227gC0,"HanumanJayanti, HanumanJi, Health, Mantra, Shloka"
923,923,राम-दूत मंत्र,राम-दूत मंत्र,https://youtu.be/FEQubnAZXNg?si=wgGHeAtzk-LuOioV,"HanumanJayanti, Mantra"
924,924,अतुलित बल मंत्र,अतुलित बल मंत्र,https://youtu.be/CIl1O1GwOfk?si=0PLRHfGike1eIJPN,"HanumanJayanti, HanumanJi, Happiness, Health, Mantra, Shloka, Stuti, Success"
925,925,बुद्धि प्रदायक मंत्र,बुद्धि प्रदायक मंत्र,https://youtu.be/OOS-Pcovi-4?si=SyvUORCDLtjdVH2F,"HanumanJayanti, Knowledge, Mantra, Stuti"
926,926,संकट मोचन हनुमानाष्टक,संकट मोचन हनुमानाष्टक,https://youtu.be/HH_a6aRO1TE?si=kxNH5n_ZR6TlNb72,"Ashtakam, Bhajan, HanumanJayanti, HanumanJi, Strength, Strotam, Success"
927,927,सुंदरकांड,सुंदरकांड,https://youtu.be/qcaAso2kHqU?si=wYOye8u3iEC2gtQo,"HanumanJayanti, Strotam"
928,928,हनुमान बाहुक,हनुमान बाहुक,https://youtu.be/gujH1r4nS6M?si=VGRsX029QeuN9HXL,"HanumanJayanti, Strotam"
929,929,श्री हनुमत् स्तवन,श्री हनुमत् स्तवन,https://youtu.be/90Jg2ZI_RLo?si=YIdpJ3jOCE_8ukk4,"HanumanJayanti, Strotam"
930,930,मारुति स्तोत्र,मारुति स्तोत्र,https://youtu.be/XIOhPTccsJQ?si=TaveHhRToZourDau,"HanumanJayanti, Strotam"
931,931,एकमुखी हनुमत् कवच,एकमुखी हनुमत् कवच,https://youtu.be/BugLdlv5EpQ?si=8ecd3j02yZo22upS,"HanumanJayanti, Strotam"
932,932,पंचमुखी हनुमान कवच,पंचमुखी हनुमान कवच,https://youtu.be/BzPbfftJ8Ho?si=D5a89g51GA88L_N_,"HanumanJayanti, Strength, Strotam"
933,933,हनुमान साठिका,हनुमान साठिका,https://youtu.be/iuBOevhL-bU?si=pFvhpdkxJl612MBp,"HanumanJayanti, Strotam"
934,934,दुनिया चले ना श्री राम के बिना,दुनिया चले ना श्री राम के बिना,https://youtu.be/sDhrWWWBQLI?si=08qM_PSgcxvPDebN,"Bhajan, Dussehra, HanumanJayanti, HanumanJi"
935,935,बालाजी अच्छा लागे से,बालाजी अच्छा लागे से,https://youtu.be/nViaKp1JhsE?si=nSahD2_AP3FA4jr5,"Bhajan, HanumanJayanti"
936,936,हनुमान जब चले,हनुमान जब चले,https://youtu.be/uPv-8-Dslos?si=MPWZdugdmWCu9HWS,"Bhajan, HanumanJayanti"
937,937,राम जी का नाम लेकर,राम जी का नाम लेकर,https://youtu.be/rPUuIMR7IJg?si=plhMh38FMb-YkGTj,"Bhajan, Dussehra, HanumanJayanti"
938,938,हनुमान जन्म कथा,हनुमान जन्म कथा,https://youtu.be/JGi64RoqZ9g?si=rwucrFkEivitDdFo,"HanumanJayanti, HanumanJi, Katha"
939,939,हनुमान जयंती कथा,हनुमान जयंती कथा,https://youtu.be/bUzIW_KDJ5Y?si=Ar0hLSyd5OzOyU-Q,"HanumanJayanti, Katha"
