rowIndex,topLevel,genre,nameCleanData,titleEnBhajanAudio,namesMatch,videoId,youtubeUrl
1,Shivji,Mantra,Panchakshari Mantra,Panchakshari Mantra,True,bc1obsjb58c,https://youtu.be/bc1obsjb58c?si=oQIb1G1Fx1wOJ8Gw
2,Shivji,Mantra,Mahamrityunjay Mantra,Mahamrityunjay Mantra,True,OV9LXGOXjgs,https://youtu.be/OV9LXGOXjgs?si=0izGm1eYkmBS0343
3,Shivji,Mantra,Rudra Mantra,Rudra Mantra,True,iEAPaA9Yf1s,https://youtu.be/iEAPaA9Yf1s?si=lGmdeqXsCqtQQzx1
4,Shivji,Mantra,Shiv Gayatri Mantra,Shiv Gayatri Mantra,True,ytV08faCJwg,https://youtu.be/ytV08faCJwg?si=eXY_cZGO-FsueNS1
5,Shivji,Mantra,Shiv Stuti Mantra,Shiv Stuti Mantra,True,Ly_Md1OOyTE,https://youtu.be/Ly_Md1OOyTE?si=nCT-_G7dkRiPuF7QQ
6,Shivji,Strotam,Shiv Tandav Stotram,Shiv Tandav Stotram,True,S980-z1qx3g,https://youtu.be/S980-z1qx3g?si=skvwCt7XGHenuWbP
7,Shivji,Strotam,Shiv Panchakshar Stotram:,Shiv Panchakshar Stotram:,True,3rJ4HVA9cII,https://youtu.be/3rJ4HVA9cII?si=euKFMGNZX2c0rt5p
8,Shivji,Strotam,Shiv Mahimn Stotra:,Shiv Mahimn Stotra:,True,TXXioV0_9-o,https://youtu.be/TXXioV0_9-o?si=wEaulnEEeYWdA4C5
9,Shivji,Strotam,Vedasar Shiv Stotram,Vedasar Shiv Stotram,True,3_8Z1uqPWZ0,https://youtu.be/3_8Z1uqPWZ0?si=2Vlmkq5w0gw_xDCZ
10,Shivji,Chalisa,Shiv Chalisa,Shiv Chalisa,True,-mUoM-sSzkc,https://youtu.be/-mUoM-sSzkc?si=a3TP0d2Z_b5S-kCr
11,Shivji,Ashtakam,Shri Rudrashtakam (Sankshipt Ansh - Tulsidas Rachit),Shri Rudrashtakam (Sankshipt Ansh - Tulsidas Rachit),True,081bLdQKX-Q,https://youtu.be/081bLdQKX-Q?si=msq2vM1Qng2BQD9H
12,Shivji,Stuti,Shiv Stuti,Shiv Stuti,True,JfXPpBVPkcU,https://youtu.be/JfXPpBVPkcU?si=fMvP8aJMsyMYOHU3
13,Shivji,Aarti,Om Jai Shiv Omkara,Om Jai Shiv Omkara,True,BhwOproElxU,https://youtu.be/BhwOproElxU?si=hlOKkSda3B3Cka2O
14,Shivji,Shloka,Dhyan Shlok (Puja Hetu),Dhyan Shlok (Puja Hetu),True,HdFD5S7pdtw,https://youtu.be/HdFD5S7pdtw?si=LGbLbPv5GY_tE3Ab
15,Shivji,Bhajan,Shiv Shankar Ko Jisne Puja,Shiv Shankar Ko Jisne Puja,True,w7HbgKcQS_w,https://youtu.be/w7HbgKcQS_w?si=KCJVUE_VkpIA8tKc
16,Shivji,Bhajan,Subah Subah Le Shiv Ka Naam,Subah Subah Le Shiv Ka Naam,True,TplRlUULXz8,https://youtu.be/TplRlUULXz8?si=w-ebBCmQx88smeOh
17,Shivji,Bhajan,He Shambhu Baba Mere Bhole Nath,He Shambhu Baba Mere Bhole Nath,True,i6rDYxNpubk,https://youtu.be/i6rDYxNpubk?si=Z1cSGYW4UCmuEsd6
18,Shivji,Bhajan,Chalo Shiv Shankar Ke Mandir Mein Bhakto,Chalo Shiv Shankar Ke Mandir Mein Bhakto,True,uY5YAvygOJs,https://youtu.be/uY5YAvygOJs?si=8dBC9W82qOAvOxTd
19,Shivji,Bhajan,Bhole Bhandari Sabke Hi Bhandar Bhare,Bhole Bhandari Sabke Hi Bhandar Bhare,True,zfhnJkZbtB0,https://youtu.be/zfhnJkZbtB0?si=J0cNKvR_xcs-AdL7
20,Shivji,Bhajan,Shankar Teri Jata Mein Behti Hai Gangdhara,Shankar Teri Jata Mein Behti Hai Gangdhara,True,ZxAZksjaUUU,https://youtu.be/ZxAZksjaUUU?si=pFBqlNlDgtv6Qwxu
21,Shivji,Katha,Sampurn Shiv Puran Saar,Sampurn Shiv Puran Saar,True,d-zWzSTNOMo,https://youtu.be/d-zWzSTNOMo?si=8Gtyc3crPXZxHvXM
22,Shivji,Katha,Shiv Ji Ka Janm Kaise Hua,Shiv Ji Ka Janm Kaise Hua,True,g4iZhS7EvQc,https://youtu.be/g4iZhS7EvQc?si=tajjxxWlYauvwgSt
23,Shivji,Katha,Sampurn Gatha Neelkanth Ki,Sampurn Gatha Neelkanth Ki,True,zUdp2fQJemw,https://youtu.be/zUdp2fQJemw?si=jdzUfbtXHLEoG4OC
24,Shivji,Katha,Nandi Kaise Bane Shivji Ke Sawari,Nandi Kaise Bane Shivji Ke Sawari,True,2hUQyXzKgOo,https://youtu.be/2hUQyXzKgOo?si=dvtDXcOirPxrEizn
25,Shivji,Katha,Aakhir Kyon Shiv-Parvati Ne Liya Tha Ardhanarishwar Roop?,Aakhir Kyon Shiv-Parvati Ne Liya Tha Ardhanarishwar Roop?,True,4lokTkaO9xs,https://youtu.be/4lokTkaO9xs?si=C19AkxnlrW3NFtQ2
26,Shivji,Katha,Kyon Mila Tha Chandrama Ko Shrap?,Kyon Mila Tha Chandrama Ko Shrap?,True,iEIJBAKx0wI,https://youtu.be/iEIJBAKx0wI?si=bBiJfhIDY2Psljnj
27,Shivji,Katha,12 Jyotirling Ki Kathayein Kya Hai?,12 Jyotirling Ki Kathayein Kya Hai?,True,My9aRwekYGk,https://youtu.be/My9aRwekYGk?si=jbP4Jiv89W7Ij-D7
28,Shivji,Katha,Shiv Ne Apne Hi Putra Ganesh Ka Sir Kyon Kata?,Shiv Ne Apne Hi Putra Ganesh Ka Sir Kyon Kata?,True,oa1tHpermgU,https://youtu.be/oa1tHpermgU?si=VvSwaXWDjjjQ4FfT
29,HanumanJi,Mantra,Hanuman Beej Mantra,Hanuman Beej Mantra,True,o5Uk1sxGBZU,https://youtu.be/o5Uk1sxGBZU?si=aIuPQqmzIrromxMt
30,HanumanJi,Mantra,Hanuman Gayatri Mantra:,Hanuman Gayatri Mantra:,True,AXDLxXIbxAs,https://youtu.be/AXDLxXIbxAs?si=LRLn7ZBIQYzSWhry
31,HanumanJi,Mantra,Manojavam Marutatulyavegam Mantra:,Manojavam Marutatulyavegam Mantra:,True,iWd6VAWduZg,https://youtu.be/iWd6VAWduZg?si=qrMcv4ayCSmC3X_q
32,HanumanJi,Mantra,Rudravatar Hanuman Mantra (Mool Mantra:),Rudravatar Hanuman Mantra (Mool Mantra:),True,BYDOl5Sm-HE,https://youtu.be/BYDOl5Sm-HE?si=80FQdV8AYyPkhQOY
33,HanumanJi,Mantra,Anjaneya Mantra,Anjaneya Mantra,True,OhF0O9nb5t8,https://youtu.be/OhF0O9nb5t8?si=FNJNYprwyEwqcGsC
34,HanumanJi,Mantra,Pramukh Mantra:,Pramukh Mantra:,True,FUpzgvsWkL8,https://youtu.be/FUpzgvsWkL8?si=XDpQmK9jpt227gC0
35,HanumanJi,Mantra,Raksha Kavach Mantra:,Raksha Kavach Mantra:,True,_97POkIQ_kQ,https://youtu.be/_97POkIQ_kQ?si=2Nyp0GAVtCXv1eOf
36,HanumanJi,Strotam,Maruti Stotra,Maruti Stotra,True,V1-7O0EPaJk,https://youtu.be/V1-7O0EPaJk?si=0-xX1NUeG-kZ76qS
37,HanumanJi,Strotam,Shri Hanuman Tandav Stotra,Shri Hanuman Tandav Stotra,True,AjCLVm6gKQc,https://youtu.be/AjCLVm6gKQc?si=acKj8AiCXoLASvM8
38,HanumanJi,Strotam,Shri Anjaneya Dwadashnam Stotram,Shri Anjaneya Dwadashnam Stotram,True,BjvVJOS7xPE,https://youtu.be/BjvVJOS7xPE?si=NtPLuZzAbGNbe6gO
39,HanumanJi,Strotam,Panchmukhi Hanuman Stotra,Panchmukhi Hanuman Stotra,True,PzjSJIswc6s,https://youtu.be/PzjSJIswc6s?si=VeKkvGCYklpFQt0d
40,HanumanJi,Chalisa,Hanuman Chalisa,Hanuman Chalisa,True,AETFvQonfV8,https://youtu.be/AETFvQonfV8?si=YezmW2nYi76Eoi6Q
41,HanumanJi,Ashtakam,Sankatmochan Hanuman Ashtak,Sankatmochan Hanuman Ashtak,True,HH_a6aRO1TE,https://youtu.be/HH_a6aRO1TE?si=oQ72oac9OI-c9FEL
42,HanumanJi,Stuti,"Atulitbaladhamam Hemashailabhadeham,","Atulitbaladhamam Hemashailabhadeham,",True,CIl1O1GwOfk,https://youtu.be/CIl1O1GwOfk?si=l5pF_ixmqVuHcdOn
43,HanumanJi,Aarti,Aarti Keeje Hanuman Lala Ki,Aarti Keeje Hanuman Lala Ki,True,r7GJ8GoGSD8,https://youtu.be/r7GJ8GoGSD8?si=5vKJpH3tM6QoFwzl
44,HanumanJi,Shloka,Buddhirbalam Yasho Dhairyam Nirbhayatvamarogata.,Buddhirbalam Yasho Dhairyam Nirbhayatvamarogata.,True,4PZzUru94JY,https://youtu.be/4PZzUru94JY?si=unI0BALTYhAIdzmS
45,HanumanJi,Shloka,Hanuman Gayatri Mantra:,Hanuman Gayatri Mantra:,True,AXDLxXIbxAs,https://youtu.be/AXDLxXIbxAs?si=61Ag66LJRXixtINz
46,HanumanJi,Shloka,Markatesh Mahotsah Sarvashok Vinashan.,Markatesh Mahotsah Sarvashok Vinashan.,True,xvaY6-PgNyY,https://youtu.be/xvaY6-PgNyY?si=1wxv0hpaEyvvF4jN
47,HanumanJi,Shloka,Karya Siddhi,Karya Siddhi,True,faCtr2ajTuE,https://youtu.be/faCtr2ajTuE?si=svKC2jHHd_23bpz4
48,HanumanJi,Shloka,"Atulitbaladhamam Hemashailabhadeham,","Atulitbaladhamam Hemashailabhadeham,",True,CIl1O1GwOfk,https://youtu.be/CIl1O1GwOfk?si=0PLRHfGike1eIJPN
49,HanumanJi,Bhajan,Duniya Chale Na Shri Ram Ke Bina,Duniya Chale Na Shri Ram Ke Bina,True,sDhrWWWBQLI,https://youtu.be/sDhrWWWBQLI?si=x0qKB6U3A5R2FSQr
50,HanumanJi,Bhajan,He Dukh Bhanjan Maruti Nandan,He Dukh Bhanjan Maruti Nandan,True,n4fZknyZlsk,https://youtu.be/n4fZknyZlsk?si=W6avmHz2Bl7IEuMr
51,HanumanJi,Bhajan,Chham Chham Nache Veer Hanuman,Chham Chham Nache Veer Hanuman,True,hy_UKySqiNo,https://youtu.be/hy_UKySqiNo?si=WO1ouxTrWAya94GP
52,HanumanJi,Bhajan,Sankatmochan Hanuman Ashtak,Sankatmochan Hanuman Ashtak,True,HH_a6aRO1TE,https://youtu.be/HH_a6aRO1TE?si=rTY4-xxT-cJfpz4W
53,HanumanJi,Bhajan,Bajrang Bali Meri Naav Chali,Bajrang Bali Meri Naav Chali,True,eH89BxWg9P4,https://youtu.be/eH89BxWg9P4?si=5IOyC_otVc9JKSFd
54,HanumanJi,Bhajan,Veer Hanumana Ati Balwana,Veer Hanumana Ati Balwana,True,Dlu4KGrnmZg,https://youtu.be/Dlu4KGrnmZg?si=uNHWa9x_7eYIABar
55,HanumanJi,Katha,Hanuman Janm Katha,Hanuman Janm Katha,True,IfpaqbjwW6Y,https://youtu.be/IfpaqbjwW6Y?si=0Q_-WTElzyLcpNwT
56,HanumanJi,Katha,Hanuman: Shakti-Bhakti-Buddhi,Hanuman: Shakti-Bhakti-Buddhi,True,_35QngzzdEQ,https://youtu.be/_35QngzzdEQ?si=l9SidSRJ4C7GTyks
57,HanumanJi,Katha,Ram-Hanuman Milap,Ram-Hanuman Milap,True,IJfsaSWM7vg,https://youtu.be/IJfsaSWM7vg?si=dEF6K1qP5r5Mh6vZ
58,HanumanJi,Katha,Hanuman Janm Katha,Hanuman Janm Katha,True,JGi64RoqZ9g,https://youtu.be/JGi64RoqZ9g?si=LzuKJAoqe1TsPcav
59,HanumanJi,Katha,Hanuman Raksha Kavach,Hanuman Raksha Kavach,True,Yafs12RHYqw,https://youtu.be/Yafs12RHYqw?si=DFgZFimu47Z3K-Ye
60,HanumanJi,Katha,Hanuman Lanka Gaman,Hanuman Lanka Gaman,True,av3Vf23CRqc,https://youtu.be/av3Vf23CRqc?si=hRrw_iHsdMJ8WfIw
61,GaneshJi,Mantra,Mool Beej Mantra,Mool Beej Mantra,True,Naruxgq6oMU,https://youtu.be/Naruxgq6oMU?si=FcMrbfkDJoW6MNjX
62,GaneshJi,Mantra,Vakratunda Mahakaya Mantra,Vakratunda Mahakaya Mantra,True,kxxhO92X8ro,https://youtu.be/kxxhO92X8ro?si=kI__HcFg2zNoXZn2
63,GaneshJi,Mantra,Ganesh Gayatri,Ganesh Gayatri,True,dkVlpm1mKFI,https://youtu.be/dkVlpm1mKFI?si=crdKp9jnOOfpOZx7
64,GaneshJi,Mantra,Sankat Nashak Mantra,Sankat Nashak Mantra,True,sHjD9ChjUsU,https://youtu.be/sHjD9ChjUsU?si=kj5RxANqbh9URRDf
65,GaneshJi,Mantra,Om Vinayakaya Namah,Om Vinayakaya Namah,True,PeYGaeORoOY,https://youtu.be/PeYGaeORoOY?si=ONsUR5ezqmmko8O0
66,GaneshJi,Mantra,Om Lambodaray Namah,Om Lambodaray Namah,True,a5qd1rCqkvI,https://youtu.be/a5qd1rCqkvI?si=s5oYDC9M7BF8gZIn
67,GaneshJi,Mantra,Mool Beej Mantra,Mool Beej Mantra,True,Naruxgq6oMU,https://youtu.be/Naruxgq6oMU?si=xqSFGrw15ZFcqKY-
68,GaneshJi,Mantra,Om Vakratundaya Hum,Om Vakratundaya Hum,True,cidhzMLBUPQ,https://youtu.be/cidhzMLBUPQ?si=fXMWhEu5ZeeOpj3l
69,GaneshJi,Mantra,Om Hasti Pishachi Likha Swaha,Om Hasti Pishachi Likha Swaha,True,U88tnB0H1xI,https://youtu.be/U88tnB0H1xI?si=2-HbuGny0YDj6tfC
70,GaneshJi,Mantra,Om Lambodaray Namah,Om Lambodaray Namah,True,Kdz0DzHoh_c,https://youtu.be/Kdz0DzHoh_c?si=c_D5ejrJH2mP4nDv
71,GaneshJi,Mantra,Om Vikataya Namah,Om Vikataya Namah,True,BLVWder8V9I,https://youtu.be/BLVWder8V9I?si=ZzhUqV7dwH-dI-sP
72,GaneshJi,Mantra,Om Vinayakaya Namah,Om Vinayakaya Namah,True,PeYGaeORoOY,https://youtu.be/PeYGaeORoOY?si=Czecw7q3IkVzA55C
73,GaneshJi,Mantra,Om Vighnanashanaya Namah,Om Vighnanashanaya Namah,True,AibLZNQcHq4,https://youtu.be/AibLZNQcHq4?si=LjeojdU2vyn6oW8m
74,GaneshJi,Mantra,Ganesh Gayatri,Ganesh Gayatri,True,dkVlpm1mKFI,https://youtu.be/dkVlpm1mKFI?si=vJFkS8R3-PMxX_Ji
75,GaneshJi,Strotam,Shri Sankatnashan Ganesh Stotra:,Shri Sankatnashan Ganesh Stotra:,True,aTFeZxXkL78,https://youtu.be/aTFeZxXkL78?si=m5lUjY4i8013BWXj
76,GaneshJi,Strotam,Ganesh Atharvashirsha:,Ganesh Atharvashirsha:,True,Tssx17scqO4,https://youtu.be/Tssx17scqO4?si=uOt96Cx7Sz5DPI5b
77,GaneshJi,Strotam,Rinaharta Ganesh Stotra:,Rinaharta Ganesh Stotra:,True,aH2ipOQ1_bU,https://youtu.be/aH2ipOQ1_bU?si=O2s_vctg1Roye0xu
78,GaneshJi,Strotam,Shri Ganesh Kavach:,Shri Ganesh Kavach:,True,av9FFShVYBU,https://youtu.be/av9FFShVYBU?si=Ad06fEsAnohtH32q
79,GaneshJi,Strotam,Ganesh Ashtottara Shatanam Stotra:,Ganesh Ashtottara Shatanam Stotra:,True,XhxvcnExPNQ,https://youtu.be/XhxvcnExPNQ?si=w62P2ANg6x0OryeL
80,GaneshJi,Strotam,Mayureshwar Stotra:,Mayureshwar Stotra:,True,udRgk50LOuA,https://youtu.be/udRgk50LOuA?si=OnWHt9_jUWmMlIHv
81,GaneshJi,Strotam,Shri Sankatnashan Ganesh Stotra:,Shri Sankatnashan Ganesh Stotra:,True,aTFeZxXkL78,https://youtu.be/aTFeZxXkL78?si=HFj5YBPqHTqebgZi
82,GaneshJi,Strotam,Ganesh Atharvashirsha:,Ganesh Atharvashirsha:,True,Tssx17scqO4,https://youtu.be/Tssx17scqO4?si=WWEOC-sAGbJPwWoB
83,GaneshJi,Strotam,Rinaharta Ganesh Stotra:,Rinaharta Ganesh Stotra:,True,aH2ipOQ1_bU,https://youtu.be/aH2ipOQ1_bU?si=icocDYxf8Rhh_hJd
84,GaneshJi,Strotam,Ganesh Ashtottara Shatanam Stotra:,Ganesh Ashtottara Shatanam Stotra:,True,XhxvcnExPNQ,https://youtu.be/XhxvcnExPNQ?si=nfh___BHqMxP2wv1
85,GaneshJi,Strotam,Ganesh Kavach,Ganesh Kavach,True,7AOJUIx9dLE,https://youtu.be/7AOJUIx9dLE?si=iiZJAYQrRCv1tpsQ
86,GaneshJi,Strotam,Mayureshwar Stotra:,Mayureshwar Stotra:,True,udRgk50LOuA,https://youtu.be/udRgk50LOuA?si=aNXgNWFWUnR1bwfA
87,GaneshJi,Strotam,Ganesh Hridaya Stotra,Ganesh Hridaya Stotra,True,hA__sJZ_FOc,https://youtu.be/hA__sJZ_FOc?si=-goJ82D1uxHHIBdW
88,GaneshJi,Chalisa,Shri Ganesh Chalisa,Shri Ganesh Chalisa,True,WyHFSjN0miU,https://youtu.be/WyHFSjN0miU?si=pCUb4V5RltoNG-DB
89,GaneshJi,Chalisa,Shri Ganesh Chalisa,Shri Ganesh Chalisa,True,WyHFSjN0miU,https://youtu.be/WyHFSjN0miU?si=C2PbbebEskn6KqLR
90,GaneshJi,Ashtakam,Shri Ganeshpancharatnam,Shri Ganeshpancharatnam,True,vYFOV9nj-_w,https://youtu.be/vYFOV9nj-_w?si=r49ExtqDfppGq1cg
91,GaneshJi,Ashtakam,Ganesh Ashtakam,Ganesh Ashtakam,True,BhrCfQ0xyp8,https://youtu.be/BhrCfQ0xyp8?si=Y8ihF6eLhRKE0QZ1
92,GaneshJi,Stuti,Tulsidas Krit Shri Ganesh Stuti,Tulsidas Krit Shri Ganesh Stuti,True,PHYOoKN1eRA,https://youtu.be/PHYOoKN1eRA?si=ss-wUy5JBBGT5IWO
93,GaneshJi,Stuti,Siddhivinayak Stuti,Siddhivinayak Stuti,True,-ZrQZp2y3PQ,https://youtu.be/-ZrQZp2y3PQ?si=hCx7LtL3gBXFjUBg
94,GaneshJi,Stuti,Namami Te Gajananm,Namami Te Gajananm,True,2GQ7t3b3PIM,https://youtu.be/2GQ7t3b3PIM?si=LoDVda5DZZXnfd-B
95,GaneshJi,Stuti,Shri Ganesh Pancharatna,Shri Ganesh Pancharatna,True,IMtvmQr5o5I,https://youtu.be/IMtvmQr5o5I?si=l3Ya9JbkB2GCi9RB
96,GaneshJi,Stuti,Pratham Tula Vandito,Pratham Tula Vandito,True,l_pV6jQdQ9c,https://youtu.be/l_pV6jQdQ9c?si=S4GL6AaK1Ph0w14l
97,GaneshJi,Stuti,Gajananm Bhut Ganadi Sevitam,Gajananm Bhut Ganadi Sevitam,True,ayj0Gm6RTg8,https://youtu.be/ayj0Gm6RTg8?si=JCPQw6jvbztxQbwn
98,GaneshJi,Stuti,Namami Te Gajananm,Namami Te Gajananm,True,2GQ7t3b3PIM,https://youtu.be/2GQ7t3b3PIM?si=bTYiyyrcuLZYyzxb
99,GaneshJi,Stuti,Ganesh Vandana,Ganesh Vandana,True,kE_3b_NaOAE,https://youtu.be/kE_3b_NaOAE?si=sHrTYnvs_Ht1N8E1
100,GaneshJi,Aarti,Jai Ganesh Jai Ganesh Deva,Jai Ganesh Jai Ganesh Deva,True,Yuex2EnsGiY,https://youtu.be/Yuex2EnsGiY?si=SN2TjtMVVhHmp7gl
101,GaneshJi,Aarti,Sukhakarta Dukhaharta Varta Vighnachi,Sukhakarta Dukhaharta Varta Vighnachi,True,gFr5p5AyuD0,https://youtu.be/gFr5p5AyuD0?si=QD5VW5nRGb8TXEFJ
102,GaneshJi,Aarti,Shendur Lal Chadhayo Achchha Gajmukh Ko,Shendur Lal Chadhayo Achchha Gajmukh Ko,True,bo62sjQ0CmE,https://youtu.be/bo62sjQ0CmE?si=t1lAn32pD2F23gVQ
103,GaneshJi,Aarti,Jai Dev Jai Dev Jai Mangalmurti,Jai Dev Jai Dev Jai Mangalmurti,True,_NgJw_JU0N0,https://youtu.be/_NgJw_JU0N0?si=xxET0DfzB9lul_dc
104,GaneshJi,Aarti,Aarti Siddhivinayak Ji Ki,Aarti Siddhivinayak Ji Ki,True,_oOQ5UYKAKo,https://youtu.be/_oOQ5UYKAKo?si=LHHmXG1Si_5d1Gky
105,GaneshJi,Aarti,Jai Ganesh Jai Ganesh Deva,Jai Ganesh Jai Ganesh Deva,True,Yuex2EnsGiY,https://youtu.be/Yuex2EnsGiY?si=0_Pq00ZXiWo3JeVx
106,GaneshJi,Aarti,Sukh Karta Dukhaharta,Sukh Karta Dukhaharta,True,EnbppB9t2Lg,https://youtu.be/EnbppB9t2Lg?si=53RDlB0vlkr02pCQ
107,GaneshJi,Aarti,Om Shendur Lal Chadhayo Achchha Gajmukh Ko,Om Shendur Lal Chadhayo Achchha Gajmukh Ko,True,x4xwzv7zKms,https://youtu.be/x4xwzv7zKms?si=N__XDkVXQXgqL8HK
108,GaneshJi,Shloka,Vakratunda Mahakaya Shloka,Vakratunda Mahakaya Shloka,True,x0n-mk-_OHg,https://youtu.be/x0n-mk-_OHg?si=qBZDhZeI421iS3TG
109,GaneshJi,Shloka,Gajananm Shloka,Gajananm Shloka,True,6fl5JFL-SoA,https://youtu.be/6fl5JFL-SoA?si=uMzDR8I4B2c9dy8-
110,GaneshJi,Shloka,Agajanan Padmarkam Shloka,Agajanan Padmarkam Shloka,True,bQrYmTfw59Q,https://youtu.be/bQrYmTfw59Q?si=h7eoNNv6DhDZhGuT
111,GaneshJi,Shloka,Vighneshwaraya Varadaya Shloka,Vighneshwaraya Varadaya Shloka,True,r-8-0OwqDjE,https://youtu.be/r-8-0OwqDjE?si=UMvZ1OKIqCgV3z5I
112,GaneshJi,Shloka,Abhipsitarth Siddhyartham Shloka,Abhipsitarth Siddhyartham Shloka,True,rzAm4kvEDbc,https://youtu.be/rzAm4kvEDbc?si=esY2jKOVx-Z2hH93
113,GaneshJi,Shloka,Vakratunda Mahakaya,Vakratunda Mahakaya,True,sgniT3zYZGE,https://youtu.be/sgniT3zYZGE?si=BSxImt8-d3zA9-jK
114,GaneshJi,Shloka,Gajananm Bhuta Ganadi,Gajananm Bhuta Ganadi,True,_7gdZWrPQX8,https://youtu.be/_7gdZWrPQX8?si=FCARIs6d0jt8PzT0
115,GaneshJi,Shloka,Agajanan Padmarkam,Agajanan Padmarkam,True,N1tQ2zK4aYk,https://youtu.be/N1tQ2zK4aYk?si=DZOejLlpJrA5r6aD
116,GaneshJi,Shloka,Sumukhashchaikadantashcha,Sumukhashchaikadantashcha,True,KI03fvJNUTk,https://youtu.be/KI03fvJNUTk?si=D9xeAlbhH0zw2l0M
117,GaneshJi,Shloka,Om Shreem Gam Saubhagya Ganapataye Varvarada Sarvajanma Me Vashamanya Swaha,Om Shreem Gam Saubhagya Ganapataye Varvarada Sarvajanma Me Vashamanya Swaha,True,nbfyD78Dke0,https://youtu.be/nbfyD78Dke0?si=--jK-lqu9SvtXhzK
118,GaneshJi,Bhajan,Ghar Mein Padharo,Ghar Mein Padharo,True,nLUmRxc6140,https://youtu.be/nLUmRxc6140?si=tDzujtf2OLcvCbDf
119,GaneshJi,Bhajan,Sankat Har Lo Mangal Kar Do,Sankat Har Lo Mangal Kar Do,True,ZswQ9qUMDTs,https://youtu.be/ZswQ9qUMDTs?si=JCy5lg1H5mtQ_5JL
120,GaneshJi,Bhajan,Teri Jai Ho Ganesh,Teri Jai Ho Ganesh,True,enalr0CvqVM,https://youtu.be/enalr0CvqVM?si=WMYDWThqcqx9a4pP
121,GaneshJi,Bhajan,He Gauri Nandan Tumko Vandan,He Gauri Nandan Tumko Vandan,True,BMHSi1dzXzs,https://youtu.be/BMHSi1dzXzs?si=rn151FPk0nrcDwwa
122,GaneshJi,Bhajan,Gajaanana Kar Do Beda Paar,Gajaanana Kar Do Beda Paar,True,KP_dAI4k1Dg,https://youtu.be/KP_dAI4k1Dg?si=ssSVFPUldb97cxGY
123,GaneshJi,Bhajan,Ganpati Pehla Tumhe Pranam Hai,Ganpati Pehla Tumhe Pranam Hai,True,c6NhHI-nOW0,https://youtu.be/c6NhHI-nOW0?si=KvNW6DMPNdcX9kLy
124,GaneshJi,Bhajan,Gajanan Maharaj Padharo,Gajanan Maharaj Padharo,True,fOWk1A27pKQ,https://youtu.be/fOWk1A27pKQ?si=1hsP5OkDsZwIELgh
125,GaneshJi,Bhajan,Deva Shri Ganesha,Deva Shri Ganesha,True,RYqJ5w-GrfM,https://youtu.be/RYqJ5w-GrfM?si=7iTLrOhIb63mpAAA
126,GaneshJi,Bhajan,Maurya Re Bappa Maurya Re,Maurya Re Bappa Maurya Re,True,8jff2wz3Hpk,https://youtu.be/8jff2wz3Hpk?si=QNsZeRhwDjGRQ5Hs
127,GaneshJi,Bhajan,Gajanana Shri Ganaraya,Gajanana Shri Ganaraya,True,fV8WIzEHD-E,https://youtu.be/fV8WIzEHD-E?si=QoCkMznHOJj-qUjD
128,GaneshJi,Bhajan,Suno Ganpati Bappa Maurya,Suno Ganpati Bappa Maurya,True,WFBpMrcaxXA,https://youtu.be/WFBpMrcaxXA?si=XJBNsWCipgSiL04x
129,GaneshJi,Bhajan,Ganpati Apne Gaon Chale,Ganpati Apne Gaon Chale,True,wiIJr3qihaQ,https://youtu.be/wiIJr3qihaQ?si=-f9FdXR6zpC7iHDa
130,GaneshJi,Bhajan,Mere Man Mandir Mein Tum Bhagwan Rahe,Mere Man Mandir Mein Tum Bhagwan Rahe,True,GiUkwTxsaYA,https://youtu.be/GiUkwTxsaYA?si=tAnNkeZ1LrxBim0v
131,GaneshJi,Katha,Shri Ganesh Janm Katha,Shri Ganesh Janm Katha,True,yqzr0_-2XbQ,https://youtu.be/yqzr0_-2XbQ?si=KaaBH4Ke-TxOb1ih
132,GaneshJi,Katha,Pratham Pujya Ganesh,Pratham Pujya Ganesh,True,VYCZdEaHLCE,https://youtu.be/VYCZdEaHLCE?si=VW3FFZDKm2dzI8oX
133,GaneshJi,Katha,Mahabharat Lekhan Katha,Mahabharat Lekhan Katha,True,6PfjQNc3J8M,https://youtu.be/6PfjQNc3J8M?si=G20iarXyjqTOP0wI
134,GaneshJi,Katha,Shri Ganesh Janm Katha,Shri Ganesh Janm Katha,True,QiWkw-7QdfA,https://youtu.be/QiWkw-7QdfA?si=bJLHJe2-Y4ZfMgmJ
135,GaneshJi,Katha,Prithvi Parikrama Katha,Prithvi Parikrama Katha,True,msKSippIeOE,https://youtu.be/msKSippIeOE?si=RB6UilhxgjzXDxD7
136,GaneshJi,Katha,Sankashti Chaturthi Vrat Katha,Sankashti Chaturthi Vrat Katha,True,9Y6wrYQ9l9M,https://youtu.be/9Y6wrYQ9l9M?si=ob2XoW3B-NceWETE
137,GaneshJi,Katha,Ganesh Ji Ne Kuber Ka Ghamand Kaise Toda,Ganesh Ji Ne Kuber Ka Ghamand Kaise Toda,True,V6bdNotAvpo,https://youtu.be/V6bdNotAvpo?si=9hIdxzdEVzGvDDFg
138,GaneshJi,Katha,Kaunsa Shrap Mila Chandradev Ko Shri Ganesh Ji Dwara?,Kaunsa Shrap Mila Chandradev Ko Shri Ganesh Ji Dwara?,True,-2zGr9Q91DI,https://youtu.be/-2zGr9Q91DI?si=gMHKwO6c9ve5z6m4
139,GaneshJi,Katha,Mahabharat Ka Lekhan Kisne Kiya Tha,Mahabharat Ka Lekhan Kisne Kiya Tha,True,MSx6PEo6egQ,https://youtu.be/MSx6PEo6egQ?si=M3Ja4Dll3sYeFwXf
140,GaneshJi,Katha,Riddhi-Siddhi Vivah Katha,Riddhi-Siddhi Vivah Katha,True,JIazMEU8_mA,https://youtu.be/JIazMEU8_mA?si=RL-ZsSegD_ZJq3ni
141,GaneshJi,Katha,Shri Ganesh Ke Ekdant Avatar Ki Kahani.,Shri Ganesh Ke Ekdant Avatar Ki Kahani.,True,YdLl-NUNFfU,https://youtu.be/YdLl-NUNFfU?si=t6rZyAy36jBLB7J9
142,GaneshJi,Katha,Hua Itna Bhayankar Yudh Ke Parshuram Ji Ganesh Ji Ka Daant Tod Diya,Hua Itna Bhayankar Yudh Ke Parshuram Ji Ganesh Ji Ka Daant Tod Diya,True,wm-3ncCBg04,https://youtu.be/wm-3ncCBg04?si=5Aihv_vmNlN4pzYT
143,VishnuJi,Mantra,Dwadashakshar Mantra,Dwadashakshar Mantra,True,Vb06G2bDFkE,https://youtu.be/Vb06G2bDFkE?si=mxsOg_3XgD0DSJQi
144,VishnuJi,Mantra,Om Namo Narayanaya,Om Namo Narayanaya,True,BLn-f2DZN4Y,https://youtu.be/BLn-f2DZN4Y?si=tdz0GGjNGQIWYzX4
145,VishnuJi,Mantra,Shriman Narayan Narayan Hari Hari,Shriman Narayan Narayan Hari Hari,True,MuVrsDfgwI0,https://youtu.be/MuVrsDfgwI0?si=TpM7uKaIrn00Acbk
146,VishnuJi,Mantra,Om Vishnave Namah,Om Vishnave Namah,True,U7WIOZyTEaQ,https://youtu.be/U7WIOZyTEaQ?si=sdZ_Z-n3qy3JFTNU
147,VishnuJi,Mantra,Kartaviryarjuna Mantra,Kartaviryarjuna Mantra,True,IhBouQi3D9Q,https://www.youtube.com/live/IhBouQi3D9Q?si=jENRpKbSc3oDZxDg
148,VishnuJi,Mantra,Om Lakshmipataye Namah,Om Lakshmipataye Namah,True,erQ7OvBnfMY,https://youtu.be/erQ7OvBnfMY?si=6Tr4oodbqcuN7H97
149,VishnuJi,Mantra,Vishnu Gayatri,Vishnu Gayatri,True,Uv2p2kTnlH8,https://youtu.be/Uv2p2kTnlH8?si=FYYRnfJoBZIy0LmR
150,VishnuJi,Mantra,Shantakaram Bhujagashayanam Padmanabham Suresham,Shantakaram Bhujagashayanam Padmanabham Suresham,True,Im5TK-glA9M,https://youtu.be/Im5TK-glA9M?si=HrtM-508EyU_APJO
151,VishnuJi,Mantra,Om Achyutaya Namah,Om Achyutaya Namah,True,6Ncyh3vwtQI,https://youtu.be/6Ncyh3vwtQI?si=JS1uUNm_AsCNqZUZ
152,VishnuJi,Strotam,Vishnu Sahasranama Stotram:,Vishnu Sahasranama Stotram:,True,zKC17254flc,https://youtu.be/zKC17254flc?si=1RLal5iLIRaiuuMb
153,VishnuJi,Strotam,Gajendra Moksha Stotra:,Gajendra Moksha Stotra:,True,3dmYdRgJsJ4,https://youtu.be/3dmYdRgJsJ4?si=G1IqQRXpQdgix2Pr
154,VishnuJi,Strotam,Lakshmi Narayan Stotra,Lakshmi Narayan Stotra,True,EkAUXHqqaLk,https://youtu.be/EkAUXHqqaLk?si=c4jgf8zmawRwmVRl
155,VishnuJi,Strotam,Vishnu Panjar Stotram,Vishnu Panjar Stotram,True,kt9-B0uUmRY,https://youtu.be/kt9-B0uUmRY?si=Or6uohC4Z_ZY7DZ5
156,VishnuJi,Strotam,Narayan Suktam,Narayan Suktam,True,vLP6gdiDbOU,https://youtu.be/vLP6gdiDbOU?si=jO6MgHWC3vJEyRrd
157,VishnuJi,Strotam,Vishnu Bhujang Prayat Stotra,Vishnu Bhujang Prayat Stotra,True,yx_Koe1uOdI,https://youtu.be/yx_Koe1uOdI?si=AHlai-OftkIyeKnG
158,VishnuJi,Strotam,Shri Hari Stotram,Shri Hari Stotram,True,gsHIPGDctJ0,https://youtu.be/gsHIPGDctJ0?si=0M-JKLTSQ47e8TaB
159,VishnuJi,Chalisa,Vishnu Chalisa,Vishnu Chalisa,True,yPiSJP34-QM,https://youtu.be/yPiSJP34-QM?si=YnJXYPnTNuwpbv0L
160,VishnuJi,Ashtakam,Achyutashtakam,Achyutashtakam,True,gy07mltqNRc,https://youtu.be/gy07mltqNRc?si=qzWa5TytleC7FSax
161,VishnuJi,Stuti,Shri Vishnu Stuti,Shri Vishnu Stuti,True,XAxNnRPoyiU,https://youtu.be/XAxNnRPoyiU?si=SzEsaZlOfS48Hd-b
162,VishnuJi,Aarti,Om Jai Jagdish Hare,Om Jai Jagdish Hare,True,NE3SWh9_vR4,https://youtu.be/NE3SWh9_vR4?si=oJOVnsbkOB7Qxw5b
163,VishnuJi,Shloka,Namostvanantaya,Namostvanantaya,True,LG28JZIvNsc,https://youtu.be/LG28JZIvNsc?si=aHLn3k0UYaxwBxWH
164,VishnuJi,Shloka,Yada Yada Hi Dharmasya,Yada Yada Hi Dharmasya,True,1AOgbhmP0ig,https://youtu.be/1AOgbhmP0ig?si=41xOtRemY_fBbdT2
165,VishnuJi,Shloka,Kayena Vacha,Kayena Vacha,True,CAc9h7oTjrM,https://youtu.be/CAc9h7oTjrM?si=oeZgKcwyJsEpKqOo
166,VishnuJi,Shloka,Sashankhachakram Sakiritakundalam,Sashankhachakram Sakiritakundalam,True,_TGfTsdHi0c,https://youtu.be/_TGfTsdHi0c?si=S1p1qdhJL2vCsEl6
167,VishnuJi,Shloka,Tvameva Mata Cha Pita Tvameva,Tvameva Mata Cha Pita Tvameva,True,JSVctoNlPKs,https://youtu.be/JSVctoNlPKs?si=W7kvcuUvTsv_KM5A
168,VishnuJi,Bhajan,Achyutam Keshavam Krishna Damodaram,Achyutam Keshavam Krishna Damodaram,True,3yczGKnskts,https://youtu.be/3yczGKnskts?si=--z5nTrp4XW8mSRd
169,VishnuJi,Bhajan,Shriman Narayan Narayan Hari Hari,Shriman Narayan Narayan Hari Hari,True,MuVrsDfgwI0,https://youtu.be/MuVrsDfgwI0?si=ttg63rMJqtDATiJg
170,VishnuJi,Bhajan,Namo Namo Shri Narayan Jai Vaikunth Bihari,Namo Namo Shri Narayan Jai Vaikunth Bihari,True,ABNYMP9z8qk,https://youtu.be/ABNYMP9z8qk?si=EkfBRWlZWFeDBGaz
171,VishnuJi,Bhajan,Sare Jahan Ke Malik Tera Hi Aasra Hai,Sare Jahan Ke Malik Tera Hi Aasra Hai,True,-JYk923PASE,https://youtu.be/-JYk923PASE?si=wruS-9FuWwzEb6X5
172,VishnuJi,Bhajan,Hari Aa Jao Ek Baar,Hari Aa Jao Ek Baar,True,Ylxbl767w_w,https://youtu.be/Ylxbl767w_w?si=2tEunpeyYL5Rxs1d
173,VishnuJi,Katha,Satyanarayan Vrat Katha:,Satyanarayan Vrat Katha:,True,JCU2B7718PY,https://youtu.be/JCU2B7718PY?si=YHivudgRSSDMI3uY
174,VishnuJi,Katha,Samudra Manthan Ki Katha:,Samudra Manthan Ki Katha:,True,ib4O0n3PH8o,https://youtu.be/ib4O0n3PH8o?si=gM39DNbgDuWKfvFA
175,VishnuJi,Katha,Dashavatar Katha:,Dashavatar Katha:,True,URoRSBBZFgg,https://youtu.be/URoRSBBZFgg?si=T85HrSjmY0jyqqr3
176,VishnuJi,Katha,Narsingh Avatar Aur Prahlad Ki Katha,Narsingh Avatar Aur Prahlad Ki Katha,True,HhLUl36i2gs,https://youtu.be/HhLUl36i2gs?si=Qbhw_Rvjr7barqml
177,VishnuJi,Katha,Vaman Avatar Aur Raja Bali Ki Katha,Vaman Avatar Aur Raja Bali Ki Katha,True,fDzcm2RKM4s,https://youtu.be/fDzcm2RKM4s?si=nQip96jtyul3SEsn
178,VishnuJi,Katha,Vishnu Ji Aur Mata Lakshmi Ke Vivah Ki Katha,Vishnu Ji Aur Mata Lakshmi Ke Vivah Ki Katha,True,iZkxNZpqQ4s,https://youtu.be/iZkxNZpqQ4s?si=8wxeb0gCobXxfiQH
179,VishnuJi,Katha,Shaligram Banne Ki Katha,Shaligram Banne Ki Katha,True,Ik_zhFLWVA0,https://youtu.be/Ik_zhFLWVA0?si=cC6xuVXf48XoS0dP
180,VishnuJi,Katha,Guruvar Vrat Katha,Guruvar Vrat Katha,True,7_YKhtWKfX8,https://youtu.be/7_YKhtWKfX8?si=AWwS-7AgfKFaduT9
181,LakshmiJi,Mantra,Mahalakshmi Beej Mantra,Mahalakshmi Beej Mantra,True,bcs4geISuy0,https://youtu.be/bcs4geISuy0?si=iIlUMsgUwP0VAQdf
182,LakshmiJi,Mantra,Om Shri Mahalakshmyai Namah,Om Shri Mahalakshmyai Namah,True,g_czAYo3MKQ,https://youtu.be/g_czAYo3MKQ?si=gMXItXZe4oVrD-co
183,LakshmiJi,Mantra,Lakshmi Gayatri Mantra,Lakshmi Gayatri Mantra,True,HeqiNrjiCfk,https://youtu.be/HeqiNrjiCfk?si=euAnm4LHlwCrPpSH
184,LakshmiJi,Mantra,Shri Siddha Lakshmi Mantra,Shri Siddha Lakshmi Mantra,True,m8hvtU9Lzzk,https://youtu.be/m8hvtU9Lzzk?si=Y9IBp48e1VidVKd4
185,LakshmiJi,Mantra,Om Dhanaya Namo Namah,Om Dhanaya Namo Namah,True,HkdHyXjagiU,https://youtu.be/HkdHyXjagiU?si=4GOKIUcqQY6_aHZB
186,LakshmiJi,Mantra,Sarvabadha Nivaran Mantra,Sarvabadha Nivaran Mantra,True,QI_N_P6aZ7s,https://youtu.be/QI_N_P6aZ7s?si=liGVZcINpHYs6PdJ
187,LakshmiJi,Mantra,Om Hreem Hreem Shri Lakshmi Vasudevaya Namah.,Om Hreem Hreem Shri Lakshmi Vasudevaya Namah.,True,qR-PxhTOZXY,https://youtu.be/qR-PxhTOZXY?si=ZBtgkGLQ_x7io_NN
188,LakshmiJi,Strotam,Shri Suktam:,Shri Suktam:,True,OC7LQxuhQUU,https://youtu.be/OC7LQxuhQUU?si=Dk4q0uGOrbCSfm7I
189,LakshmiJi,Strotam,Kanakadhara Stotra:,Kanakadhara Stotra:,True,3Y1JGvieOBk,https://youtu.be/3Y1JGvieOBk?si=wIIGJG8nmjPlyBfv
190,LakshmiJi,Strotam,Lakshmi Hridaya Stotra,Lakshmi Hridaya Stotra,True,phOoGvDu_h4,https://youtu.be/phOoGvDu_h4?si=XKx4FvAb65DYm0Vv
191,LakshmiJi,Strotam,Mahalakshmi Kavach,Mahalakshmi Kavach,True,OvimStyyQWI,https://youtu.be/OvimStyyQWI?si=SwrQDOQ7f47RApTT
192,LakshmiJi,Strotam,Ashtalakshmi Stotra,Ashtalakshmi Stotra,True,qb5EuozSWA0,https://youtu.be/qb5EuozSWA0?si=1DOqyZO7j9BrmhKi
193,LakshmiJi,Strotam,Sarvadeva Krit Lakshmi Stotra,Sarvadeva Krit Lakshmi Stotra,True,HaRSDKZPQ3I,https://youtu.be/HaRSDKZPQ3I?si=H1izhPc-mXQi_vT1
194,LakshmiJi,Chalisa,Shri Lakshmi Chalisa,Shri Lakshmi Chalisa,True,aLKLcvJZ2Hc,https://youtu.be/aLKLcvJZ2Hc?si=LghSz9KgBnH3YqXK
195,LakshmiJi,Ashtakam,Mahalakshmyashtakam,Mahalakshmyashtakam,True,7P7XuN_D2nQ,https://youtu.be/7P7XuN_D2nQ?si=H9rP6H9jO-grHqXC
196,LakshmiJi,Stuti,Maha Lakshmi Stuti,Maha Lakshmi Stuti,True,MMVH6vPr2mo,https://youtu.be/MMVH6vPr2mo?si=jIy2ahvcXaIKa1xJ
197,LakshmiJi,Stuti,Mahalakshmi Stavanam,Mahalakshmi Stavanam,True,sIPwrMosN9k,https://youtu.be/sIPwrMosN9k?si=3QzMTb-otB4uncz-
198,LakshmiJi,Aarti,Om Jai Lakshmi Mata,Om Jai Lakshmi Mata,True,0J1aNK16sFM,https://youtu.be/0J1aNK16sFM?si=CSef8Vdgn6PlSsmM
199,LakshmiJi,Shloka,Namastestu Mahamaye,Namastestu Mahamaye,True,RDWtngDhknA,https://youtu.be/RDWtngDhknA?si=6BoczvScrpmaOros
200,LakshmiJi,Bhajan,Lakshmi Amritwani,Lakshmi Amritwani,True,gv8Q4rrkqWE,https://youtu.be/gv8Q4rrkqWE?si=_38Rpl582wr9YcG_
201,LakshmiJi,Bhajan,Mere Ghar Aao Maa Lakshmi,Mere Ghar Aao Maa Lakshmi,True,5JMFiNOxejY,https://youtu.be/5JMFiNOxejY?si=owu81CB4a7qNA6-m
202,LakshmiJi,Bhajan,Maiya Lakshmi Deti Dhan Dhan Hai,Maiya Lakshmi Deti Dhan Dhan Hai,True,w9vGn5lQMxU,https://youtu.be/w9vGn5lQMxU?si=y2-tmAbRLU_U2xLE
203,LakshmiJi,Bhajan,Ghar Mein Padharo Lakshmi Maiya,Ghar Mein Padharo Lakshmi Maiya,True,H2r9M66CQPk,https://youtu.be/H2r9M66CQPk?si=VK7SngiMM1nMQ2hZ
204,LakshmiJi,Bhajan,Lakshmi Maiya Hai Tumse,Lakshmi Maiya Hai Tumse,True,m3P-UtGt3Ts,https://youtu.be/m3P-UtGt3Ts?si=wee1Hbb2XDZh_r50
205,LakshmiJi,Bhajan,Shubh Labh Dhan Vaibhav Data Jai,Shubh Labh Dhan Vaibhav Data Jai,True,aRHDmzWFPdo,https://youtu.be/aRHDmzWFPdo?si=rRwqcCmyV9MQrXkS
206,LakshmiJi,Katha,Lakshmi Ji Ki Avatar Katha |,Lakshmi Ji Ki Avatar Katha |,True,BL5lLnsLUrA,https://youtu.be/BL5lLnsLUrA?si=tKilMUx3mU_eIVe5
207,LakshmiJi,Katha,Vaibhav Lakshmi Vrat Katha,Vaibhav Lakshmi Vrat Katha,True,UH-qlhvW7A4,https://youtu.be/UH-qlhvW7A4?si=Ua4KCJHZXkykQOJt
208,LakshmiJi,Katha,Deepawali Ki Katha:,Deepawali Ki Katha:,True,PYhoZ9zUFNA,https://youtu.be/PYhoZ9zUFNA?si=BZ6-5dOq0gfaUpBH
209,LakshmiJi,Katha,Maa Lakshmi Aur Raja Bali Ki Katha,Maa Lakshmi Aur Raja Bali Ki Katha,True,W9GywBEmin0,https://youtu.be/W9GywBEmin0?si=Y8MZZLmQalTE_osa
210,ShaniiDevJi,Mantra,Om Sham Shanaishcharaya Namah,Om Sham Shanaishcharaya Namah,True,kB0dFMBE7-g,https://youtu.be/kB0dFMBE7-g?si=wlcGDLcwvs5ytuqk
211,ShaniiDevJi,Mantra,Shani Beej Mantra,Shani Beej Mantra,True,kgvV-TdtWJI,https://youtu.be/kgvV-TdtWJI?si=Rv6I8CTy3sGjF2Ty
212,ShaniiDevJi,Mantra,Nilanjana Samabhasam,Nilanjana Samabhasam,True,oI7nbhh9oBU,https://youtu.be/oI7nbhh9oBU?si=Ln_Gw5XMwjb0sGQ3
213,ShaniiDevJi,Mantra,Shani Gayatri Mantra),Shani Gayatri Mantra),True,j2sTr6JZdco,https://youtu.be/j2sTr6JZdco?si=m6tpnX4rqpF7vLQE
214,ShaniiDevJi,Strotam,Shani Vajra Panjar Kavacham,Shani Vajra Panjar Kavacham,True,pTcdxwTWstI,https://youtu.be/pTcdxwTWstI?si=lyJbdwKdQI3eTfXv
215,ShaniiDevJi,Strotam,Dashrathkrit Shani Stotra,Dashrathkrit Shani Stotra,True,NqVQbkZNb3k,https://youtu.be/NqVQbkZNb3k?si=up8I1tLPXOTVEQFt
216,ShaniiDevJi,Strotam,Mahakal Shani Mrityunjaya Stotra,Mahakal Shani Mrityunjaya Stotra,True,R-QTna2MvME,https://youtu.be/R-QTna2MvME?si=okZ5YcA6gTSonATR
217,ShaniiDevJi,Strotam,Shani Peedahar Stotra,Shani Peedahar Stotra,True,XiMzBSu9l6U,https://youtu.be/XiMzBSu9l6U?si=jFA_091ue8XvG4Ck
218,ShaniiDevJi,Chalisa,Shani Chalisa,Shani Chalisa,True,MJ14wONWjWg,https://youtu.be/MJ14wONWjWg?si=DEpgPZC7NuC6rPgX
219,ShaniiDevJi,Ashtakam,Shri Shani Ashtakam,Shri Shani Ashtakam,True,PZ7q-Lbz11M,https://youtu.be/PZ7q-Lbz11M?si=K4-Sr6N-X3CejQJN
220,ShaniiDevJi,Stuti,Shani Stuti,Shani Stuti,True,v5zWGRCJV6c,https://youtu.be/v5zWGRCJV6c?si=ZLpqnNbRnZ52LKcJ
221,ShaniiDevJi,Stuti,Shani Vandana:,Shani Vandana:,True,2nGciKbBAMY,https://youtu.be/2nGciKbBAMY?si=-h41UQYsN1Tn89Ox
222,ShaniiDevJi,Aarti,Jai Jai Shri Shanidev Bhaktan Hitkari,Jai Jai Shri Shanidev Bhaktan Hitkari,True,sqyVe_kOEuQ,https://youtu.be/sqyVe_kOEuQ?si=4JzKtqsmhTRMhR2W
223,ShaniiDevJi,Aarti,Aarti Shri Shani Maharaj Ki,Aarti Shri Shani Maharaj Ki,True,sJ3Kg21bNrE,https://youtu.be/sJ3Kg21bNrE?si=hohbJozyLHx2GFo5
224,ShaniiDevJi,Shloka,Suryaputro Dirghadeho,Suryaputro Dirghadeho,True,kS1Dn4VjUNk,https://youtu.be/kS1Dn4VjUNk?si=ecGHHRZxmNLhUvxa
225,ShaniiDevJi,Bhajan,Shanaishwara Shanaishwara,Shanaishwara Shanaishwara,True,7MhfQOgWMyc,https://youtu.be/7MhfQOgWMyc?si=9-sfsnHXgLJw40qt
226,ShaniiDevJi,Bhajan,Sachcha Shanidev Tera Darbar,Sachcha Shanidev Tera Darbar,True,o70xTR8t0H4,https://youtu.be/o70xTR8t0H4?si=HatQvVEQ9HPQgqLD
227,ShaniiDevJi,Bhajan,Shani Ji Kardo Beda Paar,Shani Ji Kardo Beda Paar,True,oepDHcPHWwc,https://youtu.be/oepDHcPHWwc?si=QJr2Vv_RI9lN8rJ1
228,ShaniiDevJi,Bhajan,Shri Shanidev Amritwani,Shri Shanidev Amritwani,True,e3K3BREwxRQ,https://youtu.be/e3K3BREwxRQ?si=dfzljU4OEcbG3KLp
229,ShaniiDevJi,Bhajan,Shani Dev Tumhare Charno Mein,Shani Dev Tumhare Charno Mein,True,UqQgZSu8bqg,https://youtu.be/UqQgZSu8bqg?si=_5Z7nj5e6baEJvaU
230,ShaniiDevJi,Bhajan,Shanidev Tera Jag Mein Ajab Nazara Hai,Shanidev Tera Jag Mein Ajab Nazara Hai,True,QtwtvLgJFzQ,https://youtu.be/QtwtvLgJFzQ?si=pEGCwBUmI0YlEnb0
231,ShaniiDevJi,Katha,Shanidev Ke Janm Ki Mahan Katha,Shanidev Ke Janm Ki Mahan Katha,True,SQcX9sUnkP4,https://youtu.be/SQcX9sUnkP4?si=qSFF_V0Drj9D7Iyx
232,ShaniiDevJi,Katha,Shanidev Aur Hanuman Ji Ki Katha |,Shanidev Aur Hanuman Ji Ki Katha |,True,8l77GDrFq-k,https://youtu.be/8l77GDrFq-k?si=9Z4rz10EH1DVrmgH
233,ShaniiDevJi,Katha,Shanivar Vrat Katha,Shanivar Vrat Katha,True,sNBJiXNxuZ0,https://youtu.be/sNBJiXNxuZ0?si=tBfa_WYc8KvWc3wn
234,Ramji,Mantra,Om Ramaya Namah,Om Ramaya Namah,True,CA8RcKyO0Y4,https://youtu.be/CA8RcKyO0Y4?si=lQGTY9Ov96Uhu8JI
235,Ramji,Mantra,Om Ram Ramaya Namah,Om Ram Ramaya Namah,True,-YVDlWff_5o,https://youtu.be/-YVDlWff_5o?si=gNU9ViaghJWwBl-E
236,Ramji,Mantra,Shri Ram Jai Ram Jai Jai Ram,Shri Ram Jai Ram Jai Jai Ram,True,-1udu-1LpOo,https://youtu.be/-1udu-1LpOo?si=pmbGDDSFyq5uJhX0
237,Ramji,Mantra,Om Shri Ramchandraya Namah,Om Shri Ramchandraya Namah,True,n_DeYZEy4Y4,https://youtu.be/n_DeYZEy4Y4?si=wdZ7kUQSQ35qIs_5
238,Ramji,Mantra,Om Namo Bhagavate Ramchandraya,Om Namo Bhagavate Ramchandraya,True,sRjLbmFjjQ0,https://youtu.be/sRjLbmFjjQ0?si=BflcnYp06jrhbI1r
239,Ramji,Mantra,Ram Rameti Rameti,Ram Rameti Rameti,True,aR1g92A_5gQ,https://youtu.be/aR1g92A_5gQ?si=Ae8UK15_LC0l8fX3
240,Ramji,Mantra,Apadamapahartaram,Apadamapahartaram,True,zUFVftjjHGo,https://youtu.be/zUFVftjjHGo?si=ooN4CxSSSJsBs-aP
241,Ramji,Strotam,Shri Ram Raksha Stotra:,Shri Ram Raksha Stotra:,True,NYakpChmUb0,https://youtu.be/NYakpChmUb0?si=JIAUkjQRaibfhJsE
242,Ramji,Strotam,Aditya Hridaya Stotra:,Aditya Hridaya Stotra:,True,invPCYDaWUE,https://youtu.be/invPCYDaWUE?si=0CRahD-R2NNXDnCu
243,Ramji,Strotam,Shri Ram Sahasranama Stotra,Shri Ram Sahasranama Stotra,True,yeWPihxDQvA,https://youtu.be/yeWPihxDQvA?si=5TDCOox2vWBbCJzB
244,Ramji,Strotam,Nama Ramayanam,Nama Ramayanam,True,9IqAtf_DTb8,https://youtu.be/9IqAtf_DTb8?si=7qKSbxov-_kWaUeO
245,Ramji,Strotam,Ram Hridaya Stotra,Ram Hridaya Stotra,True,rUmtjKs26dw,https://youtu.be/rUmtjKs26dw?si=JRofuERjRhU5rOtv
246,Ramji,Strotam,Jatayu Krit Shri Ram Stotra,Jatayu Krit Shri Ram Stotra,True,jxgpE4o0zoM,https://youtu.be/jxgpE4o0zoM?si=7XCu8h1e7eQkvotb
247,Ramji,Chalisa,Shri Ram Chalisa,Shri Ram Chalisa,True,MoJw2s6q4P0,https://youtu.be/MoJw2s6q4P0?si=R2XibwgmtcN1lazL
248,Ramji,Ashtakam,Shri Ram Ashtakam,Shri Ram Ashtakam,True,EvfGBluQkSk,https://youtu.be/EvfGBluQkSk?si=6DRbdUZBZsWzEX86
249,Ramji,Stuti,Shri Ramachandra Kripalu Bhaju Man:,Shri Ramachandra Kripalu Bhaju Man:,True,igJHuojQHeo,https://youtu.be/igJHuojQHeo?si=B6vk7vi5KYW6nhYO
250,Ramji,Stuti,Janki Stuti,Janki Stuti,True,RlNJspksnbg,https://youtu.be/RlNJspksnbg?si=jjexZNZPhPFgs0np
251,Ramji,Aarti,Shri Ramachandra Ji Ki Aarti:,Shri Ramachandra Ji Ki Aarti:,True,J5cllhBiAV0,https://youtu.be/J5cllhBiAV0?si=eZFJ95kTQoYeJ4UH
252,Ramji,Aarti,Jag Janani Sita Mata Ki Aarti,Jag Janani Sita Mata Ki Aarti,True,mrH_rSZnxdU,https://youtu.be/mrH_rSZnxdU?si=lYdSNjCKgNuKEo-j
253,Ramji,Aarti,Aarti Shri Ramayan Ji Ki,Aarti Shri Ramayan Ji Ki,True,FVdX-ZhTR4w,https://youtu.be/FVdX-ZhTR4w?si=4dtkjJ7jPjADBS8i
254,Ramji,Aarti,Aarti Shri Raghuvar Lala Ki,Aarti Shri Raghuvar Lala Ki,True,onCk_r8OPe4,https://youtu.be/onCk_r8OPe4?si=IuxtvhlHTntByscC
255,Ramji,Aarti,Aarti Avadh Bihari Ki,Aarti Avadh Bihari Ki,True,ut6AHW2stnk,https://youtu.be/ut6AHW2stnk?si=Ri_AUS3fsqwYS3Qb
256,Ramji,Shloka,Nilambuja Shyamala,Nilambuja Shyamala,True,cqzJBHFeI0Y,https://youtu.be/cqzJBHFeI0Y?si=ahqCNpljz7KMS64U
257,Ramji,Shloka,Ramaya Ramabhadraya,Ramaya Ramabhadraya,True,Hcljk3ygbVc,https://youtu.be/Hcljk3ygbVc?si=oQ__JrPUy6l5dJrn
258,Ramji,Shloka,Lokabhiramam Ranarangadhiram,Lokabhiramam Ranarangadhiram,True,BzUBWzgXJnc,https://youtu.be/BzUBWzgXJnc?si=VOpDb7Yr370nkHUN
259,Ramji,Shloka,"Apadamapahartaram Dataram Sarvasampadam.
Lokabhiramam Shriramam Bhuyo Bhuyo Namamyaham.","Apadamapahartaram Dataram Sarvasampadam.
Lokabhiramam Shriramam Bhuyo Bhuyo Namamyaham.",True,y-Xv63obhKI,https://youtu.be/y-Xv63obhKI?si=M5eZNo40oYpESgJA
260,Ramji,Bhajan,Payo Ji Maine Ram Ratan Dhan Payo,Payo Ji Maine Ram Ratan Dhan Payo,True,pRjGwMSqjZo,https://youtu.be/pRjGwMSqjZo?si=paIzNVFEfqMABUaj
261,Ramji,Bhajan,Thumak Chalat Ramchandra Bajat Painjaniya,Thumak Chalat Ramchandra Bajat Painjaniya,True,PT1CwFIoc98,https://youtu.be/PT1CwFIoc98?si=xAYsyfQq1WC7E0z_
262,Ramji,Bhajan,Shri Ram Janki Baithe Hain Mere Seene Mein,Shri Ram Janki Baithe Hain Mere Seene Mein,True,jxtDNKTnmqY,https://youtu.be/jxtDNKTnmqY?si=wElShzcNXxs7zp4R
263,Ramji,Bhajan,Raghupati Raghav Raja Ram,Raghupati Raghav Raja Ram,True,Gtfufkz68KM,https://youtu.be/Gtfufkz68KM?si=exIeaIdkt21gExXk
264,Ramji,Bhajan,Ram Kahani Suno Re Ram Kahani,Ram Kahani Suno Re Ram Kahani,True,raAgqGKgIU8,https://youtu.be/raAgqGKgIU8?si=imd0TcZyq9jAJfNN
265,Ramji,Bhajan,Nagari Ho Ayodhya Si,Nagari Ho Ayodhya Si,True,ZkKStVgGEJY,https://youtu.be/ZkKStVgGEJY?si=LGnO8DtUL_iEf1ei
266,Ramji,Bhajan,Ram Ji Ki Nikli Sawari,Ram Ji Ki Nikli Sawari,True,bZ-Zrc-GPoc,https://youtu.be/bZ-Zrc-GPoc?si=pLzw80vTt6ty2tJt
267,Ramji,Bhajan,Bhajman Ram Charan Sukhdayi,Bhajman Ram Charan Sukhdayi,True,bhJ8_EqziNY,https://youtu.be/bhJ8_EqziNY?si=FKZ8NHKTs6R1lRUW
268,Ramji,Bhajan,Ram Naam Ke Heere Moti,Ram Naam Ke Heere Moti,True,6BJR_j4FHz4,https://youtu.be/6BJR_j4FHz4?si=hRLU-bLSvuuKWHgs
269,Ramji,Bhajan,Man Mein Ram Basa Le,Man Mein Ram Basa Le,True,eXSq8m8CqGc,https://youtu.be/eXSq8m8CqGc?si=3f43U1aXfPAM58Hi
270,Ramji,Katha,Shri Ram Janm Katha:,Shri Ram Janm Katha:,True,_9mbammZPdU,https://youtu.be/_9mbammZPdU?si=n-ByLRdXdeMlpmHp
271,Ramji,Katha,Shri Ram Ne Kaise Kiya Maa Ahalya Ka Uddhar,Shri Ram Ne Kaise Kiya Maa Ahalya Ka Uddhar,True,x795jwrP6sY,https://youtu.be/x795jwrP6sY?si=Yx3aq_swuDsuga3X
272,Ramji,Katha,Sita Swayamvar Ki Adbhut Katha,Sita Swayamvar Ki Adbhut Katha,True,f_dQkIQqdvs,https://youtu.be/f_dQkIQqdvs?si=VW1LPoO0Ogb4h0pc
273,Ramji,Katha,Shriram Vanvas Ki Katha,Shriram Vanvas Ki Katha,True,vcV_UjRl_OM,https://youtu.be/vcV_UjRl_OM?si=FuwK91gx91kJVKGN
274,Ramji,Katha,Bharat Ram Milap - Katha,Bharat Ram Milap - Katha,True,DF8jiXHJlRA,https://youtu.be/DF8jiXHJlRA?si=LwvO4OoiAxaNRpDV
275,Ramji,Katha,Shriram Ne Bali Ko Chhupkar Kyon Mara?,Shriram Ne Bali Ko Chhupkar Kyon Mara?,True,k7kdm72nBjU,https://youtu.be/k7kdm72nBjU?si=NJnOHq8FVwLrioHv
276,Ramji,Katha,Vijayadashami - Ram Ravan Antim Yudh Ki Sampurn Katha |,Vijayadashami - Ram Ravan Antim Yudh Ki Sampurn Katha |,True,MtbVsknZP-A,https://youtu.be/MtbVsknZP-A?si=EpGnCXoRWCCtKUhi
277,KrishnaJi,Mantra,Beej Mantra,Beej Mantra,True,tnwdmXa8Kcg,https://youtu.be/tnwdmXa8Kcg?si=H4M-lZvX4nwDP-bn
278,KrishnaJi,Mantra,Mukti Mantra,Mukti Mantra,True,felGgBmnx-I,https://youtu.be/felGgBmnx-I?si=YoB5C1tli8tX3Kpx
279,KrishnaJi,Mantra,Mahamantra,Mahamantra,True,Zdcth9NndEA,https://youtu.be/Zdcth9NndEA?si=cBoFKjOpIFF2NbjP
280,KrishnaJi,Mantra,Shri Krishnaya Sharanam Mama,Shri Krishnaya Sharanam Mama,True,1y2tRqtND1Y,https://youtu.be/1y2tRqtND1Y?si=Oc1VslQStdIS9Z13
281,KrishnaJi,Mantra,Om Kleem Krishnaya Namah,Om Kleem Krishnaya Namah,True,WqiKUywr55o,https://youtu.be/WqiKUywr55o?si=sx_88WGHIxnkZoNM
282,KrishnaJi,Mantra,Krishna Gayatri,Krishna Gayatri,True,yzwVyns93nc,https://youtu.be/yzwVyns93nc?si=UqzAJ3pjM1DUhsI7
283,KrishnaJi,Mantra,Gokul Nathaya Namah,Gokul Nathaya Namah,True,qDt6N68WHy8,https://youtu.be/qDt6N68WHy8?si=97ZxYRIXVb01K6_h
284,KrishnaJi,Mantra,Govallabhaya Swaha,Govallabhaya Swaha,True,6w3wN89oLfo,https://youtu.be/6w3wN89oLfo?si=heaJxtbjFicJCK7E
285,KrishnaJi,Mantra,Om Kleem Glaum Kleem Shyamalangaya Namah,Om Kleem Glaum Kleem Shyamalangaya Namah,True,b5T-oidQLAM,https://youtu.be/b5T-oidQLAM?si=JDp71GyzjmCfIrCP
286,KrishnaJi,Strotam,Gopal Sahasranama Stotra,Gopal Sahasranama Stotra,True,sjWftsKY17c,https://youtu.be/sjWftsKY17c?si=mLCx34MI5E8Wd-Yo
287,KrishnaJi,Strotam,Mukunda Mala Stotra,Mukunda Mala Stotra,True,ZTs6tcgm0lE,https://youtu.be/ZTs6tcgm0lE?si=zJdwNIS-eYe8GMet
288,KrishnaJi,Strotam,Shri Krishna Ashtottara Shatanam Stotra (108 Naam),Shri Krishna Ashtottara Shatanam Stotra (108 Naam),True,K3oE-h8Lgxk,https://youtu.be/K3oE-h8Lgxk?si=H2NeiSvZDFyeitvU
289,KrishnaJi,Strotam,Brahma Samhita,Brahma Samhita,True,0pSbpQcCBNc,https://youtu.be/0pSbpQcCBNc?si=uR5GGoDtiu4sh4nB
290,KrishnaJi,Strotam,Narayaneeyam,Narayaneeyam,True,vheWrSxvQf8,https://youtu.be/vheWrSxvQf8?si=WSd_Oh9eIu29WaY4
291,KrishnaJi,Strotam,Santan Gopal Stotra,Santan Gopal Stotra,True,gyLT2Yz_yHo,https://youtu.be/gyLT2Yz_yHo?si=6boX0E4ODR2nuxV9
292,KrishnaJi,Chalisa,Krishna Chalisa,Krishna Chalisa,True,EJufdp0WS0Q,https://youtu.be/EJufdp0WS0Q?si=fLbrGiYjPfMbjZp1
293,KrishnaJi,Chalisa,Gopal Chalisa,Gopal Chalisa,True,hiZB_bwV0R4,https://youtu.be/hiZB_bwV0R4?si=NwWWTjZTLwZtJvLZ
294,KrishnaJi,Ashtakam,Krishna Ashtakam,Krishna Ashtakam,True,PvdeDNeCiQc,https://youtu.be/PvdeDNeCiQc?si=T6FiME_l0gc5pd7S
295,KrishnaJi,Stuti,Bal Mukunda Stuti,Bal Mukunda Stuti,True,0l0Kf_JdzGA,https://youtu.be/0l0Kf_JdzGA?si=sub1fmI9QPj7Pvfy
296,KrishnaJi,Stuti,Radha-Krishna Yugal Stuti,Radha-Krishna Yugal Stuti,True,7VCiJ2N-1EA,https://youtu.be/7VCiJ2N-1EA?si=Twq1UgJi0jETyqeg
297,KrishnaJi,Stuti,Shri Dwarkadhish Ji Ki Shayan Stuti,Shri Dwarkadhish Ji Ki Shayan Stuti,True,5FU1Zb4oXc8,https://youtu.be/5FU1Zb4oXc8?si=iLU2g9Q85rMkbpD_
298,KrishnaJi,Stuti,Kunti Stuti,Kunti Stuti,True,Wc3Ng3y4KL0,https://youtu.be/Wc3Ng3y4KL0?si=Udob2a9WMS6kOpua
299,KrishnaJi,Aarti,Aarti Kunjbihari Ki,Aarti Kunjbihari Ki,True,EMO1AT1UQf0,https://youtu.be/EMO1AT1UQf0?si=YEPhm4K955xBp6RB
300,KrishnaJi,Aarti,Om Jai Shri Krishna Hare,Om Jai Shri Krishna Hare,True,NoX2I_mdzA8,https://youtu.be/NoX2I_mdzA8?si=83tsDkr6saVzcOu3
301,KrishnaJi,Aarti,Aarti Shri Banke Bihari Teri Aarti Gaun,Aarti Shri Banke Bihari Teri Aarti Gaun,True,6LO2PRgbutc,https://youtu.be/6LO2PRgbutc?si=yww6-9PsBDlf4jy1
302,KrishnaJi,Aarti,"Jai Kanha Kala, Prabhu Jai Kanha Kala","Jai Kanha Kala, Prabhu Jai Kanha Kala",True,t_ULrM1Ei6k,https://youtu.be/t_ULrM1Ei6k?si=1ZDLM8HZvDtov936
303,KrishnaJi,Aarti,Aarti Shri Bal Krishna Ji Ki,Aarti Shri Bal Krishna Ji Ki,True,xlaAaxz_tpQ,https://youtu.be/xlaAaxz_tpQ?si=2ky0i3tyEWSaLvi0
304,KrishnaJi,Aarti,Aarti Jugal Kishore Ki,Aarti Jugal Kishore Ki,True,6em96KXH2uY,https://youtu.be/6em96KXH2uY?si=3lnyN7ceeQdMOk9s
305,KrishnaJi,Aarti,Jai Jagdish Hare,Jai Jagdish Hare,True,3ucCEjXS9n8,https://youtu.be/3ucCEjXS9n8?si=xmxtRMfp2MqjYvJP
306,KrishnaJi,Aarti,Dwarkadhish Aarti,Dwarkadhish Aarti,True,Eadz0b0AK4M,https://youtu.be/Eadz0b0AK4M?si=PDjr0UDP8HdWcMPs
307,KrishnaJi,Shloka,Vasudevasutam Devam,Vasudevasutam Devam,True,DdnIrdIyXPk,https://youtu.be/DdnIrdIyXPk?si=J0UsLQg_mLhBHqx8
308,KrishnaJi,Shloka,Mukam Karoti Vachalam,Mukam Karoti Vachalam,True,AkCYiUsdArw,https://youtu.be/AkCYiUsdArw?si=jLgaTztsiNDDIvg5
309,KrishnaJi,Shloka,Yada Yada Hi Dharmasya,Yada Yada Hi Dharmasya,True,1AOgbhmP0ig,https://youtu.be/1AOgbhmP0ig?si=HztCRx46d8XXa16m
310,KrishnaJi,Shloka,Karmanyevadhikaraste,Karmanyevadhikaraste,True,m0VD0vSXNXQ,https://youtu.be/m0VD0vSXNXQ?si=rYvcj8atb4ReJtxk
311,KrishnaJi,Shloka,Sarvadharmanparityajya,Sarvadharmanparityajya,True,iNgFM6NKDxQ,https://youtu.be/iNgFM6NKDxQ?si=HeemCWcs6L3oteQQ
312,KrishnaJi,Shloka,He Krishna Karuna Sindhu,He Krishna Karuna Sindhu,True,k6oKjApcd8k,https://youtu.be/k6oKjApcd8k?si=iALtB1Cbee031oOL
313,KrishnaJi,Bhajan,Achyutam Keshavam Krishna Damodaram,Achyutam Keshavam Krishna Damodaram,True,3yczGKnskts,https://youtu.be/3yczGKnskts?si=kXnjK3iThd_asoFy
314,KrishnaJi,Bhajan,Sanwali Surat Pe Mohan Dil Deewana Ho Gaya,Sanwali Surat Pe Mohan Dil Deewana Ho Gaya,True,yaw7T0GnNr0,https://youtu.be/yaw7T0GnNr0?si=h1dYb9144M_yWkUP
315,KrishnaJi,Bhajan,Chhoti Chhoti Gaiya Chhote Chhote Gwal,Chhoti Chhoti Gaiya Chhote Chhote Gwal,True,XzqJUoSDHZU,https://youtu.be/XzqJUoSDHZU?si=8-LAQkUg8tq7ov6T
316,KrishnaJi,Bhajan,Shyam Teri Bansi Pukare Radha Naam,Shyam Teri Bansi Pukare Radha Naam,True,XJqKbDxAa3U,https://youtu.be/XJqKbDxAa3U?si=8QX2YAec4EyoDiPP
317,KrishnaJi,Bhajan,Yashomati Maiya Se Bole Nandlala,Yashomati Maiya Se Bole Nandlala,True,yWTN6bsDWN4,https://youtu.be/yWTN6bsDWN4?si=Lzw6_QbV5g85uOt9
318,KrishnaJi,Bhajan,Kanhaiya Le Chal Parli Paar,Kanhaiya Le Chal Parli Paar,True,cdc_bgVMkOs,https://youtu.be/cdc_bgVMkOs?si=iecRdyTDMAfElETW
319,KrishnaJi,Bhajan,Nand Ke Anand Bhayo Jai Kanhaiya Lal Ki,Nand Ke Anand Bhayo Jai Kanhaiya Lal Ki,True,rSKgqcv-eoc,https://youtu.be/rSKgqcv-eoc?si=ncBCgt4hMLfctP-G
320,KrishnaJi,Bhajan,Badi Der Bhai Nandlala,Badi Der Bhai Nandlala,True,dheA6Pqjtm4,https://youtu.be/dheA6Pqjtm4?si=RiRbLmj8Bev2rpIx
321,KrishnaJi,Bhajan,Meethe Ras Se Bharyodi Radharani Lage,Meethe Ras Se Bharyodi Radharani Lage,True,SMBeENVIFjk,https://youtu.be/SMBeENVIFjk?si=WUZ0mVEySHXROaQ2
322,KrishnaJi,Katha,Shri Krishna Janm Katha:,Shri Krishna Janm Katha:,True,DCkMeVhmiC4,https://youtu.be/DCkMeVhmiC4?si=jcdhcguIvw6rcsQE
323,KrishnaJi,Katha,Kaliya Naag Mardan,Kaliya Naag Mardan,True,AB2sbXuL9kQ,https://youtu.be/AB2sbXuL9kQ?si=MElc9dj-urTPQgvo
324,KrishnaJi,Katha,Govardhan Ji Katha,Govardhan Ji Katha,True,mmVbmowFswQ,https://youtu.be/mmVbmowFswQ?si=pZE5fw0QkulqRM2W
325,KrishnaJi,Katha,Makhan Chori Leela,Makhan Chori Leela,True,-AXtzS1ytAc,https://youtu.be/-AXtzS1ytAc?si=5FAkilAIp3wx-dXp
326,KrishnaJi,Katha,Shrikrishna Ne Kiya Kans Ka Vadh,Shrikrishna Ne Kiya Kans Ka Vadh,True,adxlvgEH10Y,https://youtu.be/adxlvgEH10Y?si=REKtFgT6xzkRzPjN
327,KrishnaJi,Katha,Sudama Charitra,Sudama Charitra,True,U2Eoov4alUA,https://youtu.be/U2Eoov4alUA?si=ac_jo8SuW3a-_23H
328,KrishnaJi,Katha,Draupadi Cheer Haran Ek Dardnak Satya Kahani,Draupadi Cheer Haran Ek Dardnak Satya Kahani,True,-fUdc_XQ_r8,https://youtu.be/-fUdc_XQ_r8?si=KKo6QkS23XZzJqmh
329,KrishnaJi,Katha,Narkasur Vadh Katha...,Narkasur Vadh Katha...,True,lnoXCvbRetI,https://youtu.be/lnoXCvbRetI?si=VVTxM9JEQj9a8_Y7
330,DurjaJi,Mantra,Beej Mantra,Beej Mantra,True,jB4aaP2X7S4,https://youtu.be/jB4aaP2X7S4?si=fNw_s_3Ep9aH-uJZ
331,DurjaJi,Mantra,Navarna Mantra,Navarna Mantra,True,cdlS1XC3Gus,https://youtu.be/cdlS1XC3Gus?si=k-Ox-2oKGYu1DiOb
332,DurjaJi,Mantra,Sarvamangala Mangalye,Sarvamangala Mangalye,True,Yof1Vrh5TK0,https://youtu.be/Yof1Vrh5TK0?si=s3diaEG-5Tn4r_2c
333,DurjaJi,Mantra,Om Hreem Dum Durgayai Namah,Om Hreem Dum Durgayai Namah,True,GHBynIok2Lo,https://youtu.be/GHBynIok2Lo?si=uHYmAAtpv22yQ64n
334,DurjaJi,Mantra,Ya Devi Sarvabhuteshu,Ya Devi Sarvabhuteshu,True,hiBxKwtn08Q,https://youtu.be/hiBxKwtn08Q?si=2-hlooiVaBcLrIbb
335,DurjaJi,Mantra,Saubhagya Prapti Hetu,Saubhagya Prapti Hetu,True,OKRVaXU01kI,https://youtu.be/OKRVaXU01kI?si=3YMdFbLtHjcGJ4sE
336,DurjaJi,Mantra,Sharanagata Deenarta,Sharanagata Deenarta,True,O0dGIsqbMsw,https://youtu.be/O0dGIsqbMsw?si=shotKSeK8r1k9C7N
337,DurjaJi,Mantra,Jayanti Mangala Kali,Jayanti Mangala Kali,True,r66ySZ7iipM,https://youtu.be/r66ySZ7iipM?si=FM_yp5XcLh9cQ4q0
338,DurjaJi,Mantra,Srishtisthitivinashanam,Srishtisthitivinashanam,True,BmoR0Wdw62Y,https://youtu.be/BmoR0Wdw62Y?si=XrxETRzByga49y4q
339,DurjaJi,Mantra,Durga Gayatri,Durga Gayatri,True,01mE3zDTifE,https://youtu.be/01mE3zDTifE?si=SoXuQjej3MBXv8AX
340,DurjaJi,Strotam,Durga Saptashati:,Durga Saptashati:,True,Cn_MBUfZSQo,https://youtu.be/Cn_MBUfZSQo?si=RyVPFTFe6tGrNzAX
341,DurjaJi,Strotam,Shri Argala Stotram,Shri Argala Stotram,True,YD0eXOX6gbo,https://youtu.be/YD0eXOX6gbo?si=imwcbkJIn2dnyT97
342,DurjaJi,Strotam,Keelak Stotram,Keelak Stotram,True,5hPQUvaahhg,https://youtu.be/5hPQUvaahhg?si=cqtLDH7VLQkac6QA
343,DurjaJi,Strotam,Siddha Kunjika Stotra:,Siddha Kunjika Stotra:,True,m8koxlMwZBQ,https://youtu.be/m8koxlMwZBQ?si=mh01vb9TnBQKXSA6
344,DurjaJi,Strotam,Devi Atharvashirsha,Devi Atharvashirsha,True,edDTogeyCbI,https://youtu.be/edDTogeyCbI?si=AOTg_gvIfbq5CZxC
345,DurjaJi,Strotam,Durga Ashtottara Shatanam Stotra (108 Naam),Durga Ashtottara Shatanam Stotra (108 Naam),True,sAmQN4pox2I,https://youtu.be/sAmQN4pox2I?si=J09EISlVTH8pxduh
346,DurjaJi,Strotam,Mahishasuramardini Stotra,Mahishasuramardini Stotra,True,4CKpFcQdJXk,https://youtu.be/4CKpFcQdJXk?si=2OkdCoCBxDs78Tcv
347,DurjaJi,Strotam,Devyaparadhakshamapan Stotra,Devyaparadhakshamapan Stotra,True,bHVtLb9ulLI,https://youtu.be/bHVtLb9ulLI?si=QSFicf7SbPqwDAj0
348,DurjaJi,Strotam,Durga Kavach,Durga Kavach,True,mKvxMv3XrWA,https://youtu.be/mKvxMv3XrWA?si=EvZPdf6e3LLIrBmF
349,DurjaJi,Chalisa,Shri Durga Chalisa,Shri Durga Chalisa,True,fsMzgFMMGxA,https://youtu.be/fsMzgFMMGxA?si=vMcngDgu3vYUf4te
350,DurjaJi,Ashtakam,Shri Durga Ashtakam,Shri Durga Ashtakam,True,7hpt3DFGsgk,https://youtu.be/7hpt3DFGsgk?si=45BB1NayOe2rS_lH
351,DurjaJi,Ashtakam,Bhavani Ashtakam,Bhavani Ashtakam,True,KHQGmOCP7hQ,https://youtu.be/KHQGmOCP7hQ?si=L4kZDdZJP8wnbERN
352,DurjaJi,Stuti,Durga Kshama Prarthana:,Durga Kshama Prarthana:,True,3AwodovEc0k,https://youtu.be/3AwodovEc0k?si=9W4WxeT0tqcjxqYF
353,DurjaJi,Stuti,Devi Stuti:,Devi Stuti:,True,98tKisf10-I,https://youtu.be/98tKisf10-I?si=f1PmcHWoeyC0xT7A
354,DurjaJi,Stuti,Brahmakrit Devi Stuti,Brahmakrit Devi Stuti,True,FCbDRLU0Myo,https://youtu.be/FCbDRLU0Myo?si=IoI0iDvLF12CGPQt
355,DurjaJi,Stuti,Shailputri Stuti (Navdurga Ki Pratham Stuti),Shailputri Stuti (Navdurga Ki Pratham Stuti),True,-F8zV3pMZA0,https://youtu.be/-F8zV3pMZA0?si=dvF2Hygp_GMOwI5C
356,DurjaJi,Stuti,Siddhidatri Stuti,Siddhidatri Stuti,True,_A4sg_F1Za4,https://youtu.be/_A4sg_F1Za4?si=ha8pQ_NJgTiJwJvV
357,DurjaJi,Aarti,"Jai Ambe Gauri, Maiya Jai Shyama Gauri (Sabse Prasidh)","Jai Ambe Gauri, Maiya Jai Shyama Gauri (Sabse Prasidh)",True,-rKAOaS7Q3I,https://youtu.be/-rKAOaS7Q3I?si=l89QDnB3pqc2rsJx
358,DurjaJi,Aarti,"Ambe Tu Hai Jagdambe Kali, Jai Durge Khappar Wali","Ambe Tu Hai Jagdambe Kali, Jai Durge Khappar Wali",True,dVTUUtOHUCA,https://youtu.be/dVTUUtOHUCA?si=Uk_2RDtvaypwtFhK
359,DurjaJi,Aarti,Jai Saraswati Mata,Jai Saraswati Mata,True,TTVAyS9wOV4,https://youtu.be/TTVAyS9wOV4?si=lwrEOKvRzRWGLKkD
360,DurjaJi,Aarti,Aarti Vindhyeshwari Mata Ki,Aarti Vindhyeshwari Mata Ki,True,Wa0K7gf7BUs,https://youtu.be/Wa0K7gf7BUs?si=NHJofs11z4hjbs9d
361,DurjaJi,Aarti,Aarti Sheetla Mata Ki,Aarti Sheetla Mata Ki,True,SVO3zWQVbIQ,https://youtu.be/SVO3zWQVbIQ?si=g0bAIqtMwdXLbBew
362,DurjaJi,Aarti,Jai Vaishnav Mata Aarti,Jai Vaishnav Mata Aarti,True,7TMeGrAiYXg,https://youtu.be/7TMeGrAiYXg?si=trZ1yP_Ejvtw9smG
363,DurjaJi,Aarti,Mata Chamunda Devi Ji Ki Aarti,Mata Chamunda Devi Ji Ki Aarti,True,X6rKpVJoxaQ,https://youtu.be/X6rKpVJoxaQ?si=4bKv512qTO2pl7fJ
364,DurjaJi,Aarti,Bhor Bhai Din Chadh Gaya Meri Ambe,Bhor Bhai Din Chadh Gaya Meri Ambe,True,A4WW9ezwazc,https://youtu.be/A4WW9ezwazc?si=8R3ZrJ_Yn27l_iQS
365,DurjaJi,Shloka,Sarvamangala Mangalye,Sarvamangala Mangalye,True,ZdBVEV5u2To,https://youtu.be/ZdBVEV5u2To?si=em-5O2iYoV9z50BF
366,DurjaJi,Shloka,Ya Devi Sarvabhuteshu,Ya Devi Sarvabhuteshu,True,3hNchYO61N0,https://youtu.be/3hNchYO61N0?si=6cEKmQN6_sHFHNOp
367,DurjaJi,Shloka,Jayanti Mangala Kali,Jayanti Mangala Kali,True,r66ySZ7iipM,https://youtu.be/r66ySZ7iipM?si=NEjamA32NPb6T0qz
368,DurjaJi,Shloka,Saubhagya Prapti Hetu,Saubhagya Prapti Hetu,True,OKRVaXU01kI,https://youtu.be/OKRVaXU01kI?si=_uw6ukhpng-Bgeg6
369,DurjaJi,Shloka,Sharanagata Deenarta,Sharanagata Deenarta,True,O0dGIsqbMsw,https://youtu.be/O0dGIsqbMsw?si=YMDdBnbEnw14QNiR
370,DurjaJi,Bhajan,Tune Mujhe Bulaya Sherawaliye,Tune Mujhe Bulaya Sherawaliye,True,kQiH4Qk63d4,https://youtu.be/kQiH4Qk63d4?si=xJ20b6pNl1tzb3WQ
371,DurjaJi,Bhajan,"Chalo Bulawa Aaya Hai, Mata Ne Bulaya Hai","Chalo Bulawa Aaya Hai, Mata Ne Bulaya Hai",True,UIvpNrP4WQs,https://youtu.be/UIvpNrP4WQs?si=TYg6D7vN9AGO-z1B
372,DurjaJi,Bhajan,Nange Nange Paon Chala Aa Gaya Ri Maiya,Nange Nange Paon Chala Aa Gaya Ri Maiya,True,2XpXPwJYoQ8,https://youtu.be/2XpXPwJYoQ8?si=_vr7sS1wOceTQRuV
373,DurjaJi,Bhajan,Bheja Hai Bulawa Tune Sherawaliye,Bheja Hai Bulawa Tune Sherawaliye,True,Xx1Cn67LaEE,https://youtu.be/Xx1Cn67LaEE?si=FGsgWDyBnyKTM23T
374,DurjaJi,Bhajan,Maiya Ka Chola Hai Rangla,Maiya Ka Chola Hai Rangla,True,IHyTxAR51Ow,https://youtu.be/IHyTxAR51Ow?si=s3YaBX3DMcnlWt3a
375,DurjaJi,Bhajan,Man Leke Aaya Mata Rani Ke Bhavan Mein,Man Leke Aaya Mata Rani Ke Bhavan Mein,True,UUAJFjov7Xo,https://youtu.be/UUAJFjov7Xo?si=PVM9wcbMaKarr7VK
376,DurjaJi,Bhajan,Pyara Saja Hai Tera Dwar Bhawani,Pyara Saja Hai Tera Dwar Bhawani,True,M0E506vc8r0,https://youtu.be/M0E506vc8r0?si=JsUayaaeFsxPeJfO
377,DurjaJi,Bhajan,Maiya Teri Jai Jaikar,Maiya Teri Jai Jaikar,True,9w9SVujBfxo,https://youtu.be/9w9SVujBfxo?si=AtgSefqNs0QBxKeN
378,DurjaJi,Bhajan,Lali Lali Lal Chunariya,Lali Lali Lal Chunariya,True,APztwI6m1KI,https://youtu.be/APztwI6m1KI?si=6ZVQo_B3b2opJ6nP
379,DurjaJi,Katha,Mahishasur Vadh Ki Katha:,Mahishasur Vadh Ki Katha:,True,GM-1L-Hglnw,https://youtu.be/GM-1L-Hglnw?si=_teScPV7tR8KzYXg
380,DurjaJi,Katha,Shumbh-Nishumbh Vadh Ki Katha,Shumbh-Nishumbh Vadh Ki Katha,True,gxbN66VZYg8,https://youtu.be/gxbN66VZYg8?si=cQSq0GNZhJhrZq7H
381,DurjaJi,Katha,Madhu-Kaitabh Vadh Ki Katha,Madhu-Kaitabh Vadh Ki Katha,True,nfcB83GU-_A,https://youtu.be/nfcB83GU-_A?si=zXSza_hbe-7mKa68
382,DurjaJi,Katha,Mata Sati Aur 51 Shaktipeeth Ki Katha,Mata Sati Aur 51 Shaktipeeth Ki Katha,True,8SdAQcExa0E,https://youtu.be/8SdAQcExa0E?si=ts9zw3Z2pRUl_coi
383,DurjaJi,Katha,Navdurga Ke 9 Rupon Ki Katha:,Navdurga Ke 9 Rupon Ki Katha:,True,MsuWbBoSwX8,https://youtu.be/MsuWbBoSwX8?si=IFfR6QCJJe2EqkWh
384,DurjaJi,Katha,Vaishno Devi Ki Katha:,Vaishno Devi Ki Katha:,True,3H_zLywdgvE,https://youtu.be/3H_zLywdgvE?si=eWQbQtfcA4zP25oc
385,DurjaJi,Katha,Raktabeej Vadh Ki Katha:,Raktabeej Vadh Ki Katha:,True,ApZoQJ8UK_8,https://youtu.be/ApZoQJ8UK_8?si=BGN6jaJOsMmfcwqb
386,DurjaJi,Katha,Mata Parvati Ka Kathin Tap Aur Shiv Se Vivah,Mata Parvati Ka Kathin Tap Aur Shiv Se Vivah,True,LUzsbfl93Q4,https://youtu.be/LUzsbfl93Q4?si=JYCRHHaA6P3eVuyU
387,SubahUthteHi,misc,Karadarshanam,Karadarshanam,True,UJZZyryDK00,https://youtu.be/UJZZyryDK00?si=rnb6ybLJ1g19xgWw
388,SubahUthteHi,misc,Prithvi Kshama Prarthana,Prithvi Kshama Prarthana,True,Is7xRqhvlvU,https://youtube.com/shorts/Is7xRqhvlvU?si=qARyNsuIj0WI9zTT
389,SubahUthteHi,misc,Navgrah Prabhat Mantra,Navgrah Prabhat Mantra,True,A01Ms9WILjA,https://youtube.com/shorts/A01Ms9WILjA?si=KGdLKpQz4FqoFG9l
390,SubahUthteHi,misc,Mangal Smaran Mantra,Mangal Smaran Mantra,True,aOHRIfSBjwY,https://youtube.com/shorts/aOHRIfSBjwY?si=zMFYh2Zdz7XqFqEC
391,SubahUthteHi,misc,Panchkanya Smaran,Panchkanya Smaran,True,r4k-aM0MJ2w,https://youtube.com/shorts/r4k-aM0MJ2w?si=Qjs577cDJd79KsFl
392,NahaneKeSamay,misc,Snan Mantra,Snan Mantra,True,psLJhxiQ85o,https://youtu.be/psLJhxiQ85o?si=2-SNh1BWmsciWde8
393,NahaneKeSamay,misc,Varun Mantra,Varun Mantra,True,xD_nK8TBYUQ,https://youtu.be/xD_nK8TBYUQ?si=TjCJDoV0_CM_-6Xh
394,NahaneKeBaad,misc,Surya Arghya,Surya Arghya,True,R-DMV8NHR3g,https://youtube.com/shorts/R-DMV8NHR3g?si=EIPgctHvzEgL2I5Q
395,NahaneKeBaad,misc,Gayatri Mantra,Gayatri Mantra,True,DnPBZvI1YCg,https://youtube.com/shorts/DnPBZvI1YCg?si=2O3c1NfZk4fj_OzH
396,NahaneKeBaad,misc,Shiv Panchakshar,Shiv Panchakshar,True,AK-fDVxDV6A,https://youtube.com/shorts/AK-fDVxDV6A?si=hJqXBNcFgGpUmF7A
397,NahaneKeBaad,misc,Chandan Lagane Ka Mantra,Chandan Lagane Ka Mantra,True,gzd3cfS-SIE,https://youtube.com/shorts/gzd3cfS-SIE?si=LbgxNx5RT8Dak9i3
398,NahaneKeBaad,misc,Tulsi Prarthana,Tulsi Prarthana,True,_fGRay5SF5k,https://youtube.com/shorts/_fGRay5SF5k?si=NRI8iKUB1ASVK3nK
399,BhojanSePehle,misc,Brahmarpan Mantra,Brahmarpan Mantra,True,CY0le0A1spY,https://youtu.be/CY0le0A1spY?si=FnNo2p4vCGM_2sQi
400,BhojanSePehle,misc,Annapurna Stuti,Annapurna Stuti,True,RM8VZu4aFFA,https://youtube.com/shorts/RM8VZu4aFFA?si=hcKNCncaQbr3yGl6
401,BhojanSePehle,misc,Shanti Mantra,Shanti Mantra,True,iRVIbOMymj0,https://youtu.be/iRVIbOMymj0?si=p9yfDWWAsb63wtMq
402,BhojanKeBaad,misc,Agastya Mantra,Agastya Mantra,True,IXIA0ua2WDs,https://youtube.com/shorts/IXIA0ua2WDs?si=4cKvCmZ8Ew4lFZnq
403,BhojanKeBaad,misc,Kritagyata,Kritagyata,True,RqWyAbDZkxg,https://youtu.be/RqWyAbDZkxg?si=FTezx_rtvlQGO4hP
404,BhojanKeBaad,misc,Charanamrit Mantra,Charanamrit Mantra,True,1z4ohQ5wjVQ,https://youtube.com/shorts/1z4ohQ5wjVQ?si=qFSjLi160P6jWR1Q
405,PoojaKeSamay,misc,Aasan Mantra,Aasan Mantra,True,yXymIcFJVTY,https://youtu.be/yXymIcFJVTY?si=E3QSPPbXbaayLBXy
406,PoojaKeSamay,misc,Deep Mantra,Deep Mantra,True,jBIA9Ap-VR0,https://youtube.com/shorts/jBIA9Ap-VR0?si=3Gxj8KQQsu6h2icW
407,PoojaKeSamay,misc,Ganesh Vandana,Ganesh Vandana,True,hzQqfRM-mtA,https://youtube.com/shorts/hzQqfRM-mtA?si=whkvJBQngpHbomLh
408,PoojaKeSamay,misc,Guru Vandana,Guru Vandana,True,ycvqpPFyQSU,https://youtube.com/shorts/ycvqpPFyQSU?si=tJjnZm6QMTDBoMPY
409,PoojaKeSamay,misc,Kayena Vacha,Kayena Vacha,True,CAc9h7oTjrM,https://youtu.be/CAc9h7oTjrM?si=VVFbSow3YEgGraj0
410,PoojaKeSamay,misc,Aachaman Mantra,Aachaman Mantra,True,EeGBRq880uU,https://youtu.be/EeGBRq880uU?si=5C-5VPQu7MQKBmTM
411,PoojaKeSamay,misc,Pushpanjali Shloka,Pushpanjali Shloka,True,vYcSZAYfzaM,https://youtube.com/shorts/vYcSZAYfzaM?si=x1ZVFUHW2SanoxGv
412,PoojaKeBaad,misc,Purnamadah Mantra,Purnamadah Mantra,True,l-Ky7bRU7Ys,https://youtube.com/shorts/l-Ky7bRU7Ys?si=O7bu3zjBGyfRjwVm
413,PoojaKeBaad,misc,Pradakshina Mantra,Pradakshina Mantra,True,5fSrgIFS_EM,https://youtube.com/shorts/5fSrgIFS_EM?si=URx57pYNWGu7fTip
414,SoneSePehle,misc,Hanuman Mantra,Hanuman Mantra,True,2dv4rUhuBEg,https://youtu.be/2dv4rUhuBEg?si=uTSd8zAclqdT1YTC
415,SoneSePehle,misc,Raksha Mantra,Raksha Mantra,True,DkoN-b0YrAs,https://youtu.be/DkoN-b0YrAs?si=7Oa0wGZzVspJfpt9
416,SoneSePehle,misc,Shayan Mantra,Shayan Mantra,True,W8_pcfb0Mgk,https://youtube.com/shorts/W8_pcfb0Mgk?si=Nb9rTpxGI6TMzTDo
417,SoneSePehle,misc,Kshama Yachana,Kshama Yachana,True,zM3ML2Exxlo,https://youtu.be/zM3ML2Exxlo?si=YJtOX3Gvds7hHr85
418,SoneSePehle,misc,Vishnu Smaran,Vishnu Smaran,True,G-LD7NIP8Vs,https://youtube.com/shorts/G-LD7NIP8Vs?si=spLFLTo06gHTTYLv
419,peace_of_mind,Mantra,Om Chanting,Om Chanting,True,8sYK7lm3UKg,https://youtu.be/8sYK7lm3UKg?si=KT8XY7gMP0pyZAwq
420,peace_of_mind,Mantra,Gayatri Mantra,Gayatri Mantra,True,nwRoHC83wx0,https://youtu.be/nwRoHC83wx0?si=f1Akd4C3BSvXNJaE
421,peace_of_mind,Mantra,Shanti Mantra,Shanti Mantra,True,iRVIbOMymj0,https://youtu.be/iRVIbOMymj0?si=p9yfDWWAsb63wtMq
422,peace_of_mind,Mantra,Mahamrityunjay Mantra,Mahamrityunjay Mantra,True,OV9LXGOXjgs,https://youtu.be/OV9LXGOXjgs?si=0izGm1eYkmBS0343
423,peace_of_mind,Mantra,Panchakshari Mantra,Panchakshari Mantra,True,bc1obsjb58c,https://youtu.be/bc1obsjb58c?si=oQIb1G1Fx1wOJ8Gw
424,peace_of_mind,Mantra,Mahamantra,Mahamantra,True,Zdcth9NndEA,https://youtu.be/Zdcth9NndEA?si=cBoFKjOpIFF2NbjP
425,peace_of_mind,Mantra,Mool Beej Mantra,Mool Beej Mantra,True,Naruxgq6oMU,https://youtu.be/Naruxgq6oMU?si=xqSFGrw15ZFcqKY-
426,peace_of_mind,Mantra,Sarvesham Shanti,Sarvesham Shanti,True,uZeqfUN1JQ0,https://youtu.be/uZeqfUN1JQ0?si=Lb68rZWdE5QOk92U
427,peace_of_mind,Mantra,Buddha Mantra,Buddha Mantra,True,ntpeQR7K0PI,https://youtu.be/ntpeQR7K0PI?si=4_9jjQ1cbxYs7wRa
428,peace_of_mind,Mantra,Loka Samasta,Loka Samasta,True,kEqrQNWUVR0,https://youtu.be/kEqrQNWUVR0?si=QM6gM9QnfS6W2hi6
429,peace_of_mind,Mantra,Saraswati Mantra,Saraswati Mantra,True,-NqX8zOZ62w,https://youtu.be/-NqX8zOZ62w?si=DWcjvgR9t3KYkz-D
430,peace_of_mind,Mantra,Hanuman Mantra,Hanuman Mantra,True,D46fCp06EfE,https://youtu.be/D46fCp06EfE?si=5_BNw_uMCsqb0prg
431,peace_of_mind,Mantra,Asato Ma,Asato Ma,True,Vwyo62x9yC4,https://youtu.be/Vwyo62x9yC4?si=M6kkN6Ue85KVUV8i
432,peace_of_mind,Mantra,Guru Mantra,Guru Mantra,True,jXPk7TnZC4c,https://youtu.be/jXPk7TnZC4c?si=3IMkISoz8uz7DN_R
433,peace_of_mind,Mantra,Nirvana Shatakam,Nirvana Shatakam,True,evTvChlKhwU,https://youtu.be/evTvChlKhwU?si=wgMr2Xt6m0Iqp9nf
434,peace_of_mind,Mantra,Mahalakshmi Beej Mantra,Mahalakshmi Beej Mantra,True,bcs4geISuy0,https://youtu.be/bcs4geISuy0?si=iIlUMsgUwP0VAQdf
435,peace_of_mind,Mantra,So-Ham Mantra,So-Ham Mantra,True,0RuobL60yXw,https://youtu.be/0RuobL60yXw?si=YucAR53psxKFia7Z
436,peace_of_mind,Mantra,Beej Mantra,Beej Mantra,True,jB4aaP2X7S4,https://youtu.be/jB4aaP2X7S4?si=fNw_s_3Ep9aH-uJZ
437,peace_of_mind,Mantra,Ra Ma Da Sa,Ra Ma Da Sa,True,Q4O3nI0bEWo,https://youtu.be/Q4O3nI0bEWo?si=_xW_NCBXUyH3J6Em
438,peace_of_mind,Mantra,Aham Brahmasmi,Aham Brahmasmi,True,25jTq5q9xTg,https://youtu.be/25jTq5q9xTg?si=vzbCaQs5brOhmYv9
439,peace_of_mind,Mantra,Shri Ram Jai Ram Jai Jai Ram,Shri Ram Jai Ram Jai Jai Ram,True,-1udu-1LpOo,https://youtu.be/-1udu-1LpOo?si=pmbGDDSFyq5uJhX0
440,peace_of_mind,Mantra,Shri Krishnaya Sharanam Mama,Shri Krishnaya Sharanam Mama,True,1y2tRqtND1Y,https://youtu.be/1y2tRqtND1Y?si=wVq_YTMXmSeZFrYr
441,peace_of_mind,Mantra,Om Namo Narayanaya,Om Namo Narayanaya,True,BLn-f2DZN4Y,https://youtu.be/BLn-f2DZN4Y?si=tdz0GGjNGQIWYzX4
442,peace_of_mind,Mantra,Tvameva Mata Cha Pita Tvameva,Tvameva Mata Cha Pita Tvameva,True,JSVctoNlPKs,https://youtu.be/JSVctoNlPKs?si=W7kvcuUvTsv_KM5A
443,peace_of_mind,Mantra,Achyutam Keshavam Krishna Damodaram,Achyutam Keshavam Krishna Damodaram,True,3yczGKnskts,https://youtu.be/3yczGKnskts?si=kXnjK3iThd_asoFy
444,peace_of_mind,Mantra,Mool Beej Mantra,Mool Beej Mantra,True,Naruxgq6oMU,https://youtu.be/Naruxgq6oMU?si=FcMrbfkDJoW6MNjX
445,peace_of_mind,Strotam,Nirvana Shatakam,Nirvana Shatakam,True,nkH47o7C8ew,https://youtu.be/nkH47o7C8ew?si=9laW-JgmfyfmaMTO
446,peace_of_mind,Strotam,Lingashtakam,Lingashtakam,True,gW-Cz2AIWOs,https://youtu.be/gW-Cz2AIWOs?si=J6a3b6OtnI-WH5RG
447,peace_of_mind,Strotam,Shiv Manas Puja,Shiv Manas Puja,True,zukqadAe9N8,https://youtu.be/zukqadAe9N8?si=M1D-iNfUXiTaOKDm
448,peace_of_mind,Strotam,Madhurashtakam,Madhurashtakam,True,sdZpM8paUnM,https://youtu.be/sdZpM8paUnM?si=nAeAA34E_6X4S8uO
449,peace_of_mind,Strotam,Shri Hari Stotram,Shri Hari Stotram,True,gsHIPGDctJ0,https://youtu.be/gsHIPGDctJ0?si=lAIFco1_0UhAKruS
450,peace_of_mind,Strotam,Guruvashtakam,Guruvashtakam,True,pv7ZiedzncE,https://youtu.be/pv7ZiedzncE?si=qJEhamSNR06brz_v
451,peace_of_mind,Strotam,Dakshinamurti Stotram,Dakshinamurti Stotram,True,LNrQLgfTGJA,https://youtu.be/LNrQLgfTGJA?si=Ny6Y5AKVVghnbuXG
452,peace_of_mind,Strotam,Shri Ram Ashtakam,Shri Ram Ashtakam,True,EvfGBluQkSk,https://youtu.be/EvfGBluQkSk?si=7z6NrixCl74aIvH_
453,peace_of_mind,Strotam,Bilvashtakam,Bilvashtakam,True,rZVj0e-KP2Y,https://youtu.be/rZVj0e-KP2Y?si=3qFzBksINIHjQhL9
454,peace_of_mind,Strotam,Krishna Ashtakam,Krishna Ashtakam,True,PvdeDNeCiQc,https://youtu.be/PvdeDNeCiQc?si=GEiACiPyXCFv9oen
455,peace_of_mind,Stuti,Karadarshanam,Karadarshanam,True,UJZZyryDK00,https://youtu.be/UJZZyryDK00?si=pS4DwK9XFn84QOnQ
456,peace_of_mind,Stuti,Shri Ramchandra Kripalu,Shri Ramchandra Kripalu,True,leVoi6kkp3o,https://youtu.be/leVoi6kkp3o?si=v3atP52xIcpUEFs8
457,peace_of_mind,Stuti,Shiv Rudrashtakam Stuti,Shiv Rudrashtakam Stuti,True,8xvbnfVIJL4,https://youtu.be/8xvbnfVIJL4?si=nj45iNF3J8MaTlA_
458,peace_of_mind,Stuti,Shantakaram Bhujagashayanam Padmanabham Suresham,Shantakaram Bhujagashayanam Padmanabham Suresham,True,Im5TK-glA9M,https://youtu.be/Im5TK-glA9M?si=9nkexVkWvXGF3cUA
459,peace_of_mind,Stuti,Shiv Manas Stuti,Shiv Manas Stuti,True,HblVEP-ecEo,https://youtu.be/HblVEP-ecEo?si=XaU9U-v4WoR7-NDE
460,peace_of_mind,Stuti,Saraswati Stuti,Saraswati Stuti,True,Njc1Hu6WPDU,https://youtu.be/Njc1Hu6WPDU?si=2e_xq2AoGxLJomUg
461,peace_of_mind,Stuti,Vishnu Mangal Stuti,Vishnu Mangal Stuti,True,cMhYGo0T2nY,https://youtu.be/cMhYGo0T2nY?si=pRQzRi7ZNpSUe4nN
462,peace_of_mind,Stuti,Apradh Kshamapan Stuti,Apradh Kshamapan Stuti,True,03goUB9QgHw,https://youtu.be/03goUB9QgHw?si=HmTzxNfNMtTs68Vp
463,peace_of_mind,Stuti,Shri Krishna Stuti,Shri Krishna Stuti,True,f_tCqLX6GNU,https://youtu.be/f_tCqLX6GNU?si=g9esdPlr_XnbbTWa
464,peace_of_mind,Stuti,Durga Shanti Stuti,Durga Shanti Stuti,True,pEM6eMIB6Y0,https://youtu.be/pEM6eMIB6Y0?si=sO9q8icj2HNS2_8r
465,peace_of_mind,Shloka,Upanishad Shanti Path,Upanishad Shanti Path,True,vfzibQrVPoM,https://youtu.be/vfzibQrVPoM?si=y7xPU6cE7-JtCkvc
466,peace_of_mind,Shloka,Gita (Adhyay 2),Gita (Adhyay 2),True,juCRT87f9Vc,https://youtu.be/juCRT87f9Vc?si=fp7SvU2CayUvWF5-
467,peace_of_mind,Shloka,Gita (Adhyay 6),Gita (Adhyay 6),True,kJ3VkWj2BF8,https://youtu.be/kJ3VkWj2BF8?si=qsvZFiwYJ-oIeLnj
468,peace_of_mind,Shloka,Ishavasya Upanishad,Ishavasya Upanishad,True,ZibumRoU-J8,https://youtu.be/ZibumRoU-J8?si=DNHUdgTSuJi_9UCH
469,peace_of_mind,Shloka,Gita (Adhyay 6),Gita (Adhyay 6),True,-y4wvehWSOM,https://youtu.be/-y4wvehWSOM?si=ZvRpcq948PJcGRIX
470,peace_of_mind,Shloka,Shanti Mantra,Shanti Mantra,True,iRVIbOMymj0,https://youtu.be/iRVIbOMymj0?si=cFBjMhHR-DcFq9_Y
471,peace_of_mind,Shloka,Shanti Path,Shanti Path,True,ceFwFtgdSmc,https://youtu.be/ceFwFtgdSmc?si=7aiIUrGPwDm9uLT7
472,peace_of_mind,Shloka,Man Niyantran (Gita),Man Niyantran (Gita),True,lacNlWQ87Z8,https://youtube.com/shorts/lacNlWQ87Z8?si=DoslwmmZPKqU9g_1
473,peace_of_mind,Shloka,Santulan Shlok,Santulan Shlok,True,8rXQPg2o2NI,https://youtube.com/shorts/8rXQPg2o2NI?si=qxUb07QrdaPiXCPZ
474,peace_of_mind,Shloka,Dhyan Moolam,Dhyan Moolam,True,gtP55rMID_4,https://youtube.com/shorts/gtP55rMID_4?si=cyPJRDPUhifikHN2
475,peace_of_mind,Shloka,Adhyatma Shlok,Adhyatma Shlok,True,vp2Wp1mtb7o,https://youtube.com/shorts/vp2Wp1mtb7o?si=ZDoZPcitIfChkb7U
476,Strength,Mantra,Beej Mantra,Beej Mantra,True,jB4aaP2X7S4,https://youtu.be/jB4aaP2X7S4?si=fNw_s_3Ep9aH-uJZ
477,Strength,Mantra,Hanuman Beej Mantra,Hanuman Beej Mantra,True,o5Uk1sxGBZU,https://youtu.be/o5Uk1sxGBZU?si=aIuPQqmzIrromxMt
478,Strength,Mantra,Kali Mantra,Kali Mantra,True,hStOYwuIrVE,https://youtu.be/hStOYwuIrVE?si=BaMHjkK86-ctlaKr
479,Strength,Mantra,Nrisingh Gayatri,Nrisingh Gayatri,True,iGZk-Uu86lY,https://youtu.be/iGZk-Uu86lY?si=BNjXLF1KydHWrOVV
480,Strength,Mantra,Manojavam Marutatulyavegam Mantra:,Manojavam Marutatulyavegam Mantra:,True,iWd6VAWduZg,https://youtu.be/iWd6VAWduZg?si=qrMcv4ayCSmC3X_q
481,Strength,Mantra,Om Hreem Dum Durgayai Namah,Om Hreem Dum Durgayai Namah,True,GHBynIok2Lo,https://youtu.be/GHBynIok2Lo?si=uHYmAAtpv22yQ64n
482,Strength,Mantra,Nrisingh Beej Mantra,Nrisingh Beej Mantra,True,u0TbNGui5tI,https://youtu.be/u0TbNGui5tI?si=qV_U-FAw_0SFg-0I
483,Strength,Mantra,"Apadamapahartaram Dataram Sarvasampadam.
Lokabhiramam Shriramam Bhuyo Bhuyo Namamyaham.","Apadamapahartaram Dataram Sarvasampadam.
Lokabhiramam Shriramam Bhuyo Bhuyo Namamyaham.",True,y-Xv63obhKI,https://youtu.be/y-Xv63obhKI?si=M5eZNo40oYpESgJA
484,Strength,Mantra,Mahamrityunjay Mantra,Mahamrityunjay Mantra,True,OV9LXGOXjgs,https://youtu.be/OV9LXGOXjgs?si=0izGm1eYkmBS0343
485,Strength,Mantra,Sudarshan Mantra,Sudarshan Mantra,True,R2uDzusTCHg,https://youtu.be/R2uDzusTCHg?si=5KitqlvfCYwUfIju
486,Strength,Mantra,Kartikeya Mantra,Kartikeya Mantra,True,5arZWUzAQ2U,https://youtu.be/5arZWUzAQ2U?si=t1dIPuKyuZOw08Cb
487,Strength,Mantra,Baglamukhi Beej Mantra,Baglamukhi Beej Mantra,True,SQlglZOlZVI,https://youtu.be/SQlglZOlZVI?si=LyMXWu1-GYr77UH0
488,Strength,Mantra,Garuda Shakti Mantra,Garuda Shakti Mantra,True,45obOMbjQmA,https://youtu.be/45obOMbjQmA?si=rFwfcxRCwRVFAbRY
489,Strength,Mantra,Panchakshari Mantra,Panchakshari Mantra,True,bc1obsjb58c,https://youtu.be/bc1obsjb58c?si=oQIb1G1Fx1wOJ8Gw
490,Strength,Strotam,राम रक्षा स्तोत्र,राम रक्षा स्तोत्र,True,EMeSTcffrEI,https://youtu.be/EMeSTcffrEI?si=Le3PQ2ZAfKVecpc4
491,Strength,Strotam,पंचमुखी हनुमान कवच,पंचमुखी हनुमान कवच,True,BzPbfftJ8Ho,https://youtu.be/BzPbfftJ8Ho?si=P8Ys7ZeqbXwkIgDP
492,Strength,Strotam,दुर्गा सप्तश्लोकी,दुर्गा सप्तश्लोकी,True,bwTk15-oRys,https://youtu.be/bwTk15-oRys?si=f4hVOcSw7hJxd58b
493,Strength,Strotam,Keelak Stotram,Keelak Stotram,True,5hPQUvaahhg,https://youtu.be/5hPQUvaahhg?si=pQia2507vSpSvByx
494,Strength,Strotam,नृसिंह स्तोत्रम,नृसिंह स्तोत्रम,True,RLNrZUy6Ydo,https://youtu.be/RLNrZUy6Ydo?si=lEGDZ8CTRcLnTbWK
495,Strength,Strotam,कालभैरव अष्टकम,कालभैरव अष्टकम,True,BsEqI1NZA-E,https://youtu.be/BsEqI1NZA-E?si=BvvWKg3Y9kURK_Uu
496,Strength,Strotam,Bajrang Baan,Bajrang Baan,True,h1lT6cxwsPw,https://youtu.be/h1lT6cxwsPw?si=KdhV4ABeZuxVKiuY
497,Strength,Strotam,Narayan Kavach,Narayan Kavach,True,BBV0HQI3NB4,https://youtu.be/BBV0HQI3NB4?si=hqwyrr6ZWl8nXuSc
498,Strength,Strotam,Mahishasuramardini Stotra,Mahishasuramardini Stotra,True,4CKpFcQdJXk,https://youtu.be/4CKpFcQdJXk?si=HP-4pCLpQdu_xZpV
499,Strength,Strotam,Aditya Hridaya Stotra:,Aditya Hridaya Stotra:,True,invPCYDaWUE,https://youtu.be/invPCYDaWUE?si=0CRahD-R2NNXDnCu
500,Strength,Strotam,सुदर्शन अष्टकम,सुदर्शन अष्टकम,True,0KRtx2CxXo8,https://youtu.be/0KRtx2CxXo8?si=ABjvz1r2s-Yy7cTA
501,Strength,Strotam,Shri Argala Stotram,Shri Argala Stotram,True,YD0eXOX6gbo,https://youtu.be/YD0eXOX6gbo?si=imwcbkJIn2dnyT97
502,Strength,Strotam,Shiv Tandav Stotram,Shiv Tandav Stotram,True,S980-z1qx3g,https://youtu.be/S980-z1qx3g?si=skvwCt7XGHenuWbP
503,Strength,Strotam,नृसिंह कवच,नृसिंह कवच,True,AafMDVg6W94,https://youtu.be/AafMDVg6W94?si=f4-0vp9yvV0pyLGk
504,Strength,Strotam,देवी कवच,देवी कवच,True,rqgvyF9LBHk,https://youtu.be/rqgvyF9LBHk?si=Q2TMKsuJzBA3pvYX
505,Strength,Strotam,Sankatmochan Hanuman Ashtak,Sankatmochan Hanuman Ashtak,True,HH_a6aRO1TE,https://youtu.be/HH_a6aRO1TE?si=k0J6WxtRY4t4yhi1
506,Strength,Strotam,महाकाली स्तोत्र,महाकाली स्तोत्र,True,7wsmGmotCIE,https://youtu.be/7wsmGmotCIE?si=wo9dJcGTmbVuH9CG
507,Strength,Strotam,कार्तिकेय कवच,कार्तिकेय कवच,True,AQc1UVfxpY0,https://youtu.be/AQc1UVfxpY0?si=BYDIeeQL-JBS_CpL
508,Strength,Strotam,Vishnu Sahasranama Stotram:,Vishnu Sahasranama Stotram:,True,zKC17254flc,https://youtu.be/zKC17254flc?si=yopAvgJ5ioKqpPJq
509,Strength,Chalisa,Hanuman Chalisa,Hanuman Chalisa,True,AETFvQonfV8,https://youtu.be/AETFvQonfV8?si=YezmW2nYi76Eoi6Q
510,Strength,Chalisa,Shri Durga Chalisa,Shri Durga Chalisa,True,fsMzgFMMGxA,https://youtu.be/fsMzgFMMGxA?si=vMcngDgu3vYUf4te
511,Strength,Chalisa,Shiv Chalisa,Shiv Chalisa,True,-mUoM-sSzkc,https://youtu.be/-mUoM-sSzkc?si=a3TP0d2Z_b5S-kCr
512,Strength,Chalisa,Kali Chalisa,Kali Chalisa,True,Vowqo1DSL8g,https://youtu.be/Vowqo1DSL8g?si=0nF5g06RFXpeDbUV
513,Strength,Chalisa,Bhairav Chalisa,Bhairav Chalisa,True,a8mYn1pQFME,https://youtu.be/a8mYn1pQFME?si=-IMBK_e91qYazf_B
514,Strength,Chalisa,Nrisingh Chalisa,Nrisingh Chalisa,True,Hi1sTa68g7o,https://youtu.be/Hi1sTa68g7o?si=RZw4weog997o8jQH
515,Strength,Chalisa,Shani Chalisa,Shani Chalisa,True,MJ14wONWjWg,https://youtu.be/MJ14wONWjWg?si=DEpgPZC7NuC6rPgX
516,Strength,Chalisa,Shri Ram Chalisa,Shri Ram Chalisa,True,MoJw2s6q4P0,https://youtu.be/MoJw2s6q4P0?si=R2XibwgmtcN1lazL
517,Strength,Chalisa,Vindhyeshwari Chalisa,Vindhyeshwari Chalisa,True,p4jvHQz-fYQ,https://youtu.be/p4jvHQz-fYQ?si=9CimlzRjJ45DV_mj
518,Strength,Chalisa,Kartikeya Chalisa,Kartikeya Chalisa,True,0xcCWDE1x5c,https://youtu.be/0xcCWDE1x5c?si=VxRFyOl2j6ed7niq
519,Strength,Chalisa,Baglamukhi Chalisa,Baglamukhi Chalisa,True,NShJA3v8maI,https://youtu.be/NShJA3v8maI?si=iLTtoEvIsqk36avk
520,Strength,Chalisa,Gayatri Chalisa,Gayatri Chalisa,True,B2lrRky9eE4,https://youtu.be/B2lrRky9eE4?si=nQgH9JmWN6iBVbGk
521,Strength,Chalisa,Shri Ganesh Chalisa,Shri Ganesh Chalisa,True,WyHFSjN0miU,https://youtu.be/WyHFSjN0miU?si=C2PbbebEskn6KqLR
522,Strength,Chalisa,Saraswati Chalisa,Saraswati Chalisa,True,w19sRwFqbwY,https://youtu.be/w19sRwFqbwY?si=gQYxs5wL-HxhsoAF
523,Strength,Chalisa,Shri Lakshmi Chalisa,Shri Lakshmi Chalisa,True,aLKLcvJZ2Hc,https://youtu.be/aLKLcvJZ2Hc?si=LghSz9KgBnH3YqXK
524,Knowledge,Mantra,Saraswati Beej Mantra,Saraswati Beej Mantra,True,B2Mbb_uUC8E,https://youtu.be/B2Mbb_uUC8E?si=9o3n9FgDqedN50LH
525,Knowledge,Mantra,Gayatri Mantra,Gayatri Mantra,True,nwRoHC83wx0,https://youtu.be/nwRoHC83wx0?si=f1Akd4C3BSvXNJaE
526,Knowledge,Mantra,Vidya Prapti Mantra,Vidya Prapti Mantra,True,8HTkpFKRqbw,https://youtube.com/shorts/8HTkpFKRqbw?si=gXDWT4gUuB1QS0Sj
527,Knowledge,Mantra,Mool Beej Mantra,Mool Beej Mantra,True,Naruxgq6oMU,https://youtu.be/Naruxgq6oMU?si=FcMrbfkDJoW6MNjX
528,Knowledge,Mantra,Guru Mantra,Guru Mantra,True,Lhb-kwZNjhw,https://youtu.be/Lhb-kwZNjhw?si=GpSsGq599D-WIcwS
529,Knowledge,Mantra,Hanuman Buddhi Mantra,Hanuman Buddhi Mantra,True,x3jGb2bWVww,https://youtu.be/x3jGb2bWVww?si=lNNVf_rDpkw1WCO6
530,Knowledge,Mantra,Budh Grah Mantra,Budh Grah Mantra,True,cG3JrHzTFUo,https://youtu.be/cG3JrHzTFUo?si=3xJWfMZDihEPRP59
531,Knowledge,Mantra,Saraswati Mantra,Saraswati Mantra,True,-NqX8zOZ62w,https://youtu.be/-NqX8zOZ62w?si=Gama0RD6ZBaBqVBt
532,Knowledge,Mantra,Pragya Vardhan Mantra,Pragya Vardhan Mantra,True,YdGV6Y91a1Q,https://youtu.be/YdGV6Y91a1Q?si=SgK661pEhKb9OUBe
533,Knowledge,Mantra,Surya Pragya Mantra,Surya Pragya Mantra,True,kOgaTaFcgjU,https://youtu.be/kOgaTaFcgjU?si=JDvMuvOFUXbD0Icu
534,Knowledge,Strotam,Agastya Rachit Saraswati Stotra,Agastya Rachit Saraswati Stotra,True,UbUKRuDcapk,https://youtu.be/UbUKRuDcapk?si=-_8bpLLypMLurt3U
535,Knowledge,Strotam,Hayagriva Stotra,Hayagriva Stotra,True,ieHRNA7h-IA,https://youtu.be/ieHRNA7h-IA?si=a9kAoSjvRcFZBjuP
536,Knowledge,Strotam,Sharda Bhujang Prayat Stotra,Sharda Bhujang Prayat Stotra,True,q69QKmywlL8,https://youtu.be/q69QKmywlL8?si=b_pwThhZjb1ce6Vx
537,Knowledge,Strotam,Saraswati Stotra,Saraswati Stotra,True,log_B4nMkH0,https://youtu.be/log_B4nMkH0?si=T7hhpGvgFFSaNdjq
538,Knowledge,Strotam,Vidya Lakshmi Stotra,Vidya Lakshmi Stotra,True,i9qkRDJ0GVM,https://youtu.be/i9qkRDJ0GVM?si=YzBpwHwPxkJHJVpO
539,Knowledge,Strotam,Dakshinamurti Stotram,Dakshinamurti Stotram,True,LNrQLgfTGJA,https://youtu.be/LNrQLgfTGJA?si=Ny6Y5AKVVghnbuXG
540,Knowledge,Strotam,Brihaspati Stotra,Brihaspati Stotra,True,R15QXx7yRUo,https://youtu.be/R15QXx7yRUo?si=aCpS8BKqgcMwoOqs
541,Knowledge,Strotam,Budh Stotra,Budh Stotra,True,lUqRs1ReVn8,https://youtu.be/lUqRs1ReVn8?si=24q7NY4WBKO0Dg-R
542,Knowledge,Strotam,Saraswati Dwadash Naam Stotra,Saraswati Dwadash Naam Stotra,True,cNL_XKugiMQ,https://youtu.be/cNL_XKugiMQ?si=B_w8t1pnEnVIbajQ
543,Knowledge,Strotam,Medha Sukta Stotra,Medha Sukta Stotra,True,EwTppFPdFV4,https://youtu.be/EwTppFPdFV4?si=ER3GE0FWkeR8dZXB
544,Knowledge,Strotam,Shri Ganeshpancharatnam,Shri Ganeshpancharatnam,True,vYFOV9nj-_w,https://youtu.be/vYFOV9nj-_w?si=_NycUXJsmBt6Da4d
545,Knowledge,Stuti,Saraswati Vandana (Ya Kundendu..),Saraswati Vandana (Ya Kundendu..),True,cArR7W_jJZo,https://youtu.be/cArR7W_jJZo?si=z1WuUejVE4IlmvIW
546,Knowledge,Stuti,Gajananm Shloka,Gajananm Shloka,True,6fl5JFL-SoA,https://youtu.be/6fl5JFL-SoA?si=q5d9ZR9bNuB-cEot
547,Knowledge,Stuti,Guru Vandana,Guru Vandana,True,ycvqpPFyQSU,https://youtube.com/shorts/ycvqpPFyQSU?si=tJjnZm6QMTDBoMPY
548,Knowledge,Stuti,Shiv Manas Stuti,Shiv Manas Stuti,True,HblVEP-ecEo,https://youtu.be/HblVEP-ecEo?si=XaU9U-v4WoR7-NDE
549,Knowledge,Stuti,Hanuman Buddhi Stuti,Hanuman Buddhi Stuti,True,OOS-Pcovi-4,https://youtu.be/OOS-Pcovi-4?si=vJZVLePUjRe5jde6
550,Knowledge,Stuti,Brahma Stuti,Brahma Stuti,True,RjhWu8pb7DQ,https://youtu.be/RjhWu8pb7DQ?si=S6kq1SUlsBfnVw3G
551,Knowledge,Stuti,Shri Vishnu Stuti,Shri Vishnu Stuti,True,XAxNnRPoyiU,https://youtu.be/XAxNnRPoyiU?si=SzEsaZlOfS48Hd-b
552,Knowledge,Stuti,Shri Ramchandra Kripalu,Shri Ramchandra Kripalu,True,leVoi6kkp3o,https://youtu.be/leVoi6kkp3o?si=v3atP52xIcpUEFs8
553,Knowledge,Stuti,Gayatri Stuti,Gayatri Stuti,True,280OQORjOWE,https://youtu.be/280OQORjOWE?si=iEGVbkNeKDcS6Tma
554,Knowledge,Stuti,Shri Krishna Stuti,Shri Krishna Stuti,True,f_tCqLX6GNU,https://youtu.be/f_tCqLX6GNU?si=g9esdPlr_XnbbTWa
555,Knowledge,Stuti,Brihaspati Stotra,Brihaspati Stotra,True,R15QXx7yRUo,https://youtu.be/R15QXx7yRUo?si=F8f5-iFv9tBh6OJx
556,Knowledge,Shloka,Guru Mantra,Guru Mantra,True,jXPk7TnZC4c,https://youtu.be/jXPk7TnZC4c?si=3IMkISoz8uz7DN_R
557,Knowledge,Shloka,Vidya Shlok,Vidya Shlok,True,FkDW6dXWO28,https://youtu.be/FkDW6dXWO28?si=-CWnd9BTactQtoaP
558,Knowledge,Shloka,Chanakya Niti,Chanakya Niti,True,tF0E-LA9nP8,https://youtube.com/shorts/tF0E-LA9nP8?si=hJ-oqm05sw8P2cZ2
559,Knowledge,Shloka,Bhagwad Gita,Bhagwad Gita,True,UdrEhU_jLyk,https://youtu.be/UdrEhU_jLyk?si=QZ85FFVF-TgBfXdT
560,Knowledge,Shloka,Subhashit,Subhashit,True,WcwEhTTriss,https://www.youtube.com/live/WcwEhTTriss?si=Dh9sO1uTln8j1gZz
561,Knowledge,Shloka,Adhyatma Shlok,Adhyatma Shlok,True,vp2Wp1mtb7o,https://youtube.com/shorts/vp2Wp1mtb7o?si=94qjGBD7qZDFoWA3
562,Knowledge,Shloka,Vidya Prapti Mantra,Vidya Prapti Mantra,True,8HTkpFKRqbw,https://youtube.com/shorts/8HTkpFKRqbw?si=lKsOmUxq3-s1g_eR
563,Knowledge,Shloka,Chanakya Niti 2,Chanakya Niti 2,True,LhByftvSUow,https://youtu.be/LhByftvSUow?si=Tnq0jdsaK_eHfMPv
564,Knowledge,Shloka,Subhashit 2,Subhashit 2,True,HPHadXO2MGY,https://youtu.be/HPHadXO2MGY?si=iKiM45I8JobFPtp2
565,Knowledge,Shloka,Gita Shlok 2,Gita Shlok 2,True,8-qBFaUbKfs,https://youtube.com/shorts/8-qBFaUbKfs?si=KrUhmC4PxuR0yc_a
566,Knowledge,Shloka,Vedic Mantra,Vedic Mantra,True,Z9JLAy20J2M,https://youtu.be/Z9JLAy20J2M?si=LYnXlNrvxAd7pEoO
567,Wealth,Mantra,Mahalakshmi Beej Mantra,Mahalakshmi Beej Mantra,True,bcs4geISuy0,https://youtu.be/bcs4geISuy0?si=iIlUMsgUwP0VAQdf
568,Wealth,Mantra,Kuber Mantra,Kuber Mantra,True,IKGvPex_NQM,https://youtu.be/IKGvPex_NQM?si=1DrV4jmYl-n-B0rm
569,Wealth,Mantra,Shri Siddha Lakshmi Mantra,Shri Siddha Lakshmi Mantra,True,m8hvtU9Lzzk,https://youtu.be/m8hvtU9Lzzk?si=1K9flqSsHLdbD1bx
570,Wealth,Mantra,Om Shri Mahalakshmyai Namah,Om Shri Mahalakshmyai Namah,True,g_czAYo3MKQ,https://youtu.be/g_czAYo3MKQ?si=-LU0VBJs1MmgBg7t
571,Wealth,Mantra,Rina Mochan Mantra,Rina Mochan Mantra,True,hnxXdqarpKg,https://youtu.be/hnxXdqarpKg?si=ipN2Ak8MAnjCvke0
572,Wealth,Mantra,Kanakdhara Beej Mantra,Kanakdhara Beej Mantra,True,ZKfNOYMKXI0,https://youtu.be/ZKfNOYMKXI0?si=zYx2HfGOp3vV5N5M
573,Wealth,Mantra,Vishnu Lakshmi Mantra,Vishnu Lakshmi Mantra,True,4-XRc7ofCkM,https://youtu.be/4-XRc7ofCkM?si=bWMvUOXKrHoN6k3S
574,Wealth,Mantra,Lakshmi Gayatri Mantra,Lakshmi Gayatri Mantra,True,HeqiNrjiCfk,https://youtu.be/HeqiNrjiCfk?si=EyUBWgbK16-rLLp0
575,Wealth,Mantra,Vyapar Vriddhi Mantra,Vyapar Vriddhi Mantra,True,9wUtZFEmaLM,https://youtu.be/9wUtZFEmaLM?si=mnP_uX0SYbSi1G4F
576,Wealth,Mantra,Dhan Prada Mantra,Dhan Prada Mantra,True,zOtUr7eqq-Q,https://youtu.be/zOtUr7eqq-Q?si=6Xk-u7lMCxPw1Bef
577,Wealth,Strotam,Kanakadhara Stotra:,Kanakadhara Stotra:,True,3Y1JGvieOBk,https://youtu.be/3Y1JGvieOBk?si=-Vziy6rODds0zN_H
578,Wealth,Strotam,Shri Suktam:,Shri Suktam:,True,OC7LQxuhQUU,https://youtu.be/OC7LQxuhQUU?si=Dk4q0uGOrbCSfm7I
579,Wealth,Strotam,Namastestu Mahamaye,Namastestu Mahamaye,True,RDWtngDhknA,https://youtu.be/RDWtngDhknA?si=WCTJjON7OPrv6Hdy
580,Wealth,Strotam,Rina Mochan Mangal Stotra,Rina Mochan Mangal Stotra,True,ztcH7tkeLhs,https://youtu.be/ztcH7tkeLhs?si=C0V9hG-DwmGJeZjj
581,Wealth,Strotam,Ashtalakshmi Stotra,Ashtalakshmi Stotra,True,qb5EuozSWA0,https://youtu.be/qb5EuozSWA0?si=1DOqyZO7j9BrmhKi
582,Wealth,Strotam,Lakshmi Hridaya Stotra,Lakshmi Hridaya Stotra,True,phOoGvDu_h4,https://youtu.be/phOoGvDu_h4?si=XKx4FvAb65DYm0Vv
583,Wealth,Strotam,Shri Sankatnashan Ganesh Stotra:,Shri Sankatnashan Ganesh Stotra:,True,aTFeZxXkL78,https://youtu.be/aTFeZxXkL78?si=duxsc5pwTGoNRBpq
584,Wealth,Strotam,Annapurna Stotra,Annapurna Stotra,True,UkT5eHWOIjQ,https://youtu.be/UkT5eHWOIjQ?si=mbNXv4_wRxfFKtJ6
585,Wealth,Strotam,Indrakshi Stotra,Indrakshi Stotra,True,cuSGy5SuVtA,https://youtu.be/cuSGy5SuVtA?si=A8nPscCPd5cXWYal
586,Wealth,Strotam,Narayan Suktam,Narayan Suktam,True,vLP6gdiDbOU,https://youtu.be/vLP6gdiDbOU?si=m7rY9Wm1sygwWuaf
587,Wealth,Strotam,Shubh-Labh Stotra,Shubh-Labh Stotra,True,EFbGj-F1vpA,https://youtu.be/EFbGj-F1vpA?si=FXDu5q3EIA-7EOXe
588,Wealth,Chalisa,Lakshmi Chalisa,Lakshmi Chalisa,True,otWnO-2pwuM,https://youtu.be/otWnO-2pwuM?si=yXHgB1p63SthIoiC
589,Wealth,Chalisa,Kuber Chalisa,Kuber Chalisa,True,auyzyuKCpL0,https://youtu.be/auyzyuKCpL0?si=E_RDoIahVN6_-lTw
590,Wealth,Chalisa,Shri Ganesh Chalisa,Shri Ganesh Chalisa,True,WyHFSjN0miU,https://youtu.be/WyHFSjN0miU?si=C2PbbebEskn6KqLR
591,Wealth,Chalisa,Saraswati Chalisa,Saraswati Chalisa,True,w19sRwFqbwY,https://youtu.be/w19sRwFqbwY?si=gQYxs5wL-HxhsoAF
592,Wealth,Chalisa,Mahalakshmi Chalisa,Mahalakshmi Chalisa,True,OruIDUg1jgE,https://youtu.be/OruIDUg1jgE?si=pnWArCGpZsJFDKiE
593,Wealth,Aarti,Lakshmi Ji Ki Aarti,Lakshmi Ji Ki Aarti,True,zdZ67AM47u8,https://youtu.be/zdZ67AM47u8?si=Ff03RfC0f0Fll-oI
594,Wealth,Aarti,Kuber Ji Ki Aarti,Kuber Ji Ki Aarti,True,c0J1WntPaDg,https://youtu.be/c0J1WntPaDg?si=MKuPTGQBJ6wKVF5s
595,Wealth,Aarti,Maa Annapurna Aarti,Maa Annapurna Aarti,True,ISURgmavEAc,https://youtu.be/ISURgmavEAc?si=Ytk5EqWInYj2tffi
596,Wealth,Aarti,Maa Vaibhav Lakshmi Aarti,Maa Vaibhav Lakshmi Aarti,True,y9Py0BBVHpQ,https://youtu.be/y9Py0BBVHpQ?si=-NbQ4ysBoYNJS-3Y
597,Wealth,Shloka,Mahalakshmi Ashtakam,Mahalakshmi Ashtakam,True,7BEYmt8EeX8,https://youtube.com/shorts/7BEYmt8EeX8?si=kqi58ODFW_qjBs1A
598,Wealth,Shloka,Shri Suktam,Shri Suktam,True,8hbV_LQKvv0,https://youtube.com/shorts/8hbV_LQKvv0?si=k4cFAIlX83ys0rDI
599,Wealth,Shloka,Yatra Yogeshwarah Krishno Yatra Partho Dhanurdharah,Yatra Yogeshwarah Krishno Yatra Partho Dhanurdharah,True,zolakx_rOSQ,https://youtube.com/shorts/zolakx_rOSQ?si=Vp--jZEZzZ9vBkXI
600,Wealth,Shloka,Udyamen Hi Sidhyanti Karyani Na Manorathaih,Udyamen Hi Sidhyanti Karyani Na Manorathaih,True,WCcW1Efq3W4,https://youtu.be/WCcW1Efq3W4?si=-ql30mOBC_JbYjXP
601,Wealth,Shloka,Kuber Mantra,Kuber Mantra,True,IKGvPex_NQM,https://youtu.be/IKGvPex_NQM?si=wE8sis6qTbHLMdVg
602,Wealth,Shloka,Gita Shlok 2,Gita Shlok 2,True,8-qBFaUbKfs,https://youtube.com/shorts/8-qBFaUbKfs?si=3v_PngXwBsh9bHST
603,Wealth,Shloka,Sarvamangala Mangalye,Sarvamangala Mangalye,True,ZdBVEV5u2To,https://youtu.be/ZdBVEV5u2To?si=em-5O2iYoV9z50BF
604,Wealth,Shloka,"Apadamapahartaram Dataram Sarvasampadam.
Lokabhiramam Shriramam Bhuyo Bhuyo Namamyaham.","Apadamapahartaram Dataram Sarvasampadam.
Lokabhiramam Shriramam Bhuyo Bhuyo Namamyaham.",True,y-Xv63obhKI,https://youtu.be/y-Xv63obhKI?si=M5eZNo40oYpESgJA
605,LoveAndRelationship,Mantra,Kleem Beej Mantra,Kleem Beej Mantra,True,UHtAU58ELkE,https://youtu.be/UHtAU58ELkE?si=yxeapbxaw_kJ1bNd
606,LoveAndRelationship,Mantra,Kamdev Gayatri,Kamdev Gayatri,True,9kCXXD5q_pU,https://youtu.be/9kCXXD5q_pU?si=_RY68kIVPMHzXFvS
607,LoveAndRelationship,Mantra,Katyayani Mantra,Katyayani Mantra,True,6YC07U56lEE,https://youtu.be/6YC07U56lEE?si=yMIUoQan-D0osO7O
608,LoveAndRelationship,Mantra,Patni Prapti Mantra,Patni Prapti Mantra,True,LuWevgdKr9Q,https://youtu.be/LuWevgdKr9Q?si=HhnO6BMkATAi6ph8
609,LoveAndRelationship,Mantra,Gauri-Shankar Mantra,Gauri-Shankar Mantra,True,5kYzdHgQ0Sc,https://youtu.be/5kYzdHgQ0Sc?si=0oKvROBFY-KkJgc3
610,LoveAndRelationship,Mantra,Vishnu Lakshmi Mantra,Vishnu Lakshmi Mantra,True,4-XRc7ofCkM,https://youtu.be/4-XRc7ofCkM?si=X27vyybJleAeslG2
611,LoveAndRelationship,Mantra,Shiv Stuti Mantra,Shiv Stuti Mantra,True,Ly_Md1OOyTE,https://youtu.be/Ly_Md1OOyTE?si=ni-k1rrLMF2suMfD
612,LoveAndRelationship,Mantra,Panchakshari Mantra,Panchakshari Mantra,True,bc1obsjb58c,https://youtu.be/bc1obsjb58c?si=oQIb1G1Fx1wOJ8Gw
613,LoveAndRelationship,Mantra,Ardhanarishwar Mantra,Ardhanarishwar Mantra,True,x59vh8Wga9A,https://youtu.be/x59vh8Wga9A?si=yJ0p8EUrHmBJleRO
614,LoveAndRelationship,Mantra,Saraswati Beej Mantra,Saraswati Beej Mantra,True,B2Mbb_uUC8E,https://youtu.be/B2Mbb_uUC8E?si=9o3n9FgDqedN50LH
615,LoveAndRelationship,Strotam,Radha Kripa Kataksha,Radha Kripa Kataksha,True,nD43xuZB9xs,https://youtu.be/nD43xuZB9xs?si=LMJtx3GY-6ANjWtb
616,LoveAndRelationship,Strotam,Madhurashtakam,Madhurashtakam,True,sdZpM8paUnM,https://youtu.be/sdZpM8paUnM?si=nAeAA34E_6X4S8uO
617,LoveAndRelationship,Strotam,Kamdev Stotra,Kamdev Stotra,True,w33Iznz_KsI,https://youtu.be/w33Iznz_KsI?si=uYFHFSDCIwF4os7W
618,LoveAndRelationship,Strotam,Ardhanarishwar Stotra,Ardhanarishwar Stotra,True,-pr1RUnmvyI,https://youtu.be/-pr1RUnmvyI?si=2PVjdNGq0NJo_38s
619,LoveAndRelationship,Strotam,Janki Stotra,Janki Stotra,True,LoGSKVXB2Ls,https://youtu.be/LoGSKVXB2Ls?si=2Su-HweMiKrZ9_Fb
620,LoveAndRelationship,Strotam,Parvati Stotra,Parvati Stotra,True,SVvds0DcG9o,https://youtu.be/SVvds0DcG9o?si=MMDOAIQtFUGfmMbP
621,LoveAndRelationship,Strotam,Lakshmi Narayan Stotra,Lakshmi Narayan Stotra,True,EkAUXHqqaLk,https://youtu.be/EkAUXHqqaLk?si=b2ZaLaeUWX9IOTP5
622,LoveAndRelationship,Strotam,Krishna Ashtakam,Krishna Ashtakam,True,PvdeDNeCiQc,https://youtu.be/PvdeDNeCiQc?si=GEiACiPyXCFv9oen
623,LoveAndRelationship,Strotam,Uma Maheshwar Stotra,Uma Maheshwar Stotra,True,62P8Q14nU0A,https://youtu.be/62P8Q14nU0A?si=qD2LqxbE7pEEMdRw
624,LoveAndRelationship,Strotam,Annapurna Stotra,Annapurna Stotra,True,UkT5eHWOIjQ,https://youtu.be/UkT5eHWOIjQ?si=wBoYN_nxertpZqQW
625,LoveAndRelationship,Stuti,Parvati Stuti,Parvati Stuti,True,dUtIRqj23YQ,https://youtu.be/dUtIRqj23YQ?si=a5BLdB6m1ACieT8D
626,LoveAndRelationship,Stuti,Radha Stuti,Radha Stuti,True,U6GsNZbJoCg,https://youtu.be/U6GsNZbJoCg?si=scgaeQU6MLSYdZNJ
627,LoveAndRelationship,Stuti,Janki Stuti,Janki Stuti,True,RlNJspksnbg,https://youtu.be/RlNJspksnbg?si=RCael-63gpq5zKU4
628,LoveAndRelationship,Stuti,Shri Krishna Stuti,Shri Krishna Stuti,True,f_tCqLX6GNU,https://youtu.be/f_tCqLX6GNU?si=g9esdPlr_XnbbTWa
629,LoveAndRelationship,Stuti,Lakshmi Stuti,Lakshmi Stuti,True,yfYUZ6juevk,https://youtu.be/yfYUZ6juevk?si=txXjqTklefjUdFv9
630,LoveAndRelationship,Stuti,Santan Gopal Stotra,Santan Gopal Stotra,True,gyLT2Yz_yHo,https://youtu.be/gyLT2Yz_yHo?si=nhoDAX1GtLKoJJzs
631,LoveAndRelationship,Stuti,Durga Stuti,Durga Stuti,True,1kskWmG_u5Q,https://youtu.be/1kskWmG_u5Q?si=NtjDNiRY45StpS88
632,LoveAndRelationship,Stuti,Shantakaram Bhujagashayanam Padmanabham Suresham,Shantakaram Bhujagashayanam Padmanabham Suresham,True,Im5TK-glA9M,https://youtu.be/Im5TK-glA9M?si=9nkexVkWvXGF3cUA
633,LoveAndRelationship,Stuti,Saraswati Stuti,Saraswati Stuti,True,Njc1Hu6WPDU,https://youtu.be/Njc1Hu6WPDU?si=2e_xq2AoGxLJomUg
634,LoveAndRelationship,Stuti,Manojavam Marutatulyavegam Mantra:,Manojavam Marutatulyavegam Mantra:,True,iWd6VAWduZg,https://youtu.be/iWd6VAWduZg?si=qrMcv4ayCSmC3X_q
635,LoveAndRelationship,Stuti,Ganesh Stuti,Ganesh Stuti,True,agqwzb3YzQ0,https://youtu.be/agqwzb3YzQ0?si=XnSUpCXTo4pmEzDK
636,LoveAndRelationship,Bhajan,Radhe Radhe Barsane Wali,Radhe Radhe Barsane Wali,True,61EGpAy4Ids,https://youtu.be/61EGpAy4Ids?si=N2hWEO1airA1nztA
637,LoveAndRelationship,Bhajan,Achyutam Keshavam Krishna Damodaram,Achyutam Keshavam Krishna Damodaram,True,3yczGKnskts,https://youtu.be/3yczGKnskts?si=FvdBzJon0L1sUzSE
638,LoveAndRelationship,Bhajan,Shyama Aan Baso,Shyama Aan Baso,True,XtTG7iT7H3g,https://youtu.be/XtTG7iT7H3g?si=QwuObktBmdhoY9ZT
639,LoveAndRelationship,Bhajan,Meethe Ras Se Bharyo Ri,Meethe Ras Se Bharyo Ri,True,4n1L6AQJe9w,https://youtu.be/4n1L6AQJe9w?si=hJNCIVTpZW79gT8h
640,LoveAndRelationship,Bhajan,Yashomati Maiya Se Bole Nandlala,Yashomati Maiya Se Bole Nandlala,True,yWTN6bsDWN4,https://youtu.be/yWTN6bsDWN4?si=UqPSo0fBRLeKdbXM
641,LoveAndRelationship,Bhajan,Sitaram Charit Pavan,Sitaram Charit Pavan,True,mzC2BCNNjv8,https://youtu.be/mzC2BCNNjv8?si=zBzGv6XCc9R0tuPM
642,LoveAndRelationship,Bhajan,Kanhaiya Le Chal Paar,Kanhaiya Le Chal Paar,True,mAsyg8JA6Ss,https://youtu.be/mAsyg8JA6Ss?si=nB6Q9x1tXuBrc2hN
643,LoveAndRelationship,Bhajan,Shyam Teri Bansi,Shyam Teri Bansi,True,NM9pHX6dqDc,https://youtu.be/NM9pHX6dqDc?si=yD0O5B6BDILeMxT8
644,LoveAndRelationship,Bhajan,Humein Radha Rani Tere Naam Ka Sahara,Humein Radha Rani Tere Naam Ka Sahara,True,kEKE8ZotzAM,https://youtu.be/kEKE8ZotzAM?si=ZkzllJn7JhsF2G3Y
645,LoveAndRelationship,Bhajan,Aisi Lagi Lagan,Aisi Lagi Lagan,True,dnCE-kSHES0,https://youtu.be/dnCE-kSHES0?si=cYpIjXtwIhaE19YB
646,LoveAndRelationship,Bhajan,Hari Bin Koi Na Tera,Hari Bin Koi Na Tera,True,I8nSdrQiSTM,https://youtu.be/I8nSdrQiSTM?si=oMwUWlaloJ60zBpr
647,LoveAndRelationship,Katha,Radha-Krishna Prem Katha,Radha-Krishna Prem Katha,True,8YDJARGajec,https://youtu.be/8YDJARGajec?si=iem_4YeFPsUqCp1l
648,LoveAndRelationship,Katha,Shiv-Parvati Vivah,Shiv-Parvati Vivah,True,ln8em1Dc5Zs,https://youtu.be/ln8em1Dc5Zs?si=GN2klf1iS7VLEqzm
649,LoveAndRelationship,Katha,Ram-Sita Vanvas Katha,Ram-Sita Vanvas Katha,True,_zWa1AjW_C4,https://youtu.be/_zWa1AjW_C4?si=iIy5LCzFbQXUxqlq
650,LoveAndRelationship,Katha,Rukmini Haran Katha,Rukmini Haran Katha,True,-AbMZAESCQI,https://youtu.be/-AbMZAESCQI?si=de-o6-JvfKhPqhZn
651,LoveAndRelationship,Katha,Nal-Damayanti Katha,Nal-Damayanti Katha,True,LJ2zEAAVQ3A,https://youtu.be/LJ2zEAAVQ3A?si=inoRE1raZrjW1xQH
652,LoveAndRelationship,Katha,Kamdev-Rati Katha,Kamdev-Rati Katha,True,mj8aJ-MkKrI,https://youtu.be/mj8aJ-MkKrI?si=pOm1dpBVOCj_WZ59
653,LoveAndRelationship,Katha,Satyabhama-Krishna Katha,Satyabhama-Krishna Katha,True,MPCopbetzis,https://youtu.be/MPCopbetzis?si=13kpUoLdLfBEG4Ba
654,LoveAndRelationship,Katha,Usha-Aniruddh Katha,Usha-Aniruddh Katha,True,ap8oVmjD3xY,https://youtu.be/ap8oVmjD3xY?si=9uYb0-Hyab8tDv9-
655,LoveAndRelationship,Katha,Subhadra-Arjun Vivah,Subhadra-Arjun Vivah,True,vyukL1WLoIs,https://youtu.be/vyukL1WLoIs?si=wbOWNri_5mDOH6-D
656,LoveAndRelationship,Katha,Shaligram Banne Ki Katha,Shaligram Banne Ki Katha,True,Ik_zhFLWVA0,https://youtu.be/Ik_zhFLWVA0?si=VDJeXDG4eTL8qrcf
657,LoveAndRelationship,Katha,Hanuman-Ram Bhakti,Hanuman-Ram Bhakti,True,e3tWzWydNeY,https://youtu.be/e3tWzWydNeY?si=0XBD9T2ROK6zls0j
658,Happiness,Mantra,Gayatri Mantra,Gayatri Mantra,True,nwRoHC83wx0,https://youtu.be/nwRoHC83wx0?si=f1Akd4C3BSvXNJaE
659,Happiness,Mantra,Mahamrityunjay Mantra,Mahamrityunjay Mantra,True,OV9LXGOXjgs,https://youtu.be/OV9LXGOXjgs?si=0izGm1eYkmBS0343
660,Happiness,Mantra,Mahamantra,Mahamantra,True,Zdcth9NndEA,https://youtu.be/Zdcth9NndEA?si=cBoFKjOpIFF2NbjP
661,Happiness,Mantra,Mool Beej Mantra,Mool Beej Mantra,True,Naruxgq6oMU,https://youtu.be/Naruxgq6oMU?si=xqSFGrw15ZFcqKY-
662,Happiness,Mantra,Shanti Mantra,Shanti Mantra,True,iRVIbOMymj0,https://youtu.be/iRVIbOMymj0?si=p9yfDWWAsb63wtMq
663,Happiness,Mantra,Shiv Panchakshar,Shiv Panchakshar,True,AK-fDVxDV6A,https://youtube.com/shorts/AK-fDVxDV6A?si=hJqXBNcFgGpUmF7A
664,Happiness,Mantra,Mahalakshmi Beej Mantra,Mahalakshmi Beej Mantra,True,bcs4geISuy0,https://youtu.be/bcs4geISuy0?si=-BYP11FJGKAQ7fk3
665,Happiness,Mantra,Hanuman Mantra,Hanuman Mantra,True,Zagf46kv7p8,https://youtu.be/Zagf46kv7p8?si=adpqwJ6tLsIAHHr0
666,Happiness,Mantra,Shri Krishnaya Sharanam Mama,Shri Krishnaya Sharanam Mama,True,1y2tRqtND1Y,https://youtu.be/1y2tRqtND1Y?si=wVq_YTMXmSeZFrYr
667,Happiness,Mantra,Narayan Kavach,Narayan Kavach,True,BBV0HQI3NB4,https://youtu.be/BBV0HQI3NB4?si=hqwyrr6ZWl8nXuSc
668,Happiness,Mantra,Buddha Mantra,Buddha Mantra,True,ntpeQR7K0PI,https://youtu.be/ntpeQR7K0PI?si=4_9jjQ1cbxYs7wRa
669,Happiness,Stuti,Shri Ramchandra Kripalu,Shri Ramchandra Kripalu,True,leVoi6kkp3o,https://youtu.be/leVoi6kkp3o?si=v3atP52xIcpUEFs8
670,Happiness,Stuti,Shiv Stuti,Shiv Stuti,True,Nod_i0EKVRw,https://youtu.be/Nod_i0EKVRw?si=dnGltyIGNaTvUMWF
671,Happiness,Stuti,Ganesh Stuti,Ganesh Stuti,True,agqwzb3YzQ0,https://youtu.be/agqwzb3YzQ0?si=XnSUpCXTo4pmEzDK
672,Happiness,Stuti,Shantakaram Bhujagashayanam Padmanabham Suresham,Shantakaram Bhujagashayanam Padmanabham Suresham,True,Im5TK-glA9M,https://youtu.be/Im5TK-glA9M?si=9nkexVkWvXGF3cUA
673,Happiness,Stuti,Saraswati Stuti,Saraswati Stuti,True,Njc1Hu6WPDU,https://youtu.be/Njc1Hu6WPDU?si=2e_xq2AoGxLJomUg
674,Happiness,Stuti,"Atulitbaladhamam Hemashailabhadeham,","Atulitbaladhamam Hemashailabhadeham,",True,CIl1O1GwOfk,https://youtu.be/CIl1O1GwOfk?si=S3QRakW4DlnGi8eb
675,Happiness,Stuti,Durga Stuti,Durga Stuti,True,1kskWmG_u5Q,https://youtu.be/1kskWmG_u5Q?si=NtjDNiRY45StpS88
676,Happiness,Stuti,Katyayani Mantra,Katyayani Mantra,True,6YC07U56lEE,https://youtu.be/6YC07U56lEE?si=yMIUoQan-D0osO7O
677,Happiness,Stuti,Shri Krishna Stuti,Shri Krishna Stuti,True,f_tCqLX6GNU,https://youtu.be/f_tCqLX6GNU?si=g9esdPlr_XnbbTWa
678,Happiness,Bhajan,Achyutam Keshavam Krishna Damodaram,Achyutam Keshavam Krishna Damodaram,True,3yczGKnskts,https://youtu.be/3yczGKnskts?si=FvdBzJon0L1sUzSE
679,Happiness,Bhajan,Radhe Radhe Barsane Wali,Radhe Radhe Barsane Wali,True,61EGpAy4Ids,https://youtu.be/61EGpAy4Ids?si=N2hWEO1airA1nztA
680,Happiness,Bhajan,Aisi Lagi Lagan,Aisi Lagi Lagan,True,dnCE-kSHES0,https://youtu.be/dnCE-kSHES0?si=cYpIjXtwIhaE19YB
681,Happiness,Bhajan,Shri Ramchandra Kripalu,Shri Ramchandra Kripalu,True,leVoi6kkp3o,https://youtu.be/leVoi6kkp3o?si=v3atP52xIcpUEFs8
682,Happiness,Bhajan,Kishori Kuch Aisa Intazam,Kishori Kuch Aisa Intazam,True,1B048qCYGJY,https://youtu.be/1B048qCYGJY?si=vGtXpybJT19itVNr
683,Happiness,Bhajan,Yashomati Maiya Se Bole,Yashomati Maiya Se Bole,True,RIYVVqu2XY4,https://youtu.be/RIYVVqu2XY4?si=zZcShWvTzV_kAWCQ
684,Happiness,Bhajan,Ram Naam Ke Heere Moti,Ram Naam Ke Heere Moti,True,6BJR_j4FHz4,https://youtu.be/6BJR_j4FHz4?si=hRLU-bLSvuuKWHgs
685,Happiness,Bhajan,Shyama Aan Baso,Shyama Aan Baso,True,XtTG7iT7H3g,https://youtu.be/XtTG7iT7H3g?si=QwuObktBmdhoY9ZT
686,Happiness,Bhajan,Meethe Ras Se Bharyo Ri,Meethe Ras Se Bharyo Ri,True,w8piP6I3VS0,https://youtu.be/w8piP6I3VS0?si=wbezH3AAc4y4WBwb
687,Happiness,Bhajan,Bhar De Re Shyam Jholi,Bhar De Re Shyam Jholi,True,aT9TP5CrLJg,https://youtu.be/aT9TP5CrLJg?si=3F3TthXHK_-4sHAJ
688,Happiness,Bhajan,O Palanhare,O Palanhare,True,kbMinfmC3E0,https://youtu.be/kbMinfmC3E0?si=EORk1j1UQxAqRLLu
689,Happiness,Bhajan,Mera Aapki Kripa Se,Mera Aapki Kripa Se,True,C9EespXQCGE,https://youtu.be/C9EespXQCGE?si=IyEpmHHsEOLzOuXF
690,Happiness,Bhajan,Chhoti Chhoti Gaiya Chhote Chhote Gwal,Chhoti Chhoti Gaiya Chhote Chhote Gwal,True,XzqJUoSDHZU,https://youtu.be/XzqJUoSDHZU?si=8-LAQkUg8tq7ov6T
691,Happiness,Shloka,Shanti Shlok,Shanti Shlok,True,uCiRodyfM_8,https://youtube.com/shorts/uCiRodyfM_8?si=PN-Mn7CrHYKViZK_
692,Happiness,Shloka,Samarpan Shlok,Samarpan Shlok,True,J6nx86MKzeA,https://youtube.com/shorts/J6nx86MKzeA?si=Ma4-zWFrTo-M-52R
693,Happiness,Shloka,Ganesha Shlok,Ganesha Shlok,True,1mCkCzBIvDo,https://youtube.com/shorts/1mCkCzBIvDo?si=gbomNeAXomyRR6Xw
694,Happiness,Shloka,Shiv Shlok,Shiv Shlok,True,IPmuTHmizWo,https://youtube.com/shorts/IPmuTHmizWo?si=XZ2PxqPnPCnTi9QR
695,Happiness,Shloka,Guru Shlok,Guru Shlok,True,fGShWlmiDyE,https://youtube.com/shorts/fGShWlmiDyE?si=sHBTIs2BRo6Bf0Pj
696,Happiness,Shloka,Saraswati Shlok,Saraswati Shlok,True,Asb3NCYzDnM,https://youtube.com/shorts/Asb3NCYzDnM?si=2Ip-bhoGeriuglXN
697,Happiness,Shloka,Prabhat Shlok,Prabhat Shlok,True,hGMBqByQYjc,https://youtube.com/shorts/hGMBqByQYjc?si=Q7qr-LXZlCVp8TGA
698,Happiness,Shloka,Mangal Shlok,Mangal Shlok,True,IpnEpKR9Qrs,https://youtube.com/shorts/IpnEpKR9Qrs?si=oblu0Y1NfxniQt1B
699,Happiness,Shloka,Bhakti Shlok,Bhakti Shlok,True,Z6qY7bZI3jk,https://youtube.com/shorts/Z6qY7bZI3jk?si=dLnC6mUncXWL2P2K
700,Happiness,Shloka,Manojavam Marutatulyavegam Mantra:,Manojavam Marutatulyavegam Mantra:,True,iWd6VAWduZg,https://youtu.be/iWd6VAWduZg?si=qrMcv4ayCSmC3X_q
701,Health,Mantra,Mahamrityunjay Mantra,Mahamrityunjay Mantra,True,OV9LXGOXjgs,https://youtu.be/OV9LXGOXjgs?si=0izGm1eYkmBS0343
702,Health,Mantra,Surya Arogya Mantra,Surya Arogya Mantra,True,FOzo1SxVxAg,https://youtu.be/FOzo1SxVxAg?si=dVlzuPfVGyDEcJtC
703,Health,Mantra,Prana Mudra Mantra,Prana Mudra Mantra,True,g7rBhaAT04A,https://youtu.be/g7rBhaAT04A?si=YFuq2iT7ASAzdrcz
704,Health,Mantra,Rog Nashak Mantra,Rog Nashak Mantra,True,MJwg2dRnBeQ,https://youtu.be/MJwg2dRnBeQ?si=fQFON7tpoz66jfCP
705,Health,Mantra,Pramukh Mantra:,Pramukh Mantra:,True,FUpzgvsWkL8,https://youtu.be/FUpzgvsWkL8?si=qjtBffQzDjZu3rmc
706,Health,Mantra,Ashwini Kumar Mantra,Ashwini Kumar Mantra,True,j8l2aX86Ouk,https://youtu.be/j8l2aX86Ouk?si=1JGWEjb8YcyEDR9R
707,Health,Mantra,Saubhagya Prapti Hetu,Saubhagya Prapti Hetu,True,OKRVaXU01kI,https://youtu.be/OKRVaXU01kI?si=JiW7DxUS6igTBq2G
708,Health,Mantra,Shiv Arogya Mantra,Shiv Arogya Mantra,True,e7KzbCXk1lE,https://youtu.be/e7KzbCXk1lE?si=giRiDC8Uht1ntqGk
709,Health,Mantra,Gayatri Mantra,Gayatri Mantra,True,nwRoHC83wx0,https://youtu.be/nwRoHC83wx0?si=f1Akd4C3BSvXNJaE
710,Health,Mantra,Narayan Kavach Ansh,Narayan Kavach Ansh,True,DwFMQONuLhE,https://youtu.be/DwFMQONuLhE?si=uBOqcwcFYUeGy5XH
711,Health,Strotam,Aditya Hridaya Stotra:,Aditya Hridaya Stotra:,True,invPCYDaWUE,https://youtu.be/invPCYDaWUE?si=-cwsyKTg-INmshaY
712,Health,Strotam,Vaidyanath Stotra,Vaidyanath Stotra,True,OVWlwCHMr-I,https://youtu.be/OVWlwCHMr-I?si=NYeN8K3tAw9sLKXY
713,Health,Strotam,Dhanvantari Stotra,Dhanvantari Stotra,True,0VO5vBiYG6I,https://youtu.be/0VO5vBiYG6I?si=17_Cg59qnta9EBNI
714,Health,Strotam,"Apadamapahartaram Dataram Sarvasampadam.
Lokabhiramam Shriramam Bhuyo Bhuyo Namamyaham.","Apadamapahartaram Dataram Sarvasampadam.
Lokabhiramam Shriramam Bhuyo Bhuyo Namamyaham.",True,y-Xv63obhKI,https://youtu.be/y-Xv63obhKI?si=M5eZNo40oYpESgJA
715,Health,Strotam,Shri Sankatnashan Ganesh Stotra:,Shri Sankatnashan Ganesh Stotra:,True,aTFeZxXkL78,https://youtu.be/aTFeZxXkL78?si=HaE-tYiH834XPpXn
716,Health,Strotam,Mrityunjaya Stotra,Mrityunjaya Stotra,True,vgu91Z4kXpk,https://youtu.be/vgu91Z4kXpk?si=iF5pe0X3rmAEvthK
717,Health,Strotam,Durga Apaduddharak Stotra,Durga Apaduddharak Stotra,True,VpkLjMDcucg,https://youtu.be/VpkLjMDcucg?si=2-MzQkTgTAUVFDs-
718,Health,Strotam,Hanuman Bahuk,Hanuman Bahuk,True,EWCkUAY-0OU,https://youtu.be/EWCkUAY-0OU?si=rSwJp2NDWgWtLUZB
719,Health,Strotam,Surya Mandal Stotra,Surya Mandal Stotra,True,32TGOFRIVmE,https://youtu.be/32TGOFRIVmE?si=LwFbGvQnd3VmykMC
720,Health,Strotam,Narayan Kavach,Narayan Kavach,True,BBV0HQI3NB4,https://youtu.be/BBV0HQI3NB4?si=LjPC9hE-1m_fAsBa
721,Health,Stuti,Shiv Stuti,Shiv Stuti,True,Nod_i0EKVRw,https://youtu.be/Nod_i0EKVRw?si=dnGltyIGNaTvUMWF
722,Health,Stuti,"Atulitbaladhamam Hemashailabhadeham,","Atulitbaladhamam Hemashailabhadeham,",True,CIl1O1GwOfk,https://youtu.be/CIl1O1GwOfk?si=0PLRHfGike1eIJPN
723,Health,Stuti,Surya Stuti,Surya Stuti,True,BIK_VYd2RQw,https://youtu.be/BIK_VYd2RQw?si=XrxIX1rsAAm4V_V9
724,Health,Stuti,Sarvamangala Mangalye,Sarvamangala Mangalye,True,Yof1Vrh5TK0,https://youtu.be/Yof1Vrh5TK0?si=s3diaEG-5Tn4r_2c
725,Health,Stuti,Shri Ramchandra Kripalu,Shri Ramchandra Kripalu,True,leVoi6kkp3o,https://youtu.be/leVoi6kkp3o?si=v3atP52xIcpUEFs8
726,Health,Stuti,Ganesh Stuti,Ganesh Stuti,True,agqwzb3YzQ0,https://youtu.be/agqwzb3YzQ0?si=XnSUpCXTo4pmEzDK
727,Health,Stuti,Shantakaram Bhujagashayanam Padmanabham Suresham,Shantakaram Bhujagashayanam Padmanabham Suresham,True,Im5TK-glA9M,https://youtu.be/Im5TK-glA9M?si=9nkexVkWvXGF3cUA
728,Health,Stuti,Om Jai Jagdish Hare,Om Jai Jagdish Hare,True,NE3SWh9_vR4,https://youtu.be/NE3SWh9_vR4?si=z8FGFGAzZeFHBd2I
729,Health,Stuti,Lakshmi Stuti,Lakshmi Stuti,True,yfYUZ6juevk,https://youtu.be/yfYUZ6juevk?si=txXjqTklefjUdFv9
730,Health,Stuti,Saraswati Stuti,Saraswati Stuti,True,Njc1Hu6WPDU,https://youtu.be/Njc1Hu6WPDU?si=2e_xq2AoGxLJomUg
731,Health,Bhajan,He Dukh Bhanjan Maruti Nandan,He Dukh Bhanjan Maruti Nandan,True,n4fZknyZlsk,https://youtu.be/n4fZknyZlsk?si=W6avmHz2Bl7IEuMr
732,Health,Bhajan,Naam Hai Tera Taranhara,Naam Hai Tera Taranhara,True,MwqOns-5qN0,https://youtu.be/MwqOns-5qN0?si=t1dRusMdyzjIqXAz
733,Health,Bhajan,Kitna Pyara Hai Shringar,Kitna Pyara Hai Shringar,True,WocBegF7_p0,https://youtu.be/WocBegF7_p0?si=LcPrq90-IixgpXKt
734,Health,Bhajan,Mera Aapki Kripa Se,Mera Aapki Kripa Se,True,C9EespXQCGE,https://youtu.be/C9EespXQCGE?si=IyEpmHHsEOLzOuXF
735,Health,Bhajan,Achyutam Keshavam Krishna Damodaram,Achyutam Keshavam Krishna Damodaram,True,3yczGKnskts,https://youtu.be/3yczGKnskts?si=FvdBzJon0L1sUzSE
736,Health,Bhajan,O Palanhare,O Palanhare,True,kbMinfmC3E0,https://youtu.be/kbMinfmC3E0?si=EORk1j1UQxAqRLLu
737,Health,Bhajan,Ram Naam Ke Heere Moti,Ram Naam Ke Heere Moti,True,6BJR_j4FHz4,https://youtu.be/6BJR_j4FHz4?si=hRLU-bLSvuuKWHgs
738,Health,Bhajan,Itni Shakti Humein Dena Data,Itni Shakti Humein Dena Data,True,3EnLaJKhO2A,https://youtu.be/3EnLaJKhO2A?si=7gCDpVLnLz5KZhbG
739,Health,Bhajan,Shiv Shankar Ko Jisne Puja,Shiv Shankar Ko Jisne Puja,True,w7HbgKcQS_w,https://youtu.be/w7HbgKcQS_w?si=KCJVUE_VkpIA8tKc
740,Health,Bhajan,Shri Ramchandra Kripalu,Shri Ramchandra Kripalu,True,leVoi6kkp3o,https://youtu.be/leVoi6kkp3o?si=v3atP52xIcpUEFs8
741,Health,Shloka,Saubhagya Prapti Hetu,Saubhagya Prapti Hetu,True,OKRVaXU01kI,https://youtu.be/OKRVaXU01kI?si=iCg0c1WVrhyIyDez
742,Health,Shloka,Dhanvantari Shlok,Dhanvantari Shlok,True,XznbEuVKbnM,https://youtu.be/XznbEuVKbnM?si=LcYYZQU9j-q5szJI
743,Health,Shloka,Mahamrityunjay Mantra,Mahamrityunjay Mantra,True,OV9LXGOXjgs,https://youtu.be/OV9LXGOXjgs?si=0izGm1eYkmBS0343
744,Health,Shloka,Pramukh Mantra:,Pramukh Mantra:,True,FUpzgvsWkL8,https://youtu.be/FUpzgvsWkL8?si=IR8jegQlpVL8NtTl
745,Health,Shloka,Shanti Shlok,Shanti Shlok,True,uCiRodyfM_8,https://youtube.com/shorts/uCiRodyfM_8?si=PN-Mn7CrHYKViZK_
746,Health,Shloka,Ashwini Kumar Mantra,Ashwini Kumar Mantra,True,j8l2aX86Ouk,https://youtu.be/j8l2aX86Ouk?si=dHrlQKdAK2KKrQCo
747,Health,Shloka,Rog Nashak Mantra,Rog Nashak Mantra,True,MJwg2dRnBeQ,https://youtu.be/MJwg2dRnBeQ?si=tgA7oiR_v6rXAlZV
748,Health,Shloka,Vishnu Healing,Vishnu Healing,True,ngn4Rfu1ZJU,https://youtu.be/ngn4Rfu1ZJU?si=tAl2MMlPP8oVmFi7
749,Health,Shloka,Prana Shlok,Prana Shlok,True,qaWHPvFHMTQ,https://youtu.be/qaWHPvFHMTQ?si=AB1sQ2t8QpP0RPjR
750,Health,Shloka,Bhojan Arogya,Bhojan Arogya,True,rtuZZ6pqlW8,https://youtu.be/rtuZZ6pqlW8?si=FtlMEVq6H4tdgQEQ
751,Success,Mantra,Mool Beej Mantra,Mool Beej Mantra,True,Naruxgq6oMU,https://youtu.be/Naruxgq6oMU?si=xqSFGrw15ZFcqKY-
752,Success,Mantra,Mahalakshmi Beej Mantra,Mahalakshmi Beej Mantra,True,bcs4geISuy0,https://youtu.be/bcs4geISuy0?si=iIlUMsgUwP0VAQdf
753,Success,Mantra,Gayatri Mantra,Gayatri Mantra,True,nwRoHC83wx0,https://youtu.be/nwRoHC83wx0?si=f1Akd4C3BSvXNJaE
754,Success,Mantra,Saraswati Mantra,Saraswati Mantra,True,-NqX8zOZ62w,https://youtu.be/-NqX8zOZ62w?si=DWcjvgR9t3KYkz-D
755,Success,Mantra,Hanuman Mantra,Hanuman Mantra,True,Zagf46kv7p8,https://youtu.be/Zagf46kv7p8?si=adpqwJ6tLsIAHHr0
756,Success,Mantra,Surya Pragya Mantra,Surya Pragya Mantra,True,kOgaTaFcgjU,https://youtu.be/kOgaTaFcgjU?si=JDvMuvOFUXbD0Icu
757,Success,Mantra,Mukti Mantra,Mukti Mantra,True,felGgBmnx-I,https://youtu.be/felGgBmnx-I?si=YoB5C1tli8tX3Kpx
758,Success,Mantra,Kartikeya Mantra,Kartikeya Mantra,True,5arZWUzAQ2U,https://youtu.be/5arZWUzAQ2U?si=t1dIPuKyuZOw08Cb
759,Success,Mantra,Durga Stuti,Durga Stuti,True,1kskWmG_u5Q,https://youtu.be/1kskWmG_u5Q?si=NtjDNiRY45StpS88
760,Success,Mantra,Kuber Mantra,Kuber Mantra,True,IKGvPex_NQM,https://youtu.be/IKGvPex_NQM?si=xMEMFFJwC-anq-r8
761,Success,Strotam,Aditya Hridaya Stotra:,Aditya Hridaya Stotra:,True,invPCYDaWUE,https://youtu.be/invPCYDaWUE?si=-cwsyKTg-INmshaY
762,Success,Strotam,Shri Sankatnashan Ganesh Stotra:,Shri Sankatnashan Ganesh Stotra:,True,aTFeZxXkL78,https://youtu.be/aTFeZxXkL78?si=HaE-tYiH834XPpXn
763,Success,Strotam,Mahalakshmi Ashtakam,Mahalakshmi Ashtakam,True,7BEYmt8EeX8,https://youtube.com/shorts/7BEYmt8EeX8?si=kqi58ODFW_qjBs1A
764,Success,Strotam,"Apadamapahartaram Dataram Sarvasampadam.
Lokabhiramam Shriramam Bhuyo Bhuyo Namamyaham.","Apadamapahartaram Dataram Sarvasampadam.
Lokabhiramam Shriramam Bhuyo Bhuyo Namamyaham.",True,y-Xv63obhKI,https://youtu.be/y-Xv63obhKI?si=M5eZNo40oYpESgJA
765,Success,Strotam,Shri Suktam,Shri Suktam,True,8hbV_LQKvv0,https://youtube.com/shorts/8hbV_LQKvv0?si=k4cFAIlX83ys0rDI
766,Success,Strotam,Bajrang Baan,Bajrang Baan,True,h1lT6cxwsPw,https://youtu.be/h1lT6cxwsPw?si=KdhV4ABeZuxVKiuY
767,Success,Strotam,Saraswati Stotra,Saraswati Stotra,True,log_B4nMkH0,https://youtu.be/log_B4nMkH0?si=T7hhpGvgFFSaNdjq
768,Success,Strotam,Narayan Kavach,Narayan Kavach,True,BBV0HQI3NB4,https://youtu.be/BBV0HQI3NB4?si=LjPC9hE-1m_fAsBa
769,Success,Strotam,Shiv Panchakshar Stotram:,Shiv Panchakshar Stotram:,True,3rJ4HVA9cII,https://youtu.be/3rJ4HVA9cII?si=euKFMGNZX2c0rt5p
770,Success,Strotam,Sankatmochan Hanuman Ashtak,Sankatmochan Hanuman Ashtak,True,HH_a6aRO1TE,https://youtu.be/HH_a6aRO1TE?si=k0J6WxtRY4t4yhi1
771,Success,Stuti,Ganesh Stuti,Ganesh Stuti,True,agqwzb3YzQ0,https://youtu.be/agqwzb3YzQ0?si=XnSUpCXTo4pmEzDK
772,Success,Stuti,Shri Ramchandra Kripalu,Shri Ramchandra Kripalu,True,leVoi6kkp3o,https://youtu.be/leVoi6kkp3o?si=v3atP52xIcpUEFs8
773,Success,Stuti,"Atulitbaladhamam Hemashailabhadeham,","Atulitbaladhamam Hemashailabhadeham,",True,CIl1O1GwOfk,https://youtu.be/CIl1O1GwOfk?si=0PLRHfGike1eIJPN
774,Success,Stuti,Saraswati Stuti,Saraswati Stuti,True,Njc1Hu6WPDU,https://youtu.be/Njc1Hu6WPDU?si=2e_xq2AoGxLJomUg
775,Success,Stuti,Lakshmi Stuti,Lakshmi Stuti,True,yfYUZ6juevk,https://youtu.be/yfYUZ6juevk?si=txXjqTklefjUdFv9
776,Success,Stuti,Surya Stuti,Surya Stuti,True,BIK_VYd2RQw,https://youtu.be/BIK_VYd2RQw?si=XrxIX1rsAAm4V_V9
777,Success,Stuti,Shiv Stuti,Shiv Stuti,True,Nod_i0EKVRw,https://youtu.be/Nod_i0EKVRw?si=dnGltyIGNaTvUMWF
778,Success,Stuti,Shantakaram Bhujagashayanam Padmanabham Suresham,Shantakaram Bhujagashayanam Padmanabham Suresham,True,Im5TK-glA9M,https://youtu.be/Im5TK-glA9M?si=9nkexVkWvXGF3cUA
779,Success,Stuti,Sarvamangala Mangalye,Sarvamangala Mangalye,True,Yof1Vrh5TK0,https://youtu.be/Yof1Vrh5TK0?si=s3diaEG-5Tn4r_2c
780,Success,Stuti,Om Jai Jagdish Hare,Om Jai Jagdish Hare,True,NE3SWh9_vR4,https://youtu.be/NE3SWh9_vR4?si=z8FGFGAzZeFHBd2I
781,Success,Chalisa,Hanuman Chalisa,Hanuman Chalisa,True,AETFvQonfV8,https://youtu.be/AETFvQonfV8?si=YezmW2nYi76Eoi6Q
782,Success,Chalisa,Shri Ganesh Chalisa,Shri Ganesh Chalisa,True,WyHFSjN0miU,https://youtu.be/WyHFSjN0miU?si=pCUb4V5RltoNG-DB
783,Success,Chalisa,Shri Lakshmi Chalisa,Shri Lakshmi Chalisa,True,aLKLcvJZ2Hc,https://youtu.be/aLKLcvJZ2Hc?si=LghSz9KgBnH3YqXK
784,Success,Chalisa,Shri Durga Chalisa,Shri Durga Chalisa,True,fsMzgFMMGxA,https://youtu.be/fsMzgFMMGxA?si=vMcngDgu3vYUf4te
785,Success,Chalisa,Shri Saraswati Chalisa,Shri Saraswati Chalisa,True,jRjRip7JyjM,https://youtu.be/jRjRip7JyjM?si=cMhmyBbA48bP47eA
786,Success,Bhajan,Itni Shakti Humein Dena Data,Itni Shakti Humein Dena Data,True,3EnLaJKhO2A,https://youtu.be/3EnLaJKhO2A?si=7gCDpVLnLz5KZhbG
787,Success,Bhajan,Ram Naam Ke Heere Moti,Ram Naam Ke Heere Moti,True,6BJR_j4FHz4,https://youtu.be/6BJR_j4FHz4?si=hRLU-bLSvuuKWHgs
788,Success,Bhajan,Aisi Lagi Lagan,Aisi Lagi Lagan,True,dnCE-kSHES0,https://youtu.be/dnCE-kSHES0?si=cYpIjXtwIhaE19YB
789,Success,Bhajan,O Palanhare,O Palanhare,True,kbMinfmC3E0,https://youtu.be/kbMinfmC3E0?si=EORk1j1UQxAqRLLu
790,Success,Bhajan,Mera Aapki Kripa Se,Mera Aapki Kripa Se,True,C9EespXQCGE,https://youtu.be/C9EespXQCGE?si=IyEpmHHsEOLzOuXF
791,Success,Bhajan,Humko Man Ki Shakti Dena,Humko Man Ki Shakti Dena,True,kLsTGj_BrzA,https://youtu.be/kLsTGj_BrzA?si=ayltyP-BnUnCaP9h
792,Success,Bhajan,Jag Mein Sundar Hain Do Naam,Jag Mein Sundar Hain Do Naam,True,d-jNUB84poM,https://youtu.be/d-jNUB84poM?si=9KzaBmCLsS10eoyb
793,Success,Bhajan,Achyutam Keshavam Krishna Damodaram,Achyutam Keshavam Krishna Damodaram,True,3yczGKnskts,https://youtu.be/3yczGKnskts?si=FvdBzJon0L1sUzSE
794,Success,Bhajan,Prabhu Ji Tum Chandan Hum Paani,Prabhu Ji Tum Chandan Hum Paani,True,mhK03kecgr0,https://youtu.be/mhK03kecgr0?si=Sngj8gaqnxIXRDkx
795,Success,Bhajan,Jai Hanuman Gyan Gun Sagar,Jai Hanuman Gyan Gun Sagar,True,HSmjdnH8gQs,https://youtu.be/HSmjdnH8gQs?si=o6UWgxSp3h1GflBN
796,Success,Shloka,Karmanyevadhikaraste,Karmanyevadhikaraste,True,m0VD0vSXNXQ,https://youtu.be/m0VD0vSXNXQ?si=rYvcj8atb4ReJtxk
797,Success,Shloka,Vijay Shlok,Vijay Shlok,True,b-NuoK3gfuc,https://youtube.com/shorts/b-NuoK3gfuc?si=PHObrCIYkVvrbSJ6
798,Success,Shloka,Ganesha Shlok,Ganesha Shlok,True,1mCkCzBIvDo,https://youtube.com/shorts/1mCkCzBIvDo?si=gbomNeAXomyRR6Xw
799,Success,Shloka,Gayatri Mantra,Gayatri Mantra,True,nwRoHC83wx0,https://youtu.be/nwRoHC83wx0?si=f1Akd4C3BSvXNJaE
800,Success,Shloka,Saraswati Shlok,Saraswati Shlok,True,Asb3NCYzDnM,https://youtube.com/shorts/Asb3NCYzDnM?si=2Ip-bhoGeriuglXN
801,Success,Shloka,Udyamen Hi Sidhyanti Karyani Na Manorathaih,Udyamen Hi Sidhyanti Karyani Na Manorathaih,True,WCcW1Efq3W4,https://youtu.be/WCcW1Efq3W4?si=-ql30mOBC_JbYjXP
802,Success,Shloka,Upanishad Shanti Path,Upanishad Shanti Path,True,vfzibQrVPoM,https://youtu.be/vfzibQrVPoM?si=y7xPU6cE7-JtCkvc
803,Success,Shloka,Guru Shlok,Guru Shlok,True,fGShWlmiDyE,https://youtube.com/shorts/fGShWlmiDyE?si=sHBTIs2BRo6Bf0Pj
804,Diwali,Mantra,Ganesh Gayatri,Ganesh Gayatri,True,dkVlpm1mKFI,https://youtu.be/dkVlpm1mKFI?si=vJFkS8R3-PMxX_Ji
805,Diwali,Mantra,Mahalakshmi Beej Mantra,Mahalakshmi Beej Mantra,True,bcs4geISuy0,https://youtu.be/bcs4geISuy0?si=iIlUMsgUwP0VAQdf
806,Diwali,Mantra,Mahalakshmi Beej Mantra,Mahalakshmi Beej Mantra,True,bcs4geISuy0,https://youtu.be/bcs4geISuy0?si=iIlUMsgUwP0VAQdf
807,Diwali,Mantra,Shri Suktam:,Shri Suktam:,True,OC7LQxuhQUU,https://youtu.be/OC7LQxuhQUU?si=Dk4q0uGOrbCSfm7I
808,Diwali,Mantra,Ganesha Shlok,Ganesha Shlok,True,1mCkCzBIvDo,https://youtube.com/shorts/1mCkCzBIvDo?si=gbomNeAXomyRR6Xw
809,Diwali,Mantra,Lakshmi Gayatri Mantra,Lakshmi Gayatri Mantra,True,HeqiNrjiCfk,https://youtu.be/HeqiNrjiCfk?si=EyUBWgbK16-rLLp0
810,Diwali,Mantra,Saraswati Mantra,Saraswati Mantra,True,-NqX8zOZ62w,https://youtu.be/-NqX8zOZ62w?si=DWcjvgR9t3KYkz-D
811,Diwali,Mantra,Mool Beej Mantra,Mool Beej Mantra,True,Naruxgq6oMU,https://youtu.be/Naruxgq6oMU?si=xqSFGrw15ZFcqKY-
812,Diwali,Mantra,Mahalakshmi Ashtakam,Mahalakshmi Ashtakam,True,7BEYmt8EeX8,https://youtube.com/shorts/7BEYmt8EeX8?si=kqi58ODFW_qjBs1A
813,Diwali,Mantra,Shri Vishnu Stuti,Shri Vishnu Stuti,True,XAxNnRPoyiU,https://youtu.be/XAxNnRPoyiU?si=SzEsaZlOfS48Hd-b
814,Diwali,Mantra,Gayatri Mantra,Gayatri Mantra,True,nwRoHC83wx0,https://youtu.be/nwRoHC83wx0?si=f1Akd4C3BSvXNJaE
815,Diwali,Aarti,Lakshmi Ji Ki Aarti,Lakshmi Ji Ki Aarti,True,zdZ67AM47u8,https://youtu.be/zdZ67AM47u8?si=Ff03RfC0f0Fll-oI
816,Diwali,Aarti,Jai Ganesh Jai Ganesh Deva,Jai Ganesh Jai Ganesh Deva,True,Yuex2EnsGiY,https://youtu.be/Yuex2EnsGiY?si=0_Pq00ZXiWo3JeVx
817,Diwali,Aarti,Om Jai Jagdish Hare,Om Jai Jagdish Hare,True,NE3SWh9_vR4,https://youtu.be/NE3SWh9_vR4?si=oJOVnsbkOB7Qxw5b
818,Diwali,Aarti,Kuber Ji Ki Aarti,Kuber Ji Ki Aarti,True,c0J1WntPaDg,https://youtu.be/c0J1WntPaDg?si=PMqDiJZ9LjbiqiFk
819,Diwali,Bhajan,Mahalakshmi Ashtakam,Mahalakshmi Ashtakam,True,7BEYmt8EeX8,https://youtube.com/shorts/7BEYmt8EeX8?si=kqi58ODFW_qjBs1A
820,Diwali,Bhajan,Shri Suktam:,Shri Suktam:,True,OC7LQxuhQUU,https://youtu.be/OC7LQxuhQUU?si=Dk4q0uGOrbCSfm7I
821,Diwali,Bhajan,Shri Ram Chandra Kripalu Bhaju Man,Shri Ram Chandra Kripalu Bhaju Man,True,EiBdfBciDA0,https://youtu.be/EiBdfBciDA0?si=nmwSs611cJ-RuV8D
822,Diwali,Bhajan,Maiya Lakshmi Ji Ki Amritwani,Maiya Lakshmi Ji Ki Amritwani,True,dHaorYzhsMQ,https://youtu.be/dHaorYzhsMQ?si=-1r8kafoFsK3S4_k
823,Diwali,Bhajan,Jai Ganesh Jai Ganesh Deva,Jai Ganesh Jai Ganesh Deva,True,Yuex2EnsGiY,https://youtu.be/Yuex2EnsGiY?si=SN2TjtMVVhHmp7gl
824,Diwali,Bhajan,Shri Lakshmi Chalisa,Shri Lakshmi Chalisa,True,aLKLcvJZ2Hc,https://youtu.be/aLKLcvJZ2Hc?si=LghSz9KgBnH3YqXK
825,Diwali,Bhajan,Shri Ramchandra Kripalu,Shri Ramchandra Kripalu,True,leVoi6kkp3o,https://youtu.be/leVoi6kkp3o?si=v3atP52xIcpUEFs8
826,Diwali,Bhajan,Achyutam Keshavam Krishna Damodaram,Achyutam Keshavam Krishna Damodaram,True,3yczGKnskts,https://youtu.be/3yczGKnskts?si=kXnjK3iThd_asoFy
827,Diwali,Bhajan,Thumak Chalat Ramchandra Bajat Painjaniya,Thumak Chalat Ramchandra Bajat Painjaniya,True,PT1CwFIoc98,https://youtu.be/PT1CwFIoc98?si=xAYsyfQq1WC7E0z_
828,Diwali,Bhajan,Mahalakshmi Kavach,Mahalakshmi Kavach,True,OvimStyyQWI,https://youtu.be/OvimStyyQWI?si=SwrQDOQ7f47RApTT
829,Diwali,Bhajan,Vishnu Sahasranama,Vishnu Sahasranama,True,EvzntcbyjFU,https://youtu.be/EvzntcbyjFU?si=hm8jdvkNsk7IYzFJ
830,Diwali,Katha,श्री राम का आगमन,श्री राम का आगमन,True,tj6yKxSPQZQ,https://youtu.be/tj6yKxSPQZQ?si=_x0KiFTx5Dwnc27J
831,Diwali,Katha,नरकासुर वध,नरकासुर वध,True,V5bvJlR38xE,https://youtu.be/V5bvJlR38xE?si=Cmm8uCXgEtB9CWux
832,Diwali,Katha,Lakshmi Ji Ki Avatar Katha |,Lakshmi Ji Ki Avatar Katha |,True,BL5lLnsLUrA,https://youtu.be/BL5lLnsLUrA?si=gbst_MpkoyNGs-vd
833,Janmashtami,Mantra,Mukti Mantra,Mukti Mantra,True,felGgBmnx-I,https://youtu.be/felGgBmnx-I?si=YoB5C1tli8tX3Kpx
834,Janmashtami,Mantra,Mahamantra,Mahamantra,True,Zdcth9NndEA,https://youtu.be/Zdcth9NndEA?si=cBoFKjOpIFF2NbjP
835,Janmashtami,Mantra,Krishna Gayatri,Krishna Gayatri,True,yzwVyns93nc,https://youtu.be/yzwVyns93nc?si=UqzAJ3pjM1DUhsI7
836,Janmashtami,Mantra,Santan Gopal Mantra,Santan Gopal Mantra,True,U5XZNBFMFm4,https://youtube.com/shorts/U5XZNBFMFm4?si=ZQOWvCHdZfFJKL7h
837,Janmashtami,Mantra,Om Kleem Krishnaya Namah,Om Kleem Krishnaya Namah,True,WqiKUywr55o,https://youtu.be/WqiKUywr55o?si=sx_88WGHIxnkZoNM
838,Janmashtami,Mantra,Klesh Nashak Mantra,Klesh Nashak Mantra,True,OLWnCrUl6yA,https://youtu.be/OLWnCrUl6yA?si=yTdHh02DhHtKHuLe
839,Janmashtami,Mantra,Shri Krishnaya Sharanam Mama,Shri Krishnaya Sharanam Mama,True,1y2tRqtND1Y,https://youtu.be/1y2tRqtND1Y?si=j1s6RWWKKwE9EShB
840,Janmashtami,Mantra,Govind Mantra,Govind Mantra,True,0grOjMCVG_w,https://youtu.be/0grOjMCVG_w?si=Hnt_Ffu39XgFWHSn
841,Janmashtami,Mantra,Madhurashtakam,Madhurashtakam,True,sdZpM8paUnM,https://youtu.be/sdZpM8paUnM?si=nAeAA34E_6X4S8uO
842,Janmashtami,Mantra,Achyutam Keshavam Krishna Damodaram,Achyutam Keshavam Krishna Damodaram,True,3yczGKnskts,https://youtu.be/3yczGKnskts?si=kXnjK3iThd_asoFy
843,Janmashtami,Aarti,Aarti Kunjbihari Ki,Aarti Kunjbihari Ki,True,EMO1AT1UQf0,https://youtu.be/EMO1AT1UQf0?si=MkZfeLJzerN3VqU3
844,Janmashtami,Aarti,Jai Ganesh Jai Ganesh Deva,Jai Ganesh Jai Ganesh Deva,True,Yuex2EnsGiY,https://youtu.be/Yuex2EnsGiY?si=0_Pq00ZXiWo3JeVx
845,Janmashtami,Aarti,Aarti Shri Banke Bihari Teri Aarti Gaun,Aarti Shri Banke Bihari Teri Aarti Gaun,True,6LO2PRgbutc,https://youtu.be/6LO2PRgbutc?si=5jlVXHicQQJxmGEG
846,Janmashtami,Aarti,Om Jai Jagdish Hare,Om Jai Jagdish Hare,True,NE3SWh9_vR4,https://youtu.be/NE3SWh9_vR4?si=oJOVnsbkOB7Qxw5b
847,Janmashtami,Bhajan,Madhurashtakam,Madhurashtakam,True,sdZpM8paUnM,https://youtu.be/sdZpM8paUnM?si=nAeAA34E_6X4S8uO
848,Janmashtami,Bhajan,Achyutam Keshavam Krishna Damodaram,Achyutam Keshavam Krishna Damodaram,True,3yczGKnskts,https://youtu.be/3yczGKnskts?si=kXnjK3iThd_asoFy
849,Janmashtami,Bhajan,Yashomati Maiya Se Bole,Yashomati Maiya Se Bole,True,RIYVVqu2XY4,https://youtu.be/RIYVVqu2XY4?si=zZcShWvTzV_kAWCQ
850,Janmashtami,Bhajan,Govind Bolo Hari Gopal Bolo,Govind Bolo Hari Gopal Bolo,True,QUw-FAmmaGw,https://youtu.be/QUw-FAmmaGw?si=EXBCGPVYhs5y2T4D
851,Janmashtami,Bhajan,Nand Ke Anand Bhayo Jai Kanhaiya Lal Ki,Nand Ke Anand Bhayo Jai Kanhaiya Lal Ki,True,dUJG4REgj8o,https://youtu.be/dUJG4REgj8o?si=FEiQaZGLOw08y30s
852,Janmashtami,Bhajan,Chhoti Chhoti Gaiya Chhote Chhote Gwal,Chhoti Chhoti Gaiya Chhote Chhote Gwal,True,XzqJUoSDHZU,https://youtu.be/XzqJUoSDHZU?si=8-LAQkUg8tq7ov6T
853,Janmashtami,Bhajan,Mere Banke Bihari Lal,Mere Banke Bihari Lal,True,P1R6Bk0C_BM,https://youtu.be/P1R6Bk0C_BM?si=inh8vmHBJW8J7oYN
854,Janmashtami,Bhajan,Shyam Teri Bansi Pukare Radha Naam,Shyam Teri Bansi Pukare Radha Naam,True,XJqKbDxAa3U,https://youtu.be/XJqKbDxAa3U?si=8QX2YAec4EyoDiPP
855,Janmashtami,Bhajan,Shri Krishna Govind Hare Murari,Shri Krishna Govind Hare Murari,True,ne3Mjg1M-Uo,https://youtu.be/ne3Mjg1M-Uo?si=xT7OOKlB5SXv2bDf
856,Janmashtami,Bhajan,Aisi Lagi Lagan,Aisi Lagi Lagan,True,dnCE-kSHES0,https://youtu.be/dnCE-kSHES0?si=yTCI8n72etTZr0XL
857,Janmashtami,Katha,Shri Krishna Janm Katha:,Shri Krishna Janm Katha:,True,DCkMeVhmiC4,https://youtu.be/DCkMeVhmiC4?si=yxxvmUMREHx5iv2a
858,Janmashtami,Katha,पूतना वध की कथा,पूतना वध की कथा,True,s6eY3KmckxM,https://youtu.be/s6eY3KmckxM?si=snJjDcySedBSkWXG
859,Janmashtami,Katha,Govardhan Ji Katha,Govardhan Ji Katha,True,mmVbmowFswQ,https://youtu.be/mmVbmowFswQ?si=4Pq4-LiYvLPJNzNH
860,Janmashtami,Katha,कालिया नाग मर्दन,कालिया नाग मर्दन,True,RsBjj-D9yNA,https://youtu.be/RsBjj-D9yNA?si=V-Ft5Yq0hG1iLEl7
861,Dussehra,Mantra,Om Ramaya Namah,Om Ramaya Namah,True,CA8RcKyO0Y4,https://youtu.be/CA8RcKyO0Y4?si=lQGTY9Ov96Uhu8JI
862,Dussehra,Mantra,अपराजिता मंत्र,अपराजिता मंत्र,True,L1thhiT_Hq0,https://youtu.be/L1thhiT_Hq0?si=p77WkcVu8MRuE5Mk
863,Dussehra,Mantra,भय नाशक मंत्र,भय नाशक मंत्र,True,snRINfVgunw,https://youtu.be/snRINfVgunw?si=OBhIF1xWjPyu43K6
864,Dussehra,Mantra,Beej Mantra,Beej Mantra,True,jB4aaP2X7S4,https://youtu.be/jB4aaP2X7S4?si=m9_aarWrjCpP8nDx
865,Dussehra,Mantra,सिद्धि मंत्र,सिद्धि मंत्र,True,vlc0vWvSrOM,https://youtu.be/vlc0vWvSrOM?si=kqXnkvDI7kec51Je
866,Dussehra,Mantra,Om Namo Bhagavate Ramchandraya,Om Namo Bhagavate Ramchandraya,True,sRjLbmFjjQ0,https://youtu.be/sRjLbmFjjQ0?si=BflcnYp06jrhbI1r
867,Dussehra,Mantra,राम गायत्री मंत्र,राम गायत्री मंत्र,True,7jwEnIwT_kk,https://youtu.be/7jwEnIwT_kk?si=Mm_qCEbi9iNrHK62
868,Dussehra,Aarti,Shri Ramchandra Kripalu,Shri Ramchandra Kripalu,True,leVoi6kkp3o,https://youtu.be/leVoi6kkp3o?si=v3atP52xIcpUEFs8
869,Dussehra,Aarti,आरती कीजै रामलला की,आरती कीजै रामलला की,True,3_QR2HxO3N4,https://youtu.be/3_QR2HxO3N4?si=Yits6lNC08jSD5UK
870,Dussehra,Aarti,Aarti Keeje Hanuman Lala Ki,Aarti Keeje Hanuman Lala Ki,True,r7GJ8GoGSD8,https://youtu.be/r7GJ8GoGSD8?si=_XwHYxWLE9gLr6gI
871,Dussehra,Aarti,"Ambe Tu Hai Jagdambe Kali, Jai Durge Khappar Wali","Ambe Tu Hai Jagdambe Kali, Jai Durge Khappar Wali",True,dVTUUtOHUCA,https://youtu.be/dVTUUtOHUCA?si=Kos_i0o8NA3VrmOj
872,Dussehra,Aarti,Om Jai Jagdish Hare,Om Jai Jagdish Hare,True,NE3SWh9_vR4,https://youtu.be/NE3SWh9_vR4?si=oJOVnsbkOB7Qxw5b
873,Dussehra,Strotam,"Apadamapahartaram Dataram Sarvasampadam.
Lokabhiramam Shriramam Bhuyo Bhuyo Namamyaham.","Apadamapahartaram Dataram Sarvasampadam.
Lokabhiramam Shriramam Bhuyo Bhuyo Namamyaham.",True,y-Xv63obhKI,https://youtu.be/y-Xv63obhKI?si=M5eZNo40oYpESgJA
874,Dussehra,Strotam,Aditya Hridaya Stotra:,Aditya Hridaya Stotra:,True,invPCYDaWUE,https://youtu.be/invPCYDaWUE?si=-cwsyKTg-INmshaY
875,Dussehra,Strotam,Shri Ramchandra Kripalu,Shri Ramchandra Kripalu,True,leVoi6kkp3o,https://youtu.be/leVoi6kkp3o?si=v3atP52xIcpUEFs8
876,Dussehra,Strotam,"Ambe Tu Hai Jagdambe Kali, Jai Durge Khappar Wali","Ambe Tu Hai Jagdambe Kali, Jai Durge Khappar Wali",True,dVTUUtOHUCA,https://youtu.be/dVTUUtOHUCA?si=Kos_i0o8NA3VrmOj
877,Dussehra,Strotam,Hanuman Chalisa,Hanuman Chalisa,True,AETFvQonfV8,https://youtu.be/AETFvQonfV8?si=YezmW2nYi76Eoi6Q
878,Dussehra,Strotam,Vishnu Sahasranama,Vishnu Sahasranama,True,EvzntcbyjFU,https://youtu.be/EvzntcbyjFU?si=hm8jdvkNsk7IYzFJ
879,Dussehra,Strotam,Shri Ram Ashtakam,Shri Ram Ashtakam,True,EvfGBluQkSk,https://youtu.be/EvfGBluQkSk?si=7z6NrixCl74aIvH_
880,Dussehra,Strotam,Bajrang Baan,Bajrang Baan,True,h1lT6cxwsPw,https://youtu.be/h1lT6cxwsPw?si=KdhV4ABeZuxVKiuY
881,Dussehra,Bhajan,Nagari Ho Ayodhya Si,Nagari Ho Ayodhya Si,True,ZkKStVgGEJY,https://youtu.be/ZkKStVgGEJY?si=3ByfjplaH0mUbK5v
882,Dussehra,Bhajan,मंगल भवन अमंगल हारी,मंगल भवन अमंगल हारी,True,0rWQi2OWezo,https://youtu.be/0rWQi2OWezo?si=B6lBpLuUPknXnb2D
883,Dussehra,Bhajan,मेरे सरकार आए हैं,मेरे सरकार आए हैं,True,ukq70I4YDP8,https://youtu.be/ukq70I4YDP8?si=iYTlYHdKfxHOlv8_
884,Dussehra,Bhajan,सुख के सब साथी,सुख के सब साथी,True,4VqeqbzJxbc,https://youtu.be/4VqeqbzJxbc?si=0n0edKyje9U0o6le
885,Dussehra,Bhajan,Ram Ji Ki Nikli Sawari,Ram Ji Ki Nikli Sawari,True,bZ-Zrc-GPoc,https://youtu.be/bZ-Zrc-GPoc?si=cw_EX8USJqc4e0KA
886,Dussehra,Bhajan,Thumak Chalat Ramchandra Bajat Painjaniya,Thumak Chalat Ramchandra Bajat Painjaniya,True,PT1CwFIoc98,https://youtu.be/PT1CwFIoc98?si=Il-i74wqg1etBqxF
887,Dussehra,Bhajan,Duniya Chale Na Shri Ram Ke Bina,Duniya Chale Na Shri Ram Ke Bina,True,sDhrWWWBQLI,https://youtu.be/sDhrWWWBQLI?si=q8A3dtzw-Pz1pxK1
888,Dussehra,Bhajan,राम जी का नाम लेकर,राम जी का नाम लेकर,True,rPUuIMR7IJg,https://youtu.be/rPUuIMR7IJg?si=Ih0RY7ld8sJvMgQ6
889,Dussehra,Bhajan,कभी राम बनके कभी श्याम,कभी राम बनके कभी श्याम,True,mZjySBOJj10,https://youtu.be/mZjySBOJj10?si=hNqlQH7zayev0e3e
890,Dussehra,Bhajan,Ram Naam Ke Heere Moti,Ram Naam Ke Heere Moti,True,6BJR_j4FHz4,https://youtu.be/6BJR_j4FHz4?si=hRLU-bLSvuuKWHgs
891,Dussehra,Katha,Vijayadashami - Ram Ravan Antim Yudh Ki Sampurn Katha |,Vijayadashami - Ram Ravan Antim Yudh Ki Sampurn Katha |,True,MtbVsknZP-A,https://youtu.be/MtbVsknZP-A?si=uMbJViu_PvND-iuY
892,Dussehra,Katha,महिषासुर मर्दन,महिषासुर मर्दन,True,897iHQ6bPbU,https://youtu.be/897iHQ6bPbU?si=yutaXaaJ0l7YzH9U
893,MahaShivratri,Mantra,Shiv Panchakshar,Shiv Panchakshar,True,AK-fDVxDV6A,https://youtube.com/shorts/AK-fDVxDV6A?si=hJqXBNcFgGpUmF7A
894,MahaShivratri,Mantra,Mahamrityunjay Mantra,Mahamrityunjay Mantra,True,OV9LXGOXjgs,https://youtu.be/OV9LXGOXjgs?si=0izGm1eYkmBS0343
895,MahaShivratri,Mantra,Shiv Gayatri Mantra,Shiv Gayatri Mantra,True,ytV08faCJwg,https://youtu.be/ytV08faCJwg?si=eXY_cZGO-FsueNS1
896,MahaShivratri,Mantra,Shiv Gayatri Mantra,Shiv Gayatri Mantra,True,ytV08faCJwg,https://youtu.be/ytV08faCJwg?si=5OYB2QhpM3Jyjw28
897,MahaShivratri,Mantra,Shiv Shlok,Shiv Shlok,True,IPmuTHmizWo,https://youtube.com/shorts/IPmuTHmizWo?si=XZ2PxqPnPCnTi9QR
898,MahaShivratri,Mantra,सिद्धि मंत्र,सिद्धि मंत्र,True,vlc0vWvSrOM,https://youtu.be/vlc0vWvSrOM?si=kqXnkvDI7kec51Je
899,MahaShivratri,Mantra,Rudra Mantra,Rudra Mantra,True,iEAPaA9Yf1s,https://youtu.be/iEAPaA9Yf1s?si=lGmdeqXsCqtQQzx1
900,MahaShivratri,Mantra,Shiv Stuti Mantra,Shiv Stuti Mantra,True,Ly_Md1OOyTE,https://youtu.be/Ly_Md1OOyTE?si=ni-k1rrLMF2suMfD
901,MahaShivratri,Strotam,Shiv Tandav Stotram,Shiv Tandav Stotram,True,S980-z1qx3g,https://youtu.be/S980-z1qx3g?si=mdxNJBopqX3nNpBz
902,MahaShivratri,Strotam,Shiv Rudrashtakam Stuti,Shiv Rudrashtakam Stuti,True,8xvbnfVIJL4,https://youtu.be/8xvbnfVIJL4?si=_w4OfD0T9j_4Ro1r
903,MahaShivratri,Strotam,लिंगाष्टकम,लिंगाष्टकम,True,6D1FdZczNXI,https://youtu.be/6D1FdZczNXI?si=HhkiWFaq0I_CSFs-
904,MahaShivratri,Strotam,Shiv Manas Puja,Shiv Manas Puja,True,zukqadAe9N8,https://youtu.be/zukqadAe9N8?si=c6fU3iNcPs4fnzy_
905,MahaShivratri,Strotam,द्वादश ज्योतिर्लिंग स्तोत्र,द्वादश ज्योतिर्लिंग स्तोत्र,True,QgkBIoUeAa0,https://youtu.be/QgkBIoUeAa0?si=etWL2dCG7qHJW8UX
906,MahaShivratri,Strotam,शिव पंचाक्षर स्तोत्र,शिव पंचाक्षर स्तोत्र,True,xFvfdjw2eno,https://youtu.be/xFvfdjw2eno?si=d8Bz_map05AF4Ekj
907,MahaShivratri,Strotam,बिल्वाष्टकम,बिल्वाष्टकम,True,s9o8JD8PU6w,https://youtu.be/s9o8JD8PU6w?si=NdbU-vNmPd5XXH0H
908,MahaShivratri,Strotam,शिव महिम्न स्तोत्र,शिव महिम्न स्तोत्र,True,xaKaZvgkKm8,https://youtu.be/xaKaZvgkKm8?si=S78-0Gmt-ZokKrpm
909,MahaShivratri,Strotam,वेदसार शिव स्तोत्र,वेदसार शिव स्तोत्र,True,cNvPNnhiSo8,https://youtu.be/cNvPNnhiSo8?si=8xy43ALgaQcYsQV-
910,MahaShivratri,Strotam,Mahamrityunjay Mantra,Mahamrityunjay Mantra,True,OV9LXGOXjgs,https://youtu.be/OV9LXGOXjgs?si=9xpVAx95c3g2zoh6
911,MahaShivratri,Bhajan,Shiv Shankar Ko Jisne Puja,Shiv Shankar Ko Jisne Puja,True,w7HbgKcQS_w,https://youtu.be/w7HbgKcQS_w?si=9LtJV_tRsaENcyyg
912,MahaShivratri,Bhajan,मेरा भोला है भंडारी,मेरा भोला है भंडारी,True,gaJR15qWTDA,https://youtu.be/gaJR15qWTDA?si=YjZV_xqQyOwRcX-i
913,MahaShivratri,Bhajan,शिव कैलाशों के वासी,शिव कैलाशों के वासी,True,PlIoHp6v3LI,https://youtu.be/PlIoHp6v3LI?si=5OhUwGm9BeenQ6AQ
914,MahaShivratri,Bhajan,मन मेरा मंदिर शिव मेरी पूजा,मन मेरा मंदिर शिव मेरी पूजा,True,S6HFRZmZrTI,https://youtu.be/S6HFRZmZrTI?si=l6hw1fGuaYEXLM0K
915,MahaShivratri,Bhajan,सत्यम शिवम सुंदरम,सत्यम शिवम सुंदरम,True,3HwifzYsSeA,https://youtu.be/3HwifzYsSeA?si=3-gdKJEEngGEIV6f
916,MahaShivratri,Bhajan,नगर में जोगी आया,नगर में जोगी आया,True,awGyMNeThgQ,https://youtu.be/awGyMNeThgQ?si=ADmIyULOAZL2gy7C
917,MahaShivratri,Bhajan,भोले ओ भोले,भोले ओ भोले,True,zkUxRCOUWVo,https://youtu.be/zkUxRCOUWVo?si=iB21dUCzH49ADVXn
918,MahaShivratri,Bhajan,ऐसी सुबह ना आए,ऐसी सुबह ना आए,True,rNSfDMxWHG8,https://youtu.be/rNSfDMxWHG8?si=6whX6JaH6V_vfSA4
919,MahaShivratri,Bhajan,बम लहरी,बम लहरी,True,iR8cieM-CFs,https://youtu.be/iR8cieM-CFs?si=p13R2NEb8EoWiSTR
920,MahaShivratri,Bhajan,शिव जी सत्य है,शिव जी सत्य है,True,kR4LMcp_AFI,https://youtu.be/kR4LMcp_AFI?si=fzx4iasop3dNiy4s
921,MahaShivratri,Katha,शिव पार्वती विवाह की संपूर्ण कथा,शिव पार्वती विवाह की संपूर्ण कथा,True,HHtMKIeMBAk,https://youtu.be/HHtMKIeMBAk?si=eUWok9Kg2Onxu6Il
922,GaneshChaturthi,Mantra,Mool Beej Mantra,Mool Beej Mantra,True,Naruxgq6oMU,https://youtu.be/Naruxgq6oMU?si=xqSFGrw15ZFcqKY-
923,GaneshChaturthi,Mantra,Om Vakratundaya Hum,Om Vakratundaya Hum,True,cidhzMLBUPQ,https://youtu.be/cidhzMLBUPQ?si=fXMWhEu5ZeeOpj3l
924,GaneshChaturthi,Mantra,सिद्धि विनायक मंत्र,सिद्धि विनायक मंत्र,True,WawKv8E20KA,https://youtu.be/WawKv8E20KA?si=x3wVEkjdEi04Isk0
925,GaneshChaturthi,Mantra,Ganesh Gayatri,Ganesh Gayatri,True,dkVlpm1mKFI,https://youtu.be/dkVlpm1mKFI?si=vJFkS8R3-PMxX_Ji
926,GaneshChaturthi,Mantra,Ganesha Shlok,Ganesha Shlok,True,1mCkCzBIvDo,https://youtube.com/shorts/1mCkCzBIvDo?si=gbomNeAXomyRR6Xw
927,GaneshChaturthi,Mantra,ऋद्धि-सिद्धि मंत्र,ऋद्धि-सिद्धि मंत्र,True,Qvu09XysxWw,https://youtu.be/Qvu09XysxWw?si=2rCzQ7OWozkWCYhx
928,GaneshChaturthi,Mantra,Om Shreem Gam Saubhagya Ganapataye Varvarada Sarvajanma Me Vashamanya Swaha,Om Shreem Gam Saubhagya Ganapataye Varvarada Sarvajanma Me Vashamanya Swaha,True,nbfyD78Dke0,https://youtu.be/nbfyD78Dke0?si=--jK-lqu9SvtXhzK
929,GaneshChaturthi,Mantra,Ganesh Stuti,Ganesh Stuti,True,agqwzb3YzQ0,https://youtu.be/agqwzb3YzQ0?si=XnSUpCXTo4pmEzDK
930,GaneshChaturthi,Strotam,Shri Sankatnashan Ganesh Stotra:,Shri Sankatnashan Ganesh Stotra:,True,aTFeZxXkL78,https://youtu.be/aTFeZxXkL78?si=dnS6JCgCFy-zz_xG
931,GaneshChaturthi,Strotam,Ganesh Atharvashirsha:,Ganesh Atharvashirsha:,True,Tssx17scqO4,https://youtu.be/Tssx17scqO4?si=gBPrZ12Ss-Z8E65l
932,GaneshChaturthi,Strotam,Shri Ganeshpancharatnam,Shri Ganeshpancharatnam,True,vYFOV9nj-_w,https://youtu.be/vYFOV9nj-_w?si=Fh10acxtqXypmgSV
933,GaneshChaturthi,Strotam,Shri Ganesh Chalisa,Shri Ganesh Chalisa,True,WyHFSjN0miU,https://youtu.be/WyHFSjN0miU?si=pCUb4V5RltoNG-DB
934,GaneshChaturthi,Strotam,Ganesh Ashtakam,Ganesh Ashtakam,True,BhrCfQ0xyp8,https://youtu.be/BhrCfQ0xyp8?si=Y8ihF6eLhRKE0QZ1
935,GaneshChaturthi,Strotam,ऋणमोचन गणेश स्तोत्र,ऋणमोचन गणेश स्तोत्र,True,ZSdGIRPRca0,https://youtu.be/ZSdGIRPRca0?si=JCfj8Mp_WSFKabzU
936,GaneshChaturthi,Strotam,गणपति गकार स्तोत्र,गणपति गकार स्तोत्र,True,Ab04UFqu-Qs,https://youtu.be/Ab04UFqu-Qs?si=Y71l_1lC5QwtYyiq
937,GaneshChaturthi,Strotam,Shri Ganesh Kavach:,Shri Ganesh Kavach:,True,av9FFShVYBU,https://youtu.be/av9FFShVYBU?si=cCKzcZmfK8byA0X8
938,GaneshChaturthi,Strotam,लम्बोदर स्तोत्र,लम्बोदर स्तोत्र,True,DZkdEN1cf8o,https://youtu.be/DZkdEN1cf8o?si=AtgM9TK_H5Acd7yX
939,GaneshChaturthi,Strotam,गणेश द्वादशनाम स्तोत्र,गणेश द्वादशनाम स्तोत्र,True,mGhfk_LKRjg,https://youtu.be/mGhfk_LKRjg?si=5ukbYBvhM7eSwtoS
940,GaneshChaturthi,Bhajan,देवा श्री गणेशा,देवा श्री गणेशा,True,RCCYorPLJmQ,https://youtu.be/RCCYorPLJmQ?si=BSLfeZMLzDux3CZE
941,GaneshChaturthi,Bhajan,Sukhakarta Dukhaharta Varta Vighnachi,Sukhakarta Dukhaharta Varta Vighnachi,True,gFr5p5AyuD0,https://youtu.be/gFr5p5AyuD0?si=d8JQg36LZDxyWjr3
942,GaneshChaturthi,Bhajan,Ghar Mein Padharo,Ghar Mein Padharo,True,nLUmRxc6140,https://youtu.be/nLUmRxc6140?si=TlXcstkGhRj6Ed0G
943,GaneshChaturthi,Bhajan,Ganpati Apne Gaon Chale,Ganpati Apne Gaon Chale,True,wiIJr3qihaQ,https://youtu.be/wiIJr3qihaQ?si=5q_29OGfvhaHvRka
944,GaneshChaturthi,Bhajan,Gajanana Shri Ganaraya,Gajanana Shri Ganaraya,True,fV8WIzEHD-E,https://youtu.be/fV8WIzEHD-E?si=27m-AHd4U1hn9Aq-
945,GaneshChaturthi,Bhajan,ओ माय फ्रेंड गणेशा,ओ माय फ्रेंड गणेशा,True,gZ8YH3LuJRc,https://youtu.be/gZ8YH3LuJRc?si=bCDFaHUgdYfKtW3f
946,GaneshChaturthi,Bhajan,Maurya Re Bappa Maurya Re,Maurya Re Bappa Maurya Re,True,8jff2wz3Hpk,https://youtu.be/8jff2wz3Hpk?si=QtQGpuxc7Mo_NdyC
947,GaneshChaturthi,Bhajan,Teri Jai Ho Ganesh,Teri Jai Ho Ganesh,True,enalr0CvqVM,https://youtu.be/enalr0CvqVM?si=XToEKXUbPLlC3Dqe
948,GaneshChaturthi,Bhajan,Shendur Lal Chadhayo Achchha Gajmukh Ko,Shendur Lal Chadhayo Achchha Gajmukh Ko,True,bo62sjQ0CmE,https://youtu.be/bo62sjQ0CmE?si=0zcZrViLINirsSiD
949,GaneshChaturthi,Bhajan,Ganesha Shlok,Ganesha Shlok,True,1mCkCzBIvDo,https://youtube.com/shorts/1mCkCzBIvDo?si=gbomNeAXomyRR6Xw
950,GaneshChaturthi,Bhajan,देवा हो देवा गणपति देवा,देवा हो देवा गणपति देवा,True,ftb-pobLDDM,https://youtu.be/ftb-pobLDDM?si=LSvIGqH8yQzsJeRe
951,GaneshChaturthi,Bhajan,Mere Man Mandir Mein Tum Bhagwan Rahe,Mere Man Mandir Mein Tum Bhagwan Rahe,True,GiUkwTxsaYA,https://youtu.be/GiUkwTxsaYA?si=cScu8MSnQaP0GaX3
952,RamNavami,Mantra,Om Ramaya Namah,Om Ramaya Namah,True,CA8RcKyO0Y4,https://youtu.be/CA8RcKyO0Y4?si=lQGTY9Ov96Uhu8JI
953,RamNavami,Mantra,Shri Ram Jai Ram Jai Jai Ram,Shri Ram Jai Ram Jai Jai Ram,True,-1udu-1LpOo,https://youtu.be/-1udu-1LpOo?si=pmbGDDSFyq5uJhX0
954,RamNavami,Mantra,राम गायत्री मंत्र,राम गायत्री मंत्र,True,-FvHYW5-fYM,https://youtu.be/-FvHYW5-fYM?si=opkQTKdooyDA3-Yb
955,RamNavami,Mantra,भय नाशक मंत्र,भय नाशक मंत्र,True,snRINfVgunw,https://youtu.be/snRINfVgunw?si=OBhIF1xWjPyu43K6
956,RamNavami,Mantra,Om Ram Ramaya Namah,Om Ram Ramaya Namah,True,-YVDlWff_5o,https://youtu.be/-YVDlWff_5o?si=NnLptGoA8ty1GuGv
957,RamNavami,Mantra,Om Shri Ramchandraya Namah,Om Shri Ramchandraya Namah,True,n_DeYZEy4Y4,https://youtu.be/n_DeYZEy4Y4?si=sUCnkqbCYX4M_5BL
958,RamNavami,Mantra,हनुमत-राम मंत्र,हनुमत-राम मंत्र,True,qGki_RZf2a8,https://youtu.be/qGki_RZf2a8?si=T7hPvehLav4MGrsI
959,RamNavami,Strotam,Shri Ramchandra Kripalu,Shri Ramchandra Kripalu,True,leVoi6kkp3o,https://youtu.be/leVoi6kkp3o?si=v3atP52xIcpUEFs8
960,RamNavami,Strotam,Shri Ramchandra Kripalu,Shri Ramchandra Kripalu,True,leVoi6kkp3o,https://youtu.be/leVoi6kkp3o?si=v3atP52xIcpUEFs8
961,RamNavami,Strotam,"Apadamapahartaram Dataram Sarvasampadam.
Lokabhiramam Shriramam Bhuyo Bhuyo Namamyaham.","Apadamapahartaram Dataram Sarvasampadam.
Lokabhiramam Shriramam Bhuyo Bhuyo Namamyaham.",True,y-Xv63obhKI,https://youtu.be/y-Xv63obhKI?si=M5eZNo40oYpESgJA
962,RamNavami,Strotam,Aditya Hridaya Stotra:,Aditya Hridaya Stotra:,True,invPCYDaWUE,https://youtu.be/invPCYDaWUE?si=-cwsyKTg-INmshaY
963,RamNavami,Strotam,Shri Ram Ashtakam,Shri Ram Ashtakam,True,EvfGBluQkSk,https://youtu.be/EvfGBluQkSk?si=7z6NrixCl74aIvH_
964,RamNavami,Strotam,Nama Ramayanam,Nama Ramayanam,True,9IqAtf_DTb8,https://youtu.be/9IqAtf_DTb8?si=7qKSbxov-_kWaUeO
965,RamNavami,Strotam,Hanuman Chalisa,Hanuman Chalisa,True,AETFvQonfV8,https://youtu.be/AETFvQonfV8?si=YezmW2nYi76Eoi6Q
966,RamNavami,Strotam,Shri Ram Chalisa,Shri Ram Chalisa,True,MoJw2s6q4P0,https://youtu.be/MoJw2s6q4P0?si=R2XibwgmtcN1lazL
967,RamNavami,Bhajan,Nagari Ho Ayodhya Si,Nagari Ho Ayodhya Si,True,ZkKStVgGEJY,https://youtu.be/ZkKStVgGEJY?si=3ByfjplaH0mUbK5v
968,RamNavami,Bhajan,मंगल भवन अमंगल हारी,मंगल भवन अमंगल हारी,True,0rWQi2OWezo,https://youtu.be/0rWQi2OWezo?si=B6lBpLuUPknXnb2D
969,RamNavami,Bhajan,भए प्रगट कृपाला दीनदयाला,भए प्रगट कृपाला दीनदयाला,True,6Jteav3K_NE,https://youtu.be/6Jteav3K_NE?si=dZWllCjfv1QFeiWq
970,RamNavami,Bhajan,सजा दो घर को गुलशन सा,सजा दो घर को गुलशन सा,True,1_u-Koe8aog,https://youtu.be/1_u-Koe8aog?si=JSm4ddAy1-X8oO5a
971,RamNavami,Bhajan,Ram Ji Ki Nikli Sawari,Ram Ji Ki Nikli Sawari,True,bZ-Zrc-GPoc,https://youtu.be/bZ-Zrc-GPoc?si=b8J0Kore8Q3bJWmI
972,RamNavami,Bhajan,हम कथा सुनाते राम सकल,हम कथा सुनाते राम सकल,True,tH93lLehjCs,https://youtu.be/tH93lLehjCs?si=AAx3xXPsrKqDHpjq
973,RamNavami,Bhajan,सुख के सब साथी दुःख में ना कोई,सुख के सब साथी दुःख में ना कोई,True,xpH5zFWvg1s,https://youtu.be/xpH5zFWvg1s?si=1eo0ik3s4y8o5a6b
974,RamNavami,Bhajan,ओ माँ मेरी झोपड़ी के भाग,ओ माँ मेरी झोपड़ी के भाग,True,hn6Im7ZMoG0,https://youtu.be/hn6Im7ZMoG0?si=RBopgQJXl954NTbC
975,RamNavami,Bhajan,Aarti Shri Banke Bihari Teri Aarti Gaun,Aarti Shri Banke Bihari Teri Aarti Gaun,True,6LO2PRgbutc,https://youtu.be/6LO2PRgbutc?si=vBmy2NmB3RzkWjbW
976,RamNavami,Bhajan,Ram Naam Ke Heere Moti,Ram Naam Ke Heere Moti,True,6BJR_j4FHz4,https://youtu.be/6BJR_j4FHz4?si=hRLU-bLSvuuKWHgs
977,HanumanJayanti,Mantra,Hanuman Mantra,Hanuman Mantra,True,Zagf46kv7p8,https://youtu.be/Zagf46kv7p8?si=adpqwJ6tLsIAHHr0
978,HanumanJayanti,Mantra,सिद्धि मंत्र,सिद्धि मंत्र,True,vlc0vWvSrOM,https://youtu.be/vlc0vWvSrOM?si=fvKhdLJK61GyaAFD
979,HanumanJayanti,Mantra,Manojavam Marutatulyavegam Mantra:,Manojavam Marutatulyavegam Mantra:,True,iWd6VAWduZg,https://youtu.be/iWd6VAWduZg?si=qrMcv4ayCSmC3X_q
980,HanumanJayanti,Mantra,सुरक्षा मंत्र,सुरक्षा मंत्र,True,LP86cJl-NGg,https://youtu.be/LP86cJl-NGg?si=A2Y5o-h90odc3XN9
981,HanumanJayanti,Mantra,Pramukh Mantra:,Pramukh Mantra:,True,FUpzgvsWkL8,https://youtu.be/FUpzgvsWkL8?si=XDpQmK9jpt227gC0
982,HanumanJayanti,Mantra,राम-दूत मंत्र,राम-दूत मंत्र,True,FEQubnAZXNg,https://youtu.be/FEQubnAZXNg?si=wgGHeAtzk-LuOioV
983,HanumanJayanti,Mantra,"Atulitbaladhamam Hemashailabhadeham,","Atulitbaladhamam Hemashailabhadeham,",True,CIl1O1GwOfk,https://youtu.be/CIl1O1GwOfk?si=0PLRHfGike1eIJPN
984,HanumanJayanti,Mantra,Hanuman Buddhi Stuti,Hanuman Buddhi Stuti,True,OOS-Pcovi-4,https://youtu.be/OOS-Pcovi-4?si=SyvUORCDLtjdVH2F
985,HanumanJayanti,Strotam,Hanuman Chalisa,Hanuman Chalisa,True,AETFvQonfV8,https://youtu.be/AETFvQonfV8?si=YezmW2nYi76Eoi6Q
986,HanumanJayanti,Strotam,Bajrang Baan,Bajrang Baan,True,h1lT6cxwsPw,https://youtu.be/h1lT6cxwsPw?si=KdhV4ABeZuxVKiuY
987,HanumanJayanti,Strotam,Sankatmochan Hanuman Ashtak,Sankatmochan Hanuman Ashtak,True,HH_a6aRO1TE,https://youtu.be/HH_a6aRO1TE?si=kxNH5n_ZR6TlNb72
988,HanumanJayanti,Strotam,सुंदरकांड,सुंदरकांड,True,qcaAso2kHqU,https://youtu.be/qcaAso2kHqU?si=wYOye8u3iEC2gtQo
989,HanumanJayanti,Strotam,हनुमान बाहुक,हनुमान बाहुक,True,gujH1r4nS6M,https://youtu.be/gujH1r4nS6M?si=VGRsX029QeuN9HXL
990,HanumanJayanti,Strotam,श्री हनुमत् स्तवन,श्री हनुमत् स्तवन,True,90Jg2ZI_RLo,https://youtu.be/90Jg2ZI_RLo?si=YIdpJ3jOCE_8ukk4
991,HanumanJayanti,Strotam,मारुति स्तोत्र,मारुति स्तोत्र,True,XIOhPTccsJQ,https://youtu.be/XIOhPTccsJQ?si=TaveHhRToZourDau
992,HanumanJayanti,Strotam,एकमुखी हनुमत् कवच,एकमुखी हनुमत् कवच,True,BugLdlv5EpQ,https://youtu.be/BugLdlv5EpQ?si=8ecd3j02yZo22upS
993,HanumanJayanti,Strotam,पंचमुखी हनुमान कवच,पंचमुखी हनुमान कवच,True,BzPbfftJ8Ho,https://youtu.be/BzPbfftJ8Ho?si=D5a89g51GA88L_N_
994,HanumanJayanti,Strotam,हनुमान साठिका,हनुमान साठिका,True,iuBOevhL-bU,https://youtu.be/iuBOevhL-bU?si=pFvhpdkxJl612MBp
995,HanumanJayanti,Bhajan,Duniya Chale Na Shri Ram Ke Bina,Duniya Chale Na Shri Ram Ke Bina,True,sDhrWWWBQLI,https://youtu.be/sDhrWWWBQLI?si=08qM_PSgcxvPDebN
996,HanumanJayanti,Bhajan,Bajrang Bali Meri Naav Chali,Bajrang Bali Meri Naav Chali,True,eH89BxWg9P4,https://youtu.be/eH89BxWg9P4?si=0zOcU8tr43L7aj2q
997,HanumanJayanti,Bhajan,बालाजी अच्छा लागे से,बालाजी अच्छा लागे से,True,nViaKp1JhsE,https://youtu.be/nViaKp1JhsE?si=nSahD2_AP3FA4jr5
998,HanumanJayanti,Bhajan,हनुमान जब चले,हनुमान जब चले,True,uPv-8-Dslos,https://youtu.be/uPv-8-Dslos?si=MPWZdugdmWCu9HWS
999,HanumanJayanti,Bhajan,राम जी का नाम लेकर,राम जी का नाम लेकर,True,rPUuIMR7IJg,https://youtu.be/rPUuIMR7IJg?si=plhMh38FMb-YkGTj
1000,HanumanJayanti,Bhajan,He Dukh Bhanjan Maruti Nandan,He Dukh Bhanjan Maruti Nandan,True,n4fZknyZlsk,https://youtu.be/n4fZknyZlsk?si=5tj8RlXP-RerHJhG
1001,HanumanJayanti,Katha,Hanuman Janm Katha,Hanuman Janm Katha,True,JGi64RoqZ9g,https://youtu.be/JGi64RoqZ9g?si=rwucrFkEivitDdFo
1002,HanumanJayanti,Katha,हनुमान जयंती कथा,हनुमान जयंती कथा,True,bUzIW_KDJ5Y,https://youtu.be/bUzIW_KDJ5Y?si=Ar0hLSyd5OzOyU-Q
